lead_id,source,status,time_to_first_interaction,interactions_7d,time_to_conversion,response_rate,sentiment_avg,industry,company_size,converted
1,meta_ads,lead,0.9385361799537182,3,,0.2217302789017885,2.92,finance,1,0
2,organic,lead,0.7255074589209543,2,,0.22066786485145337,2.76,other,2,0
3,meta_ads,prospect,3.075872022061824,0,,0.5781595463813841,2.9,education,1,0
4,meta_ads,prospect,2.3055015261973235,1,,0.3248485136137946,2.28,tech,3,0
5,meta_ads,lead,1.582447595963595,0,,0.3579287927839609,3.38,healthcare,2,0
6,meta_ads,prospect,0.6331208864176514,2,,0.1948482069209669,3.11,other,10,0
7,manual,lead,2.958967552483023,0,,0.32643436842516804,2.66,education,6,0
8,referral,customer,1.9526023834247481,1,3.7248835041035373,0.16333955154591318,4.86,tech,2,1
9,organic,prospect,0.2547447872310038,4,,0.008386526136976524,3.59,finance,2,0
10,referral,lead,1.4208743542683802,2,,0.295064933747821,3.0,finance,5,0
11,meta_ads,lead,2.006988381041062,2,,0.20209676646387698,2.8,tech,1,0
12,referral,customer,1.1141153854972288,2,7.148761593385558,0.24863702801067097,3.21,education,9,1
13,referral,customer,0.7807676057629488,2,35.677981382917,0.0443858001226034,3.56,other,1,1
14,manual,prospect,0.6532518420207387,1,,0.5729344873173073,3.49,retail,4,0
15,meta_ads,prospect,2.8677752524789257,1,,0.6522422663601021,2.51,other,1,0
16,referral,prospect,1.787556809189167,1,,0.14304669760935637,2.28,other,4,0
17,meta_ads,lead,0.9779174019622036,1,,0.1744335165862888,4.31,healthcare,6,0
18,referral,churned,1.6202647213730161,1,,0.19417904129626962,4.69,healthcare,4,0
19,meta_ads,lead,4.5481946982145045,3,,0.38688633601837824,5.0,retail,4,0
20,referral,lead,0.507899734616049,1,,0.2649960881384083,4.77,finance,4,0
21,organic,prospect,1.6800886111745148,0,,0.12360821187031687,4.38,other,3,0
22,meta_ads,prospect,3.1676505053767996,2,,0.3233125679320439,4.48,healthcare,4,0
23,organic,lead,0.3898671404496454,4,,0.18971603556616148,3.05,retail,2,0
24,referral,churned,3.8094533049561594,1,,0.3635043204195636,3.89,other,1,0
25,organic,prospect,1.9090614310354355,1,,0.418456720793273,2.54,tech,2,0
26,organic,customer,3.3147490145194247,4,16.009499323084874,0.3714155244187612,4.15,finance,2,1
27,manual,lead,0.9418735774551127,0,,0.18709845575885203,4.19,healthcare,1,0
28,referral,lead,0.07612699856557877,2,,0.0915891723359977,4.18,retail,1,0
29,manual,customer,0.10613019182061881,2,12.949605629166843,0.2286631457906413,3.06,other,1,1
30,manual,lead,0.05135521908294876,4,,0.05392738711732938,1.89,healthcare,4,0
31,organic,customer,0.6568245227779919,4,2.846612922740635,0.5414781386117564,3.94,education,2,1
32,referral,customer,0.2059138368956265,2,5.688991313023238,0.24538751725998095,4.82,retail,2,1
33,manual,lead,1.966249989565457,3,,0.3571642994808134,3.61,healthcare,2,0
34,manual,lead,2.061654315689964,3,,0.4201712006743498,3.71,tech,6,0
35,meta_ads,lead,0.04709400636142302,2,,0.2734943311969834,2.87,healthcare,1,0
36,manual,prospect,2.7775127920108496,3,,0.3406139814808546,3.3,retail,2,0
37,manual,prospect,2.779569432990922,1,,0.1942088664773542,3.26,retail,1,0
38,referral,churned,4.715814593924907,0,,0.23013313946401617,4.57,tech,2,0
39,meta_ads,prospect,0.7969726691007795,4,,0.16482088642585274,3.19,education,1,0
40,referral,customer,0.30861530908423873,2,0.8785552166860509,0.44090845856884253,3.73,finance,10,1
41,meta_ads,lead,0.9376751651045792,4,,0.17585352090409176,4.36,healthcare,1,0
42,manual,lead,1.3570102187459085,0,,0.213840859794547,2.67,other,3,0
43,referral,churned,6.549440418204754,1,,0.1805385721768274,3.57,healthcare,10,0
44,meta_ads,customer,0.15332275190890987,3,11.899012381167742,0.297223908507894,5.0,finance,1,1
45,organic,lead,0.6596854517975169,4,,0.38920956160019465,1.59,healthcare,6,0
46,meta_ads,prospect,2.3086591672976313,0,,0.2522962817817854,4.98,retail,9,0
47,meta_ads,lead,4.02078476009384,0,,0.2781585655929336,3.8,finance,2,0
48,referral,lead,7.007417108751925,3,,0.11593716560848508,3.55,healthcare,9,0
49,meta_ads,lead,3.7895440294184914,1,,0.07071682230323385,2.67,retail,4,0
50,meta_ads,churned,1.4692208483720754,3,,0.23917309018869998,4.47,education,1,0
51,organic,lead,2.8141149053251713,2,,0.6558794913544471,3.23,retail,3,0
52,organic,lead,3.0617434754394033,2,,0.5975170557330933,3.44,education,10,0
53,manual,churned,1.3569825853347195,1,,0.2513723087391529,2.4,education,2,0
54,organic,customer,4.5419482502567154,2,2.1355098099509506,0.3970577778972392,2.71,retail,1,1
55,referral,prospect,0.25711242698670506,1,,0.5786652674307131,4.01,education,1,0
56,manual,lead,4.136269396976181,1,,0.38017746210604847,4.26,healthcare,1,0
57,meta_ads,lead,0.9255702200487395,2,,0.5373999584146651,4.08,education,3,0
58,organic,prospect,1.5190590047061379,0,,0.5142097363627265,3.7,tech,2,0
59,meta_ads,customer,0.04055072150062903,1,3.9674923023198265,0.41885427714394874,3.58,tech,3,1
60,organic,lead,2.7364332976168186,1,,0.08554250989555942,2.19,tech,2,0
61,referral,lead,8.612391544339625,1,,0.20636937130196562,3.55,healthcare,2,0
62,referral,prospect,8.07728433203184,0,,0.18626162507282867,4.26,healthcare,4,0
63,organic,customer,5.300770189919911,2,14.674737584120885,0.2692615122421425,3.04,education,3,1
64,manual,lead,0.6811267368730836,1,,0.27705453281780307,3.55,retail,1,0
65,manual,lead,0.13094451754504977,3,,0.3513060098963538,1.73,tech,8,0
66,manual,lead,3.551214142283596,1,,0.11923167065213759,3.34,retail,6,0
67,manual,customer,0.3011164928283852,1,1.78715198965518,0.36884852544610003,4.37,tech,2,1
68,meta_ads,lead,3.3921653256961393,1,,0.1487381360543301,2.66,other,1,0
69,referral,customer,4.596679699101167,1,23.694956087096266,0.1259023703209695,2.63,tech,5,1
70,organic,lead,1.9355510151257047,3,,0.15204615864849627,2.64,education,3,0
71,manual,lead,2.8748274317195577,3,,0.5110780177325166,4.46,healthcare,4,0
72,referral,prospect,2.368003418175234,1,,0.6469429480208205,5.0,tech,9,0
73,manual,customer,0.33293910025700135,2,0.18276180406497233,0.46120209263068296,3.75,education,3,1
74,meta_ads,lead,1.1037490078456422,4,,0.04449414366737325,4.02,education,1,0
75,meta_ads,churned,0.8165297726014823,1,,0.2584988688589334,2.21,healthcare,5,0
76,organic,prospect,1.2037555469846788,1,,0.0955495534553982,2.18,retail,8,0
77,organic,customer,0.9000691660794565,2,10.89268197035989,0.09546755453795189,3.56,tech,5,1
78,organic,lead,0.4712056765005264,1,,0.7425445627543734,4.89,retail,2,0
79,referral,churned,1.0241964025498427,1,,0.02239495001733855,2.72,retail,2,0
80,referral,prospect,0.05142829746529406,0,,0.28538578892011157,4.22,other,1,0
81,manual,lead,0.21987211720274563,1,,0.13049057413559162,3.27,finance,4,0
82,organic,churned,3.871672674907859,2,,0.24622940796705625,1.83,education,7,0
83,meta_ads,customer,3.4013918060389567,1,4.7753980810853776,0.4416579437282198,2.09,tech,3,1
84,meta_ads,prospect,1.1458507901822241,2,,0.4149333511438054,5.0,education,1,0
85,organic,lead,0.3001488376614311,3,,0.34552495276305834,2.52,education,3,0
86,meta_ads,customer,2.107777267972054,1,0.11056729631697196,0.22078097776764183,1.66,tech,3,1
87,meta_ads,prospect,0.09620932858395444,0,,0.08964216616127382,2.74,healthcare,2,0
88,manual,lead,0.681304383908292,2,,0.1904597231543024,4.2,education,1,0
89,organic,prospect,1.8081213037461945,0,,0.6312213178472728,3.47,tech,4,0
90,meta_ads,prospect,1.1412479982577146,1,,0.6572787836516852,4.43,education,2,0
91,referral,churned,0.19210146921330645,1,,0.20388080864478686,3.88,healthcare,5,0
92,referral,lead,2.1504754303408053,2,,0.31367436208052146,3.71,retail,3,0
93,organic,prospect,4.94173052825106,0,,0.07847640863395768,3.46,finance,6,0
94,manual,lead,3.7228545465981577,2,,0.4169843039413512,3.19,tech,4,0
95,meta_ads,prospect,0.8306520261371341,1,,0.5828492903215645,4.37,education,3,0
96,meta_ads,lead,0.530431285931699,0,,0.243917511143926,3.55,healthcare,10,0
97,referral,lead,0.8637572336965674,2,,0.36999813069083026,1.82,finance,5,0
98,meta_ads,customer,0.5456582401191886,0,4.379193315941165,0.08783565839296884,2.73,finance,1,1
99,referral,lead,8.799955958224604,1,,0.09106540480228982,3.33,education,7,0
100,referral,prospect,5.791123206241664,2,,0.09572996679012921,5.0,other,1,0
101,meta_ads,prospect,0.38845154004673454,0,,0.41958907216723595,3.13,education,5,0
102,referral,churned,2.381590804842675,0,,0.1459186499802835,2.8,tech,3,0
103,organic,lead,1.7354116910589348,0,,0.17033948364468993,4.04,tech,3,0
104,organic,lead,0.18200979350470162,1,,0.43188494093632196,5.0,education,1,0
105,organic,customer,2.299340255194498,0,19.051986230442047,0.0870069347712954,2.37,healthcare,1,1
106,referral,prospect,4.217822870880717,6,,0.2745194498152759,3.13,finance,5,0
107,meta_ads,lead,0.35051686945912636,3,,0.13659390534852053,3.55,retail,1,0
108,referral,lead,2.010275055883101,2,,0.18302644004656152,4.11,finance,1,0
109,organic,prospect,5.536507853677537,1,,0.32837540816033733,3.67,finance,2,0
110,organic,customer,1.9399923809496695,0,20.521128448769126,0.1588387717025613,5.0,education,4,1
111,manual,prospect,1.180829974791417,2,,0.21788117118661038,3.0,tech,1,0
112,meta_ads,churned,0.1719461138047574,2,,0.37337115119161546,1.97,other,10,0
113,organic,prospect,1.0530091516908464,1,,0.16054312383018657,3.27,finance,6,0
114,organic,prospect,1.2819062294056274,1,,0.2729793046210924,4.14,tech,1,0
115,referral,lead,0.06613382669997142,3,,0.4223260762034517,2.74,tech,1,0
116,referral,lead,1.352952026818662,0,,0.053772034399627494,3.22,healthcare,1,0
117,meta_ads,lead,0.9967849941714344,2,,0.22849134700698326,3.98,education,2,0
118,manual,churned,0.22170710161909227,2,,0.6055182501640242,2.62,other,2,0
119,organic,churned,0.0675336914110481,0,,0.2516730269471011,2.44,healthcare,5,0
120,organic,churned,0.4466627485156944,0,,0.39437297339608324,5.0,healthcare,7,0
121,manual,lead,2.5041349457440525,2,,0.306400916993432,4.45,other,2,0
122,referral,customer,2.0632780034401774,2,0.6225003131901508,0.20598588339659363,4.02,retail,4,1
123,organic,lead,1.3790902174468676,2,,0.17826896225559602,3.62,other,4,0
124,meta_ads,lead,0.14987474366858658,0,,0.4151180170619966,3.02,tech,2,0
125,manual,lead,0.9273713010945941,1,,0.6943876309535432,5.0,retail,3,0
126,referral,lead,4.133812682535534,2,,0.36636506600448154,4.88,healthcare,1,0
127,organic,lead,2.5163298182542198,1,,0.38479595168504765,4.67,healthcare,7,0
128,manual,lead,1.1786746511199115,1,,0.09648555828316811,4.31,tech,2,0
129,referral,lead,2.96978338141433,0,,0.20257279656800548,3.23,education,1,0
130,manual,prospect,1.466996690859163,2,,0.5400435969214911,4.35,education,2,0
131,referral,churned,3.7179849813523003,3,,0.4567828105565552,3.46,tech,9,0
132,referral,lead,0.08027683281876447,0,,0.3840811292272226,4.42,finance,2,0
133,meta_ads,lead,1.4496721373955421,2,,0.2233708306882211,2.46,retail,4,0
134,referral,customer,7.007260780458419,0,11.165790839045362,0.4454582488029295,3.47,finance,3,1
135,manual,prospect,4.0636658187358226,1,,0.43748365008660167,4.69,education,4,0
136,meta_ads,lead,1.0013031297917176,1,,0.4456539357188142,4.06,education,2,0
137,organic,lead,0.7921184495820129,4,,0.30546718437913645,2.47,other,2,0
138,manual,lead,0.9128691252583723,2,,0.0814538960915994,3.67,education,4,0
139,organic,lead,1.9324874602968365,1,,0.4585616130102543,5.0,tech,2,0
140,referral,prospect,0.9567027297976104,2,,0.41019293380539773,4.26,other,1,0
141,meta_ads,customer,5.235538332447438,0,27.24728923000118,0.3092305884254028,2.55,finance,2,1
142,referral,prospect,0.7342875743225572,2,,0.40672235703227994,3.37,finance,4,0
143,manual,prospect,0.4004131229672945,2,,0.14914311787937584,3.42,education,1,0
144,organic,lead,2.0056119671487047,4,,0.5009887892358241,3.22,other,1,0
145,manual,prospect,3.0330385915848974,2,,0.3528491869959697,2.72,healthcare,3,0
146,referral,prospect,0.36787982984631584,2,,0.2940024136974748,4.96,tech,3,0
147,referral,lead,8.810266326762653,0,,0.12005163698648764,1.59,retail,4,0
148,referral,prospect,9.47877361572874,0,,0.36683433051323155,2.4,retail,2,0
149,organic,prospect,0.14390272146325966,1,,0.14871753755272657,1.94,other,4,0
150,organic,prospect,1.5226712651494634,1,,0.21041933340068442,3.6,finance,10,0
151,referral,lead,0.38547832588140707,1,,0.17397308091738592,2.6,healthcare,2,0
152,referral,lead,2.186722545752177,2,,0.14184427607987107,3.64,healthcare,3,0
153,organic,lead,0.1866979590860436,1,,0.2847623957206698,2.43,healthcare,2,0
154,manual,prospect,0.18344728114475525,2,,0.0645160592043642,2.37,tech,8,0
155,manual,prospect,1.374185025841579,2,,0.13162985128090457,4.07,other,2,0
156,organic,customer,0.16876265840149893,1,11.87283150977474,0.34953064387716093,3.67,retail,1,1
157,manual,lead,3.961213086672902,3,,0.4150593479779625,2.89,healthcare,1,0
158,meta_ads,customer,0.2904360646571272,3,3.736992283307041,0.32997473872452576,3.36,tech,1,1
159,manual,lead,1.9330005690115275,1,,0.1696885774771517,2.94,other,1,0
160,manual,lead,0.7227294118822196,0,,0.20207706476925025,2.77,healthcare,6,0
161,meta_ads,prospect,1.9101641532397473,1,,0.009331662413664895,2.13,retail,2,0
162,referral,churned,1.069313869240268,3,,0.2646356526447804,3.48,retail,5,0
163,manual,customer,0.29493543466777855,1,0.1219483024877762,0.12952811832274264,2.31,education,2,1
164,manual,customer,2.6739197560495818,1,5.016615401585782,0.2332775978197787,3.71,other,5,1
165,manual,prospect,0.7578612512081025,2,,0.18278005313467782,3.78,healthcare,3,0
166,referral,customer,0.1379544015638108,1,13.37251919142745,0.41127266938180707,3.59,education,4,1
167,manual,prospect,0.14962885926925268,0,,0.09328452365912893,4.18,finance,1,0
168,manual,lead,0.3825857629100438,0,,0.5351068081746406,4.38,finance,1,0
169,organic,lead,6.875310005674686,2,,0.12350886549455443,4.14,finance,3,0
170,meta_ads,lead,0.08571317461821808,3,,0.30139775892701115,4.01,healthcare,4,0
171,manual,prospect,0.2741513239607699,2,,0.29150153692373215,3.28,other,7,0
172,organic,lead,2.0758481621524556,2,,0.23618518105343114,3.78,retail,2,0
173,referral,prospect,3.6903021741469035,3,,0.3098180569527497,3.41,retail,4,0
174,meta_ads,lead,3.4051395613916924,0,,0.21123908717959244,4.22,retail,3,0
175,manual,churned,1.420019300136812,1,,0.33897740333383863,3.36,education,1,0
176,meta_ads,customer,0.5665273347157338,2,5.133192567214193,0.09213801746630822,2.1,education,3,1
177,manual,prospect,0.4165708012669001,2,,0.13296735647492133,2.68,finance,4,0
178,referral,customer,4.346551358926028,2,11.894722687558444,0.07185684074637412,4.76,retail,1,1
179,organic,prospect,1.7744459787556734,2,,0.3029756556287592,4.52,finance,1,0
180,manual,prospect,3.486503377622462,1,,0.2536651965733706,2.85,retail,5,0
181,referral,prospect,1.4565916664303762,1,,0.34874978894266,5.0,retail,10,0
182,organic,customer,5.409511208808631,2,15.401526347430927,0.25617114588248413,3.2,healthcare,3,1
183,meta_ads,churned,1.772344565063478,0,,0.14322700608736835,2.97,education,3,0
184,meta_ads,lead,0.7097119801597861,2,,0.42338142955176616,3.9,retail,2,0
185,organic,customer,1.3193043951075851,0,0.8403564207332337,0.14476908879022118,2.9,healthcare,3,1
186,meta_ads,lead,0.29087039905574946,3,,0.450914348821,2.61,finance,8,0
187,organic,prospect,0.5741543771272133,1,,0.5191348577625704,1.08,finance,2,0
188,manual,lead,4.601839874017654,0,,0.39086529782203766,4.02,retail,1,0
189,referral,customer,1.0852977045945922,1,39.79076178841682,0.5437183231209585,3.97,retail,3,1
190,meta_ads,customer,0.8600475535058212,0,1.639868637214363,0.2080171647947624,3.05,tech,3,1
191,referral,lead,0.2438130126825958,2,,0.18412354476437526,2.23,tech,9,0
192,meta_ads,customer,3.79391161646937,2,10.526073343140585,0.25265851200104045,2.77,healthcare,2,1
193,organic,customer,0.10670994701689866,1,2.9924309074837026,0.27855361921888466,3.82,education,7,1
194,organic,lead,4.089360360204873,1,,0.23087817658681428,2.76,retail,3,0
195,meta_ads,prospect,1.3775634780977841,0,,0.3676467924858061,1.67,healthcare,5,0
196,manual,prospect,1.7235736818792897,2,,0.43710900780333933,3.62,finance,5,0
197,organic,prospect,0.7618230895914206,2,,0.22492567232877775,3.3,other,3,0
198,meta_ads,customer,0.1743080506673147,4,41.42085376451174,0.17308129048181864,3.93,healthcare,2,1
199,referral,lead,0.3540314889653688,0,,0.2251523241236118,3.69,tech,1,0
200,referral,prospect,3.9063517051371166,3,,0.22462597703967863,4.81,retail,3,0
201,manual,churned,3.523421990534848,1,,0.33552196724204514,3.11,healthcare,2,0
202,meta_ads,prospect,2.7632213889676454,2,,0.11639744736970996,3.48,other,1,0
203,organic,lead,2.2551198890215107,1,,0.16912953482237678,4.88,finance,3,0
204,meta_ads,customer,0.7285811003779642,0,0.3375261921056072,0.36313258981410407,3.68,education,5,1
205,meta_ads,lead,3.1065626868274028,1,,0.24742466684009712,1.8,retail,6,0
206,referral,lead,1.5821737979715287,2,,0.02699579636014965,3.92,other,2,0
207,referral,lead,4.833079569227942,2,,0.4611801911229351,3.84,retail,3,0
208,manual,lead,0.20303464305301905,1,,0.12719305508576628,1.88,finance,2,0
209,manual,customer,2.7188624456540524,0,23.319623621911788,0.2488581173559915,4.23,retail,1,1
210,organic,customer,1.7484118784391343,3,17.800691543267394,0.1544066733687986,4.14,other,7,1
211,referral,prospect,1.6962006741298403,1,,0.3569250882591799,3.36,education,3,0
212,manual,prospect,1.995584919381853,2,,0.4369362300726812,2.66,other,4,0
213,referral,lead,6.012820262463886,3,,0.263876045647197,3.28,healthcare,1,0
214,meta_ads,lead,1.887221450279832,1,,0.04018927698657087,2.75,retail,3,0
215,organic,customer,1.4376182019761252,2,0.9112101011657558,0.12664198352025807,3.48,education,4,1
216,manual,lead,9.87203148395622,0,,0.60418550761169,1.64,retail,8,0
217,referral,lead,2.503755232338851,1,,0.1829529702133428,5.0,healthcare,1,0
218,referral,customer,0.9684935922987209,1,1.289988236641173,0.4149878352274371,3.58,finance,2,1
219,referral,customer,5.685188611055682,2,9.005669785734462,0.23043701780743356,3.56,other,1,1
220,referral,prospect,0.02355134522896405,1,,0.1970381090417959,3.59,education,3,0
221,organic,lead,0.8406520323821158,4,,0.07358583210337366,4.89,other,6,0
222,manual,prospect,3.897701664515891,2,,0.14430770670213178,1.84,healthcare,4,0
223,manual,prospect,0.9385770084815598,0,,0.12598603371079212,4.81,retail,2,0
224,manual,customer,0.14882625955254905,1,11.304765231587016,0.6289045661822489,2.91,tech,2,1
225,referral,lead,2.3312628770386494,0,,0.19553686038192447,3.06,other,1,0
226,organic,lead,0.982002725260163,0,,0.2702231958628253,5.0,education,7,0
227,referral,prospect,0.24691084699573063,3,,0.1457528680367837,3.68,education,3,0
228,referral,prospect,2.8701442766129914,2,,0.1868439114786559,2.63,other,3,0
229,referral,lead,0.8532049910342017,1,,0.6717206726897923,4.6,retail,3,0
230,referral,lead,0.4495700651715701,1,,0.7315725514860003,3.74,healthcare,8,0
231,meta_ads,customer,2.56129906704759,2,15.63078291428235,0.33965090833197376,3.88,finance,2,1
232,meta_ads,customer,3.983557750530425,1,3.3656921906007593,0.31796739193807555,4.87,other,3,1
233,organic,lead,1.7220859223471001,4,,0.33880227017126524,3.31,other,6,0
234,manual,lead,4.471539678574234,0,,0.3723305534478681,1.0,education,8,0
235,referral,churned,0.038602338731171686,3,,0.26936862004967255,2.61,healthcare,10,0
236,referral,lead,0.017805595344570473,3,,0.1266709462680341,4.02,healthcare,1,0
237,referral,lead,2.800201847208508,4,,0.3517350743128242,2.82,education,2,0
238,organic,lead,0.23531180975614502,2,,0.4732850244472681,3.71,tech,3,0
239,referral,prospect,3.1647697803952357,1,,0.3080163474271066,4.37,healthcare,8,0
240,manual,lead,1.0387329683550672,2,,0.16820153971365323,3.52,tech,2,0
241,referral,prospect,2.0872112369509677,0,,0.18916653686768803,2.85,retail,4,0
242,referral,lead,0.5539635317830209,4,,0.37203461286412204,4.39,tech,2,0
243,referral,churned,0.28734438981459237,1,,0.09758459781605673,3.17,retail,6,0
244,meta_ads,customer,0.007654474392792114,1,3.801923951197497,0.44684803296561476,2.68,retail,2,1
245,manual,lead,3.1111543154627013,3,,0.13224737089529168,4.02,other,4,0
246,meta_ads,lead,6.765585882081083,3,,0.11793718595935127,4.7,education,2,0
247,referral,lead,6.283821025088229,1,,0.08886206292080583,4.74,healthcare,6,0
248,meta_ads,prospect,0.47649928870812497,3,,0.3855433086965415,4.32,retail,4,0
249,organic,customer,2.683387507570942,1,5.027432205813675,0.10856566389587699,2.96,retail,1,1
250,manual,churned,1.4507701759768121,2,,0.25908831203733673,2.51,finance,2,0
251,manual,lead,1.5140392750266451,1,,0.3497807624177617,4.55,education,5,0
252,meta_ads,prospect,1.4733458524055132,1,,0.12495872329747343,4.09,other,1,0
253,meta_ads,churned,0.035416465412930004,2,,0.1952811034168694,3.66,healthcare,6,0
254,organic,lead,0.047755566831033,4,,0.28044079957276746,1.86,tech,2,0
255,organic,lead,0.11916978012496816,6,,0.12891440825498135,4.78,education,3,0
256,meta_ads,lead,0.3179040313356503,2,,0.44397613330208624,2.24,retail,2,0
257,manual,prospect,1.2697122742597884,2,,0.06935428998768027,1.89,retail,3,0
258,referral,lead,2.2764970525465125,0,,0.30892736170675655,4.87,finance,2,0
259,referral,customer,0.08978541780031406,0,5.8976356742227605,0.2955901152506459,3.55,retail,1,1
260,meta_ads,prospect,1.1489366859856192,1,,0.2740968210693511,3.52,finance,1,0
261,organic,prospect,1.2959656642766406,1,,0.3524777611428312,3.49,education,1,0
262,organic,prospect,0.01815912770180857,2,,0.5811945036864425,2.42,finance,4,0
263,organic,lead,0.20052324607333796,1,,0.5954379734962468,4.24,healthcare,10,0
264,referral,prospect,0.09190212436336548,2,,0.46150208888589583,4.51,education,1,0
265,referral,prospect,1.660565681903547,2,,0.36797659433535934,3.09,retail,10,0
266,referral,prospect,1.7427412983477275,2,,0.4769413920841642,2.17,finance,9,0
267,manual,prospect,4.461612458394614,2,,0.08072398199878913,4.39,education,1,0
268,meta_ads,customer,0.14763387400605255,0,28.26572293283546,0.1290022479915906,3.13,other,2,1
269,referral,prospect,2.3658455543326977,2,,0.198215796483593,4.19,tech,1,0
270,meta_ads,lead,7.229635072557551,1,,0.010250386992390887,2.35,other,6,0
271,meta_ads,churned,1.0985411587744511,1,,0.33564947763074454,4.96,other,4,0
272,referral,prospect,0.16340911090966223,2,,0.04549801380789023,3.61,healthcare,1,0
273,manual,prospect,1.8403659903244876,1,,0.1890064059187979,4.11,retail,6,0
274,referral,lead,2.3894274834967595,3,,0.2743473389866996,4.18,education,1,0
275,manual,prospect,0.847284488332029,3,,0.20037644373250124,2.41,retail,5,0
276,meta_ads,prospect,2.651858563944405,1,,0.2112360269011188,3.95,retail,4,0
277,referral,lead,3.3979392020186507,2,,0.5267666218862919,3.74,tech,2,0
278,organic,lead,0.28247062022898545,1,,0.39737213198896054,3.11,other,5,0
279,manual,lead,0.5766122643864525,4,,0.19847021928121775,2.47,retail,3,0
280,meta_ads,prospect,0.813081269565668,2,,0.11307974002231604,1.79,finance,2,0
281,referral,lead,0.11649940764779618,3,,0.0864481433728293,3.21,retail,1,0
282,meta_ads,prospect,1.1313343680919619,1,,0.2041190993783222,2.58,education,4,0
283,manual,prospect,1.0988856460398193,1,,0.1934013000760497,4.45,healthcare,10,0
284,referral,prospect,1.8508506538853347,0,,0.09963246503558797,3.69,retail,3,0
285,manual,customer,1.9544649426011678,1,0.15226013884891113,0.3403241826897958,4.16,healthcare,7,1
286,referral,prospect,5.864903921885126,0,,0.0798333766289793,3.78,finance,4,0
287,manual,customer,2.2795679726983553,1,8.744917510906712,0.3943123177223955,3.11,retail,4,1
288,meta_ads,lead,7.545126951371329,0,,0.42776539780703615,3.36,other,8,0
289,organic,customer,1.1383965114424754,1,12.853557519560594,0.27349370783515065,4.31,finance,1,1
290,meta_ads,prospect,0.4444637751787968,2,,0.17427239031297462,2.63,tech,1,0
291,organic,churned,1.228452110684271,3,,0.2939080116044678,3.98,tech,5,0
292,manual,churned,2.6781910647468012,1,,0.09491405181535507,4.27,other,1,0
293,organic,prospect,0.9191529071062944,3,,0.06871526011168509,5.0,other,9,0
294,referral,prospect,0.13229316618459816,2,,0.15406061896409162,1.58,finance,3,0
295,manual,customer,5.2376249022491566,0,14.457927117388012,0.6459463756327319,4.04,retail,7,1
296,organic,prospect,3.365369125322815,1,,0.19517346663422144,2.67,healthcare,3,0
297,manual,lead,0.8828664758345155,3,,0.20213314743821845,4.56,education,3,0
298,organic,customer,0.4310033200163549,5,9.430114594270497,0.049902010095686594,4.03,finance,1,1
299,manual,lead,0.25010924469232565,0,,0.15987138726013125,3.22,education,2,0
300,referral,customer,0.22263530282193345,0,7.323550010191644,0.4999163989781202,2.94,finance,10,1
301,referral,customer,1.9157910963019935,2,7.7849812701981635,0.32285308163370297,4.52,education,3,1
302,manual,customer,1.520729257014458,0,9.304857291327357,0.31507262106358996,3.09,retail,1,1
303,manual,lead,0.9946982593233696,1,,0.009083207941940705,3.45,education,3,0
304,manual,prospect,1.9800169421281837,1,,0.13980144846083425,5.0,finance,6,0
305,organic,churned,3.7071782729358422,1,,0.13957150622671047,3.41,healthcare,1,0
306,manual,lead,0.9814777400702991,2,,0.45120740332743886,4.44,retail,10,0
307,meta_ads,lead,0.13776731471825468,1,,0.5042377215559561,1.62,retail,1,0
308,manual,lead,0.8631681178007634,1,,0.21320431481356367,3.22,other,4,0
309,organic,prospect,0.016797707424233577,0,,0.11490367851725214,3.77,tech,1,0
310,organic,prospect,2.9092753118199584,4,,0.37744445875782523,5.0,education,1,0
311,referral,customer,0.43376438892167374,5,21.993782101996537,0.41950089853713385,2.51,retail,1,1
312,meta_ads,prospect,0.7532504339505985,1,,0.4039133199227662,4.4,retail,1,0
313,meta_ads,customer,2.382482689707693,2,15.90819567208323,0.5426745495087822,2.08,retail,1,1
314,organic,lead,0.42373123658539136,1,,0.34399043222992176,2.27,finance,5,0
315,referral,prospect,2.86133974825304,0,,0.3603242645385174,3.85,retail,1,0
316,meta_ads,customer,2.1983092192290163,3,23.122405138111795,0.2842255949831302,4.26,other,6,1
317,manual,churned,12.088294372086468,1,,0.2488800453202235,2.9,other,2,0
318,manual,customer,2.124610895899333,1,14.454219963349102,0.3966647319891267,4.57,tech,3,1
319,meta_ads,lead,3.9965822338664396,4,,0.7176272429969867,2.95,other,8,0
320,referral,churned,5.294084811731123,1,,0.2759627093661234,5.0,other,4,0
321,meta_ads,prospect,0.9340086422926958,1,,0.12732005345088054,4.58,tech,1,0
322,meta_ads,prospect,0.33969512794191453,2,,0.10937105973986727,4.02,other,4,0
323,referral,churned,3.642232074700217,3,,0.4370412138744599,2.35,tech,8,0
324,referral,customer,1.7502534522228945,1,0.5338954469916886,0.29510194685681723,2.37,finance,6,1
325,referral,lead,4.344753549321048,0,,0.27476823517582805,2.87,healthcare,1,0
326,organic,prospect,4.553169418958063,4,,0.20317020518670395,3.29,education,1,0
327,organic,lead,0.47345352761002546,1,,0.31909449915016774,3.04,tech,2,0
328,manual,prospect,0.7115888739842574,1,,0.26401838088590207,4.1,healthcare,1,0
329,manual,churned,0.8390625889351182,1,,0.3910227084463898,3.35,healthcare,5,0
330,organic,prospect,0.29502532626943795,2,,0.060137765354964234,1.61,finance,6,0
331,manual,lead,0.11733287549123396,1,,0.1092555221199918,4.31,tech,6,0
332,manual,churned,0.7533923521313282,4,,0.4171371381742966,4.75,other,2,0
333,organic,lead,3.9292946446088846,1,,0.3012410653991928,3.84,finance,10,0
334,referral,prospect,0.3859359645019424,2,,0.0779212882975295,2.61,retail,3,0
335,referral,prospect,0.4097978903413981,1,,0.38506352341510525,4.33,finance,10,0
336,organic,churned,1.6938114009570275,0,,0.5095468704951628,4.68,retail,5,0
337,meta_ads,lead,0.385042329104034,1,,0.3293474159347818,4.04,education,1,0
338,referral,prospect,4.0907610665774445,3,,0.04443763713492062,2.56,other,1,0
339,referral,lead,4.781402564769317,1,,0.1712798432441303,2.29,other,3,0
340,manual,lead,15.44705904412492,3,,0.5680026195938865,4.01,education,1,0
341,meta_ads,churned,0.07107105312942996,2,,0.7486677027181838,3.08,other,1,0
342,manual,customer,2.579048944220171,0,9.373088225665997,0.18635588278319157,4.93,finance,1,1
343,organic,prospect,2.9635976126377273,1,,0.187561646299429,4.17,finance,1,0
344,organic,prospect,3.5072929037568508,2,,0.23966945718294025,3.38,education,3,0
345,referral,prospect,2.2695152733625146,4,,0.22302652349309646,4.97,other,2,0
346,organic,prospect,0.8309456285080682,0,,0.07630993073207304,4.14,other,1,0
347,meta_ads,lead,0.19381607324077602,0,,0.22791490046326654,1.0,retail,2,0
348,meta_ads,prospect,2.168907782794871,5,,0.49847631820380756,3.23,other,4,0
349,organic,lead,0.6339009716207856,0,,0.4533323589203483,1.62,finance,1,0
350,referral,customer,2.6554913419744177,1,6.788884896425268,0.5955474739892773,3.62,healthcare,7,1
351,organic,lead,0.8430599798391506,4,,0.13792206095364298,4.36,education,1,0
352,referral,prospect,3.5037441973511543,1,,0.06323795288898568,4.1,finance,4,0
353,organic,lead,1.5198216883766327,0,,0.4506105536426928,1.59,retail,1,0
354,referral,customer,0.10841667349013095,2,9.518409858574385,0.3175954590017303,4.53,finance,6,1
355,meta_ads,prospect,1.2976880334835583,1,,0.12287989871766325,1.98,tech,6,0
356,organic,customer,0.5001013879775742,3,6.145652746364185,0.006314797916398514,3.95,healthcare,1,1
357,manual,churned,1.2909865302943977,1,,0.2824539244367522,3.37,education,1,0
358,referral,lead,1.8976063366165858,2,,0.4013009258008206,4.64,retail,6,0
359,meta_ads,lead,1.8926290379403965,1,,0.2941733578939732,2.94,tech,2,0
360,manual,lead,0.40124529087558436,0,,0.3032662432944488,2.97,other,7,0
361,referral,prospect,1.628553930414228,1,,0.34373937113770386,4.87,other,2,0
362,referral,lead,2.7918643706313087,2,,0.5135757231565317,3.77,healthcare,3,0
363,manual,lead,3.7243541128698676,1,,0.21126475493720182,1.55,education,3,0
364,referral,churned,0.7867110408799737,0,,0.29393240112032726,3.92,healthcare,2,0
365,meta_ads,prospect,2.223961441097876,4,,0.39558453431353435,2.21,retail,2,0
366,referral,prospect,1.5813371902895457,1,,0.2245706289690891,3.02,tech,1,0
367,organic,lead,0.9987953694333348,0,,0.09772236198264098,3.13,tech,7,0
368,referral,churned,5.2199548984198305,1,,0.40041885837616165,4.82,tech,3,0
369,meta_ads,lead,0.022733791324836466,2,,0.38666083051023814,2.48,education,8,0
370,organic,lead,0.9391177619454292,1,,0.4783468043579414,4.14,finance,8,0
371,manual,prospect,0.20043844572750685,1,,0.5738750900788668,3.13,other,2,0
372,organic,customer,1.5097923629609291,0,8.486224532681884,0.2879111698952228,2.69,other,2,1
373,meta_ads,customer,2.2769770663103026,0,0.3528806854202966,0.13741966100895317,4.11,education,1,1
374,manual,churned,4.344624912940855,2,,0.0983249644549877,4.48,finance,2,0
375,meta_ads,prospect,0.33995682527511906,2,,0.26164069444533916,5.0,healthcare,2,0
376,manual,prospect,1.2610254889028178,2,,0.6241118330017823,3.69,healthcare,6,0
377,referral,lead,1.6247205934233813,1,,0.2671090967657766,2.78,other,7,0
378,referral,prospect,0.21704789954796513,0,,0.14296821809385818,5.0,other,3,0
379,referral,lead,1.1209506069855544,1,,0.534554590318626,4.26,finance,5,0
380,organic,churned,0.49362771360021784,0,,0.42034623328483417,2.65,retail,2,0
381,meta_ads,prospect,5.2861983695115065,1,,0.4741410088709529,3.18,other,3,0
382,meta_ads,lead,1.1116402499791438,1,,0.5768056895852187,3.68,finance,3,0
383,organic,churned,1.3874088123936774,0,,0.6257518883853295,4.56,education,2,0
384,organic,lead,0.30929167510138744,1,,0.514356364383876,4.68,education,9,0
385,organic,prospect,0.7014541850473619,0,,0.3702619002324153,2.36,healthcare,3,0
386,referral,customer,0.032753628348681035,2,8.132343327851878,0.16507969410023385,3.73,education,1,1
387,meta_ads,lead,1.0284200785166,2,,0.47272520734627144,4.86,healthcare,1,0
388,organic,prospect,1.5543597713604989,4,,0.020954838001879143,3.17,healthcare,2,0
389,meta_ads,prospect,0.2032789707668261,0,,0.1428235445161174,1.01,tech,10,0
390,organic,lead,1.747969035560285,2,,0.6277239733678208,3.84,healthcare,1,0
391,referral,lead,1.727835455255585,4,,0.2214066714663311,3.95,finance,2,0
392,meta_ads,lead,1.1705011099140665,2,,0.35926527588984386,3.7,retail,3,0
393,meta_ads,customer,0.5324695497722591,2,6.8941404448761645,0.1959401147593613,2.42,retail,7,1
394,manual,customer,3.3206669960775943,2,10.243368730946447,0.09410779357588527,4.21,education,1,1
395,meta_ads,prospect,0.7589315322466583,0,,0.33037380134393224,4.73,healthcare,2,0
396,meta_ads,customer,2.823255447557461,1,27.292214715342705,0.21425064305656616,2.91,other,2,1
397,referral,prospect,1.410162839568141,0,,0.3605837667962408,1.81,tech,7,0
398,meta_ads,churned,1.0716909028020185,2,,0.1752910699720822,3.9,retail,1,0
399,manual,prospect,1.297939810195856,2,,0.31058830541103943,2.54,retail,4,0
400,manual,lead,0.46848719780072323,0,,0.4493230296578294,4.61,tech,3,0
401,referral,prospect,0.16519923092348773,2,,0.18735572081859092,3.42,tech,3,0
402,organic,lead,0.16810150285514008,4,,0.6337271424536701,3.7,other,1,0
403,referral,lead,4.1610221247649495,1,,0.2573326504145792,3.01,education,3,0
404,referral,prospect,5.495784359757096,4,,0.13093248853028094,2.24,education,1,0
405,manual,lead,1.8298889752290728,2,,0.4555186212889581,4.71,other,5,0
406,meta_ads,customer,1.6179558578874482,4,31.68797441431948,0.49244241405815076,2.21,other,1,1
407,organic,prospect,1.8544977053136842,2,,0.3188688939672844,2.7,healthcare,1,0
408,manual,lead,0.4520302134673321,1,,0.6559332560944722,3.3,retail,3,0
409,manual,prospect,0.1280989709773141,0,,0.2104058434186156,3.68,tech,10,0
410,referral,prospect,0.09984078691583852,0,,0.5019462174860191,3.01,other,1,0
411,referral,lead,0.3723870621674786,0,,0.603709595670647,3.62,healthcare,10,0
412,manual,lead,2.3060160376435577,1,,0.6951814260779311,4.65,tech,2,0
413,meta_ads,prospect,1.345293813085144,1,,0.4595008256903631,4.01,other,2,0
414,referral,customer,0.9989378105342606,1,1.972707055238353,0.2630434860292761,2.6,education,5,1
415,meta_ads,prospect,9.789607031668986,1,,0.1161948279964851,2.13,education,10,0
416,referral,prospect,0.399078430580872,2,,0.7332807247629912,2.7,retail,2,0
417,referral,customer,1.5907515009003133,1,56.62537503605446,0.4418562788367157,5.0,retail,1,1
418,meta_ads,churned,5.962598120437668,3,,0.6164455622139405,4.64,education,3,0
419,referral,lead,0.35218082328368844,2,,0.03488702510645682,2.88,education,1,0
420,organic,lead,2.374579614228945,3,,0.11630993301989342,3.85,retail,2,0
421,organic,customer,0.012970684466760604,1,13.26548433799724,0.5466598424413069,3.62,finance,2,1
422,referral,lead,0.19174906003761322,2,,0.403687307292072,3.73,finance,7,0
423,organic,customer,1.8173656084406764,4,1.9940889810627356,0.5028248327328118,2.75,education,3,1
424,meta_ads,prospect,1.7734232260072749,2,,0.07386243675177125,4.84,other,5,0
425,referral,lead,5.398763929908591,0,,0.4550904824592667,4.5,finance,4,0
426,referral,churned,2.2730433360437945,3,,0.3378848150670492,5.0,finance,1,0
427,meta_ads,lead,2.8379691914966236,2,,0.2602247049956521,3.61,healthcare,2,0
428,manual,lead,3.0455198845081783,3,,0.41560866545120556,3.52,other,2,0
429,meta_ads,lead,1.1153681583568626,2,,0.11533593982621206,2.86,education,8,0
430,organic,lead,0.9248081524660026,3,,0.20886191890439115,2.51,retail,1,0
431,referral,lead,0.7623528276288257,2,,0.22442850680796944,4.05,finance,4,0
432,referral,customer,5.801719454651589,2,10.37681953636756,0.12048105868362122,3.37,education,4,1
433,meta_ads,customer,2.78724344925305,3,1.4120291903516644,0.2414750234077994,4.65,healthcare,7,1
434,organic,customer,0.3699103555514436,0,12.639528090364834,0.45368092410878685,3.68,tech,1,1
435,meta_ads,lead,2.5486760811956506,2,,0.39175451913721765,4.34,other,6,0
436,manual,prospect,2.2234739670048786,2,,0.15990309744315542,4.57,retail,1,0
437,manual,lead,0.5721448405788696,2,,0.4343148679792162,3.54,education,2,0
438,meta_ads,lead,0.8434683222949203,2,,0.7069398340941843,3.39,tech,3,0
439,referral,prospect,1.0727848878708444,2,,0.24492858313333166,4.36,education,3,0
440,manual,prospect,0.7738399032231565,4,,0.17153955091013864,2.15,finance,1,0
441,meta_ads,lead,4.9302442276056935,2,,0.29586611715752553,1.32,education,2,0
442,meta_ads,lead,1.9421836277527298,1,,0.30053343332717736,3.05,finance,2,0
443,organic,customer,1.1746338152728044,4,15.05286506629469,0.307508825687034,2.69,finance,3,1
444,referral,lead,9.690828105307721,1,,0.5723036497162419,2.98,tech,2,0
445,manual,customer,3.5149908163979378,0,3.6790801361594245,0.20879958971325172,1.73,healthcare,2,1
446,organic,lead,0.9459902156296486,3,,0.4622794555815646,2.44,other,1,0
447,organic,prospect,3.0572042471916068,0,,0.12362132423515675,3.99,other,3,0
448,referral,lead,0.16210889777456494,2,,0.11239014792920009,3.57,other,8,0
449,meta_ads,prospect,3.4254330773195676,1,,0.19667180506899534,2.28,retail,4,0
450,meta_ads,customer,0.36680397482875743,1,15.91797235781115,0.3991161290179632,3.92,education,1,1
451,manual,prospect,0.9475837569686868,1,,0.21076375877040923,4.06,other,1,0
452,manual,lead,2.8837481310976556,0,,0.15583984585005672,2.93,retail,3,0
453,meta_ads,churned,0.42642625503133375,0,,0.232276804595131,2.25,healthcare,4,0
454,manual,customer,0.8799819717647553,0,9.074971971129079,0.17433233996413344,3.19,finance,1,1
455,meta_ads,prospect,0.7130573178336337,3,,0.15835846801009743,3.17,tech,4,0
456,organic,prospect,0.05135082950555548,1,,0.5651377571027354,4.09,retail,1,0
457,meta_ads,lead,0.3183742688866944,1,,0.12247297346893336,4.16,finance,3,0
458,referral,lead,4.31660117865458,2,,0.16596247534353736,4.1,healthcare,5,0
459,meta_ads,prospect,0.8274688570439317,4,,0.4187432618872351,3.36,tech,2,0
460,organic,churned,6.516831249001762,1,,0.3681555464779303,4.35,finance,6,0
461,referral,customer,0.8366419087816641,2,15.79564273602735,0.2383167035375001,3.17,other,1,1
462,organic,lead,1.0279152842937127,3,,0.36746852649868256,2.76,healthcare,1,0
463,referral,lead,0.6903714639934428,2,,0.20721791870967513,5.0,education,1,0
464,organic,customer,1.1838055362178272,0,2.3064667431931336,0.23318691833216537,2.31,other,3,1
465,meta_ads,lead,0.33245040221713373,5,,0.6224422100986207,3.15,other,6,0
466,manual,prospect,1.8191882998802513,1,,0.11222502502538466,3.13,education,5,0
467,manual,prospect,3.761806159250693,0,,0.11583032399763198,2.33,education,1,0
468,referral,customer,0.0847658524266528,1,19.514699742606403,0.28656807040888493,3.42,other,8,1
469,referral,lead,1.4998074724053108,1,,0.15372377032761583,5.0,tech,1,0
470,manual,prospect,0.9552247000015246,5,,0.3444496235843631,5.0,finance,3,0
471,referral,prospect,1.504336744070725,1,,0.4099990477436935,5.0,finance,2,0
472,meta_ads,lead,0.6480120963509531,1,,0.15430900450060855,4.32,retail,5,0
473,meta_ads,lead,0.07480765183071454,1,,0.46729501974343024,3.52,finance,3,0
474,meta_ads,prospect,0.5399719068159187,1,,0.4173996450133807,2.89,tech,5,0
475,manual,prospect,0.1278966303219529,1,,0.3077470957866947,2.98,education,2,0
476,meta_ads,prospect,1.7236670289740847,1,,0.2752943886129328,2.68,education,5,0
477,organic,lead,6.778990108439182,4,,0.07489289465104473,2.54,retail,8,0
478,organic,churned,0.11573348309165334,3,,0.07619898871742116,3.08,retail,3,0
479,meta_ads,customer,0.2097872794116864,0,33.15529595780795,0.6791553494320408,3.62,finance,1,1
480,meta_ads,prospect,1.7432157321100092,3,,0.4878143669441359,3.82,healthcare,1,0
481,meta_ads,lead,4.789981938518604,2,,0.4326620398358696,3.05,retail,2,0
482,manual,prospect,1.2643186408469937,0,,0.319112007755751,3.19,education,5,0
483,organic,lead,1.1085300650392804,1,,0.3032015336797225,3.58,finance,8,0
484,manual,prospect,0.9819569570060966,1,,0.227078479564739,4.92,finance,1,0
485,meta_ads,customer,0.8074508107230448,3,15.994778549907307,0.23738708988836074,4.85,other,10,1
486,referral,lead,0.9470654020657482,3,,0.47979407138211044,2.41,tech,2,0
487,manual,lead,1.8740656221431098,2,,0.2704957575166859,2.34,other,1,0
488,organic,lead,1.7508122699111237,1,,0.09113517494462395,5.0,education,2,0
489,organic,churned,1.404930066368124,0,,0.30255530983062434,3.44,finance,3,0
490,manual,lead,4.814339778304967,4,,0.27823401597801245,3.41,other,1,0
491,meta_ads,lead,3.9749593524651803,1,,0.43745099077620886,4.76,retail,10,0
492,referral,customer,1.4374028293021897,1,19.50927198047229,0.17054890557316346,3.35,other,1,1
493,meta_ads,prospect,0.3634874466071704,2,,0.09429713828892408,2.53,retail,1,0
494,referral,lead,0.08031501364000024,0,,0.4241284845892963,2.39,finance,2,0
495,organic,churned,0.054961629320610446,1,,0.2979050442506653,1.11,finance,7,0
496,manual,lead,4.4873782473675154,1,,0.1906688938736428,4.06,healthcare,1,0
497,organic,lead,6.382126081885484,0,,0.04933672751980454,2.71,tech,1,0
498,meta_ads,prospect,1.1580766770690523,1,,0.31108958264583675,2.96,education,9,0
499,organic,prospect,0.815570465444863,2,,0.22399869125647953,5.0,healthcare,4,0
500,organic,lead,10.7727733369941,1,,0.30419199802979596,3.16,other,6,0
501,organic,customer,1.3796375648322021,1,7.8479562756010175,0.15471038025129275,4.79,tech,1,1
502,manual,lead,0.9706920522860667,1,,0.10426316779944314,3.42,other,2,0
503,organic,churned,3.321238675458172,1,,0.05721787201195373,1.0,education,10,0
504,referral,customer,1.693525532311585,1,8.421263364341424,0.21807232686402342,4.12,retail,1,1
505,organic,prospect,1.2246106742608784,2,,0.2621214092500534,1.61,finance,3,0
506,manual,churned,2.328025282892511,1,,0.1870174722247808,2.98,healthcare,2,0
507,referral,prospect,1.3506921792937874,1,,0.0677652809329191,2.39,education,3,0
508,manual,prospect,0.1854992688015947,1,,0.42300336866059046,2.02,finance,1,0
509,manual,prospect,6.128329215016036,0,,0.1534453718105256,1.97,retail,1,0
510,organic,customer,0.684214521647208,1,5.295741788075499,0.0990454947431122,2.87,education,1,1
511,organic,customer,0.7622401490638577,1,15.038530172563103,0.42199581648914486,4.51,tech,2,1
512,manual,customer,0.12567842379845262,1,5.26248255940149,0.5834896095027,2.9,education,2,1
513,meta_ads,customer,2.5967027012414303,2,10.856503987174065,0.35623493606623724,5.0,education,2,1
514,meta_ads,lead,0.8122604497079458,3,,0.16839847356568324,2.56,healthcare,3,0
515,referral,prospect,0.7796061810100048,1,,0.2304330874683721,3.82,education,5,0
516,organic,customer,2.9200076856710893,0,10.32566033985309,0.20906870283677964,2.97,tech,4,1
517,organic,customer,0.16991180996684735,1,7.88398852541655,0.192649580952122,4.15,finance,1,1
518,meta_ads,prospect,0.3145137914196958,2,,0.3950049519856605,2.83,retail,1,0
519,referral,lead,0.10113235362391897,1,,0.2431461988858123,3.35,tech,6,0
520,referral,lead,2.4781743251522337,0,,0.09666394051999355,3.82,finance,1,0
521,meta_ads,customer,2.3859931144842346,4,17.250694546982118,0.3268534059560387,3.85,other,10,1
522,referral,customer,4.856717754263669,1,4.498771171513195,0.26544838867192205,2.44,healthcare,8,1
523,meta_ads,lead,2.049345524215989,1,,0.016225801718022476,3.73,retail,2,0
524,organic,customer,2.294628813159515,2,3.793128021166588,0.41312846102448775,1.72,retail,1,1
525,manual,prospect,2.2219671495247337,1,,0.02312232009870864,1.92,tech,1,0
526,meta_ads,lead,4.840947549780638,2,,0.1544234766717944,3.7,healthcare,3,0
527,manual,lead,0.41304022121092526,0,,0.20676934895679341,2.87,finance,1,0
528,organic,lead,0.10049220150150044,2,,0.6536908205869708,4.25,tech,3,0
529,organic,prospect,2.7071442733579976,1,,0.38355991976438203,3.92,education,3,0
530,manual,lead,0.40693020502669347,0,,0.20893070217112894,4.35,retail,1,0
531,meta_ads,prospect,2.752851526591807,2,,0.48886907188322426,3.79,education,1,0
532,organic,customer,0.5367611332831346,2,1.557653406618626,0.15488596546361452,2.26,finance,1,1
533,manual,lead,2.3004180907636242,2,,0.34264062041128696,3.46,finance,2,0
534,organic,prospect,0.8756095119189125,1,,0.2024783509487901,4.19,healthcare,1,0
535,meta_ads,prospect,6.904578872552523,3,,0.3652300572625187,3.22,finance,1,0
536,meta_ads,churned,1.0996303455835825,1,,0.4197319573933808,3.01,education,4,0
537,meta_ads,lead,1.541247619423393,3,,0.3285724840971333,3.39,retail,6,0
538,meta_ads,prospect,9.564851503915131,0,,0.3111013313735138,2.41,finance,5,0
539,referral,customer,0.2264026474683906,3,5.6236935669807036,0.2833194774781307,2.73,finance,9,1
540,meta_ads,lead,0.3842136370803944,2,,0.2654378616968896,2.54,other,4,0
541,meta_ads,customer,0.05704897758885169,2,17.316257412276723,0.5303631606493868,5.0,other,1,1
542,referral,lead,0.034114909305863604,2,,0.5493699807198414,4.95,finance,1,0
543,referral,customer,7.582992736360828,1,3.558511759046725,0.20237023148070363,2.92,healthcare,1,1
544,manual,churned,0.8377862984632986,3,,0.22734130437391903,4.23,retail,3,0
545,organic,customer,3.7023245768153323,3,4.481890022431437,0.30301631529222856,2.89,tech,10,1
546,manual,lead,1.2869379173655613,3,,0.16699735743790217,2.41,healthcare,1,0
547,meta_ads,customer,0.03362417008041335,1,2.3763143226281565,0.22027119330081363,1.48,tech,10,1
548,referral,churned,3.8154372385835797,3,,0.04687605652207088,5.0,education,2,0
549,manual,churned,2.63517313432528,1,,0.23210400415065371,2.77,education,6,0
550,manual,lead,1.0744342792842403,2,,0.5457859386668806,1.48,other,3,0
551,organic,lead,4.971958524512193,3,,0.391257301967207,3.87,tech,3,0
552,referral,lead,1.9968700104105128,1,,0.22326568918243506,2.7,finance,5,0
553,manual,customer,0.4981294441072529,0,5.214354274792678,0.25725680100479015,2.27,other,3,1
554,manual,customer,0.23190474833547073,1,10.442102379321902,0.31656092485826676,4.23,retail,3,1
555,referral,churned,4.459953949226526,0,,0.10891923837303202,4.63,retail,1,0
556,manual,lead,0.6605795528969495,1,,0.23061271313703677,4.45,education,1,0
557,referral,customer,0.34791252574943127,2,9.743091960868718,0.23329971933908958,2.87,other,2,1
558,manual,lead,5.880706243564916,2,,0.2858668976545043,3.04,education,10,0
559,organic,prospect,0.10229218181169096,0,,0.22308602612086567,4.48,finance,10,0
560,meta_ads,lead,0.09122542996576913,0,,0.2949923251503436,1.47,other,3,0
561,referral,lead,0.1499065963272196,3,,0.6909100008987646,3.97,education,3,0
562,manual,lead,0.34206040997013365,2,,0.06650791854608931,3.5,retail,2,0
563,referral,prospect,2.8005886533800317,0,,0.4272995547588718,3.6,other,6,0
564,referral,prospect,3.8780187365407293,0,,0.26431929318681086,2.97,retail,3,0
565,referral,prospect,0.880322120152546,1,,0.2403348780648289,2.53,tech,1,0
566,meta_ads,prospect,4.028741653297674,1,,0.11880422598245825,3.52,retail,6,0
567,referral,prospect,5.502845940636481,3,,0.5528606440915352,2.68,other,6,0
568,organic,churned,3.5668867879250183,1,,0.6741949637316157,1.41,healthcare,1,0
569,manual,lead,0.5458369464563232,2,,0.20076737171588635,1.55,tech,2,0
570,organic,customer,1.1858898140852723,2,2.7900918301027677,0.5299282083922789,3.44,finance,5,1
571,referral,lead,0.8271950407507239,1,,0.19136549016973056,3.25,education,4,0
572,meta_ads,prospect,0.7690477226475293,1,,0.4100394046743369,4.18,other,3,0
573,manual,churned,0.6287160411598498,3,,0.19027502727112078,4.12,finance,2,0
574,manual,customer,0.32801486050212897,1,14.11858751217078,0.14618807443405762,4.19,education,4,1
575,organic,prospect,3.2372186821634332,1,,0.21833841243574922,3.89,retail,3,0
576,referral,prospect,1.336420641147117,3,,0.30340905103521687,3.02,healthcare,1,0
577,meta_ads,lead,0.9314084851703734,1,,0.18373371787261755,3.65,healthcare,3,0
578,manual,prospect,1.497352020485639,1,,0.2628483393902855,2.82,education,1,0
579,meta_ads,lead,0.31477867957131295,5,,0.46080503157136155,4.0,finance,4,0
580,manual,lead,1.030090211512522,2,,0.2621996640764782,3.25,education,2,0
581,referral,prospect,2.9642020624634955,1,,0.20209005845144315,3.13,retail,4,0
582,organic,lead,0.42238496707847956,1,,0.12386047038265462,4.83,tech,8,0
583,manual,lead,1.615317907051782,0,,0.03980315937642525,4.5,other,7,0
584,manual,churned,4.488124084570003,1,,0.47612731321724583,3.95,other,4,0
585,referral,prospect,0.18014653022935007,1,,0.19439997591142405,3.25,other,3,0
586,meta_ads,prospect,2.178256876538937,1,,0.17530059557146835,4.48,finance,2,0
587,referral,customer,5.272553852505299,0,7.972015097862858,0.15091339483754065,4.29,other,6,1
588,organic,customer,0.43368381928731536,4,8.412127970078872,0.1625108882181489,3.18,education,10,1
589,organic,lead,0.7705040987476135,3,,0.08310015439675576,2.81,healthcare,2,0
590,organic,lead,3.0093398052832545,1,,0.14812508450672907,3.89,retail,4,0
591,meta_ads,lead,0.6278863154685153,2,,0.02986913846338406,3.57,education,3,0
592,referral,prospect,1.5782137335253004,1,,0.3990758542316495,3.81,education,3,0
593,organic,prospect,0.5571130885180214,1,,0.7463997224874396,3.17,tech,4,0
594,meta_ads,lead,2.105204801595098,2,,0.421936365707615,3.58,other,8,0
595,manual,prospect,6.910407474595393,3,,0.3525435415065053,3.29,retail,2,0
596,meta_ads,lead,1.7452406493822368,1,,0.456366731408395,4.23,finance,10,0
597,meta_ads,prospect,4.411577383388659,2,,0.18082521071766275,2.81,other,5,0
598,referral,lead,0.6563608245050874,1,,0.551829813703958,3.49,education,2,0
599,organic,customer,1.161792130028278,3,20.664156903706218,0.05996257484051907,4.24,healthcare,3,1
600,manual,prospect,5.649961036511827,0,,0.45220013676249593,1.6,tech,8,0
601,meta_ads,prospect,2.8704178222918606,3,,0.16850280434004844,3.28,finance,5,0
602,organic,lead,0.6247343846430244,4,,0.19821637865933694,3.58,other,1,0
603,organic,lead,0.04252266239454534,1,,0.098116638398544,3.54,education,1,0
604,referral,customer,1.6045315771580086,3,23.71434727796992,0.4802900262814151,2.22,finance,4,1
605,organic,prospect,5.943660344404015,1,,0.20171950069106892,3.57,education,5,0
606,referral,lead,2.1455961883548436,5,,0.38810069672047737,5.0,finance,1,0
607,meta_ads,prospect,0.4334297483602599,2,,0.1640548961565294,5.0,healthcare,2,0
608,organic,lead,0.49103344634791635,1,,0.23081595852305836,3.23,education,1,0
609,referral,customer,3.296626413957459,4,15.271605556957812,0.25741732653855753,4.93,education,6,1
610,meta_ads,customer,2.5977600687451887,1,2.5575014403376577,0.43217604917034547,3.08,tech,6,1
611,meta_ads,lead,1.617657063057398,2,,0.3422103355759176,2.32,other,2,0
612,referral,prospect,1.8677545260513664,0,,0.47181255117424836,2.33,education,2,0
613,manual,prospect,0.8132455121077943,2,,0.35801817828941235,4.9,tech,5,0
614,manual,customer,6.209985679201388,1,2.0311164819812078,0.0996154126463063,1.44,education,2,1
615,referral,prospect,1.6515791146585816,0,,0.37969714755491546,3.73,finance,2,0
616,manual,lead,1.6829297049483627,3,,0.0723295544056119,4.06,other,2,0
617,manual,lead,0.7181047974954212,3,,0.16160247350002274,3.34,tech,3,0
618,meta_ads,lead,1.8146302651639847,2,,0.3673877861752816,2.73,retail,1,0
619,manual,prospect,0.2148302835641935,1,,0.2334185640766625,3.51,finance,2,0
620,organic,lead,1.3274599189828142,2,,0.26679241534151377,2.44,other,4,0
621,referral,customer,1.4875016642878442,1,23.737221616993832,0.23362258576075398,2.66,finance,5,1
622,manual,lead,1.3647985051053626,2,,0.34435143429192044,2.53,finance,1,0
623,meta_ads,lead,1.0824614455456292,1,,0.14810829469680567,1.77,retail,2,0
624,meta_ads,lead,2.7444052659574787,3,,0.49514948506151407,2.16,healthcare,3,0
625,organic,lead,1.4997721186355737,1,,0.27072572452723315,2.41,finance,2,0
626,manual,customer,0.8668337421513528,1,15.612735331991676,0.5001149631543067,4.32,retail,2,1
627,organic,churned,3.309482983473816,1,,0.6415119212359522,2.58,healthcare,6,0
628,referral,churned,5.31628598342503,3,,0.5007297367893635,2.68,other,2,0
629,referral,lead,0.5246384655012079,2,,0.125862469774871,2.06,healthcare,2,0
630,manual,churned,0.1879641460900021,3,,0.19407125934614322,4.58,retail,2,0
631,manual,customer,10.429518006367047,1,49.38146974289549,0.25285566121423936,1.75,retail,1,1
632,meta_ads,lead,0.0028587282670914935,2,,0.18901285099555715,3.15,retail,1,0
633,manual,churned,4.080825163361041,1,,0.28587942605155386,2.6,healthcare,10,0
634,referral,lead,0.11260105570261934,1,,0.03830822361097652,3.67,finance,6,0
635,manual,prospect,0.7233861966758022,1,,0.5159230811391464,3.21,other,1,0
636,manual,lead,0.23428860357490602,0,,0.2228321520168956,2.69,tech,5,0
637,meta_ads,prospect,0.10695431502918205,0,,0.15188653723581794,3.34,finance,3,0
638,referral,customer,7.397418035463376,1,16.665616779024653,0.46325248683213827,2.43,finance,9,1
639,meta_ads,prospect,0.1864461354487976,3,,0.6604767460916495,2.17,education,3,0
640,organic,lead,0.14887679385501973,1,,0.6203944682434342,2.87,finance,8,0
641,meta_ads,lead,6.329090558573223,0,,0.388158270649829,1.93,retail,3,0
642,referral,customer,6.339188384354164,1,9.675875354189374,0.449624999315355,4.09,education,1,1
643,meta_ads,lead,2.915438038230605,0,,0.12960297918271818,3.45,tech,1,0
644,manual,lead,0.8870164384922904,0,,0.40122192973259185,1.09,finance,5,0
645,referral,customer,0.007326023978109708,1,2.609963692510864,0.06789288439240065,3.92,healthcare,2,1
646,manual,prospect,1.0759506289002125,1,,0.4155193843692673,2.96,tech,8,0
647,meta_ads,lead,1.9108316704649833,2,,0.48569234685371127,5.0,finance,4,0
648,manual,prospect,2.0329952257899255,1,,0.279395174884833,3.23,healthcare,3,0
649,organic,lead,0.7422259855391783,3,,0.4475354377882057,3.33,education,2,0
650,referral,lead,0.014243665296481415,2,,0.4974437013594958,3.54,education,2,0
651,referral,prospect,6.1453832938248025,1,,0.6270061409919495,2.87,education,2,0
652,manual,customer,1.5820269834928011,3,0.3958624567642893,0.22411861623538087,3.56,finance,6,1
653,manual,customer,0.7225372252799125,1,1.712292050473263,0.21018467062322396,5.0,finance,8,1
654,referral,prospect,0.8481346292319525,1,,0.3421658693747485,4.13,retail,2,0
655,referral,customer,1.525227901010554,0,2.7607547177701965,0.22929161272930865,3.52,other,7,1
656,meta_ads,prospect,0.5524287012600462,0,,0.07499344263135777,5.0,finance,10,0
657,organic,customer,3.1468145330435426,2,41.554954718988306,0.1399206406444831,5.0,education,2,1
658,manual,lead,3.617224756718363,1,,0.39297238554947106,4.15,other,4,0
659,manual,lead,0.32647591250294217,3,,0.42094000245067176,3.47,other,3,0
660,organic,lead,0.2550913451177851,1,,0.21490696854367633,3.73,other,1,0
661,meta_ads,lead,1.8373731742768205,0,,0.10360315339733395,5.0,retail,1,0
662,referral,prospect,1.4011161923173876,0,,0.08469854901406901,5.0,retail,2,0
663,organic,prospect,2.897246898309448,1,,0.2957079309282742,2.75,education,2,0
664,manual,customer,1.7953452288303766,1,2.7001653949492783,0.31023970751818497,3.96,other,1,1
665,meta_ads,customer,0.05719269242322879,1,5.377064548526818,0.3053336156783845,4.4,education,5,1
666,organic,prospect,0.13619335358557533,3,,0.2906675181864291,4.47,other,1,0
667,manual,prospect,0.6518582157445373,2,,0.6070358317004366,4.11,finance,3,0
668,organic,prospect,2.2115971887420565,0,,0.29018030431714537,3.03,education,9,0
669,referral,prospect,2.5456423680009466,1,,0.6834071691291085,4.29,other,3,0
670,referral,prospect,1.2390741675958605,1,,0.0976961867562661,2.28,healthcare,4,0
671,organic,lead,0.10673003180308291,2,,0.43766728994207355,3.11,finance,2,0
672,organic,churned,9.579662649197534,1,,0.3513708491787788,2.06,finance,5,0
673,referral,customer,0.5178015212014533,2,6.970258544615065,0.2566663141384544,3.95,other,3,1
674,manual,lead,0.28100811727146713,4,,0.24317951270980387,2.76,finance,2,0
675,referral,lead,3.1662044462130936,1,,0.4912254538444987,5.0,education,9,0
676,manual,customer,4.866630792695664,2,3.5993267386392076,0.36057097384398284,3.47,retail,1,1
677,referral,churned,1.5699895770911014,1,,0.37941846651538813,3.59,healthcare,2,0
678,referral,lead,0.09640918684049504,2,,0.10291632145648691,3.24,other,3,0
679,meta_ads,lead,0.10365523387175346,0,,0.10977768428106588,3.05,retail,2,0
680,referral,customer,0.8769947796670987,2,0.23711872924350014,0.12153853684604833,4.22,healthcare,5,1
681,organic,customer,1.8628789534744061,1,1.5140330208952713,0.08117331286763431,3.62,finance,6,1
682,referral,lead,2.56295724260711,0,,0.3933485008207125,3.47,education,1,0
683,organic,lead,1.3367836197372198,2,,0.07894913959886428,4.47,other,1,0
684,organic,prospect,6.81436352239397,1,,0.16048740580088242,3.18,tech,9,0
685,meta_ads,prospect,0.5647251331070885,2,,0.47043443652663214,3.95,other,9,0
686,manual,lead,1.4616689158139262,1,,0.15600794875510435,2.23,healthcare,9,0
687,meta_ads,churned,1.009280460601282,2,,0.40503076633254176,3.33,healthcare,1,0
688,manual,prospect,1.3715294977825883,1,,0.3019143850002094,3.26,retail,2,0
689,manual,prospect,1.5557158418699892,2,,0.6609010846342681,4.6,finance,1,0
690,referral,lead,1.8535608040608302,0,,0.7914362358873983,4.18,tech,1,0
691,meta_ads,prospect,1.1276901575475824,0,,0.24500343138997432,2.9,healthcare,4,0
692,meta_ads,churned,0.05001478451311342,2,,0.10261069772380693,4.32,healthcare,4,0
693,manual,customer,1.6991703364144264,1,2.4438541562489986,0.46212354106835596,4.22,healthcare,2,1
694,meta_ads,churned,1.5679207237447101,1,,0.2608815652511003,4.13,retail,2,0
695,manual,lead,1.0749375114808397,1,,0.2759224553782259,3.17,other,1,0
696,referral,customer,0.4723868674992642,0,22.70568632762163,0.07398327164897686,2.57,tech,4,1
697,referral,prospect,0.15623219477726372,0,,0.054798863191734534,4.28,tech,1,0
698,referral,lead,1.5375111288048893,1,,0.1911479113015161,5.0,other,1,0
699,manual,customer,1.3057577947141228,2,4.6751806665004185,0.4756291438583263,4.52,healthcare,1,1
700,manual,lead,4.092743603890424,1,,0.19734049815246796,4.56,tech,1,0
701,referral,lead,1.1577285240653432,1,,0.08058664848044414,3.38,retail,2,0
702,referral,customer,0.82150120786953,2,0.7534313254465395,0.22393333276190097,2.4,tech,6,1
703,referral,customer,0.2672660180577972,0,8.137755710278991,0.1994974558701998,3.75,education,6,1
704,organic,lead,0.6716290643713478,1,,0.13383180112239382,1.19,other,4,0
705,manual,customer,0.8765316046155375,2,10.229946304174327,0.22822639966770653,4.74,education,4,1
706,referral,lead,3.112179202001936,1,,0.2513102974290636,3.53,other,1,0
707,meta_ads,lead,3.024002552319278,1,,0.2909349889573929,5.0,healthcare,2,0
708,manual,lead,0.4180677414204575,2,,0.24045805176275903,3.83,healthcare,3,0
709,meta_ads,lead,4.49051129178969,1,,0.6618131445009781,5.0,healthcare,8,0
710,manual,customer,2.4449298146241505,2,1.2801436372392159,0.45745099078034523,5.0,finance,3,1
711,referral,prospect,0.15414267692102354,0,,0.2696527426163381,4.44,education,1,0
712,meta_ads,lead,1.7360896801554673,2,,0.20110450340918043,4.64,finance,2,0
713,organic,lead,0.3940772108962442,2,,0.057356424702077795,4.6,tech,3,0
714,manual,lead,0.34213583067013303,3,,0.21538221440974675,3.9,retail,3,0
715,referral,prospect,0.7878077919879488,2,,0.6217162287858111,1.53,other,2,0
716,referral,lead,0.6095026804357184,0,,0.3150128327586824,3.57,healthcare,3,0
717,organic,churned,0.14994143855136632,0,,0.3079636847431777,5.0,retail,1,0
718,organic,prospect,1.9428904297983667,2,,0.13044562428671314,4.52,education,2,0
719,referral,prospect,2.937372983730464,3,,0.44009025299651844,5.0,education,2,0
720,manual,customer,0.19667591353311137,2,3.6562811166817646,0.29925805593373406,1.99,other,4,1
721,organic,customer,1.070338453796873,2,57.08778313507593,0.25986062871172716,3.56,other,5,1
722,meta_ads,prospect,1.541695092575773,1,,0.21820718294811942,1.95,education,10,0
723,referral,lead,0.5052873683072787,3,,0.2999891089606075,4.2,education,3,0
724,meta_ads,lead,1.4992507920430547,0,,0.19213378580178747,3.73,education,4,0
725,organic,prospect,0.1639360359887266,1,,0.09330735258658554,4.03,healthcare,2,0
726,organic,lead,2.1716203327900625,0,,0.17426592273568217,2.47,education,5,0
727,manual,lead,0.6077177741754168,2,,0.14398941072762295,4.67,healthcare,1,0
728,manual,lead,0.949710597356644,0,,0.3081779024670509,3.53,education,2,0
729,manual,customer,0.8135779798866024,0,4.1710439177790075,0.26547676210812027,1.36,retail,8,1
730,organic,prospect,0.04938676105703104,2,,0.1558217975954989,4.37,retail,9,0
731,meta_ads,prospect,0.359510598645199,1,,0.3283080109753143,3.34,other,1,0
732,referral,customer,1.4511171145771375,2,8.365698567765499,0.23846988732204435,1.73,retail,2,1
733,referral,customer,3.88604788739455,2,0.9988280887183774,0.3413790661984561,3.34,other,3,1
734,organic,prospect,2.3544274739556363,2,,0.10667934200542897,2.75,tech,3,0
735,manual,lead,3.569517507789542,1,,0.3436756331283109,1.7,tech,1,0
736,meta_ads,churned,0.29322424431623095,0,,0.13806364799365203,4.52,tech,1,0
737,manual,lead,0.8487716739295843,1,,0.40258254268631727,3.1,retail,1,0
738,organic,customer,1.2221407892645297,2,17.296184101730073,0.480669115807815,2.57,other,1,1
739,manual,lead,1.4006258844442026,2,,0.26243924684749154,3.69,retail,1,0
740,manual,customer,0.6270113059012101,1,48.39904024537674,0.4642314480126898,4.78,retail,7,1
741,manual,lead,1.0651583503586428,1,,0.1366464192248491,4.83,other,1,0
742,organic,prospect,0.16586808642316286,2,,0.47734311021499937,4.0,finance,5,0
743,meta_ads,lead,1.816263167404326,1,,0.3834658352287492,1.27,education,4,0
744,manual,prospect,4.630514246115708,0,,0.18037451277686756,2.51,other,9,0
745,organic,customer,0.6538770479844176,1,9.23853919218499,0.5189475495289342,2.73,tech,2,1
746,referral,prospect,1.8241297253805104,0,,0.21271682164083724,3.04,other,10,0
747,manual,prospect,2.026966909372242,0,,0.19843622022288104,4.31,healthcare,4,0
748,organic,prospect,0.44713683585560293,0,,0.4375538427352951,2.04,healthcare,5,0
749,referral,lead,1.2075703029661244,3,,0.21831911633615467,3.28,other,8,0
750,meta_ads,lead,0.22070215509735983,2,,0.20530499556555576,4.48,other,1,0
751,manual,prospect,2.365139237777371,0,,0.15565592838840137,4.6,tech,2,0
752,organic,lead,1.9232401345764005,2,,0.41694002714820655,4.81,tech,2,0
753,meta_ads,prospect,3.499900093680927,1,,0.12375486544844004,3.68,other,1,0
754,meta_ads,lead,0.6332097191395866,4,,0.26674147831806266,5.0,tech,4,0
755,manual,prospect,0.06334237628756041,1,,0.2562395342290904,3.07,education,2,0
756,organic,customer,0.5344103431841776,2,2.9721874092660454,0.45734559588013507,3.16,tech,2,1
757,organic,prospect,1.691033596750769,1,,0.29236430219456716,4.89,finance,2,0
758,organic,customer,1.3312879380415201,1,2.4054560588710796,0.40877189726341184,4.77,other,4,1
759,referral,prospect,0.10689826202889414,3,,0.23141422147490184,3.24,other,3,0
760,referral,lead,3.3881172281456817,2,,0.16144888979377933,3.94,healthcare,5,0
761,organic,prospect,2.942935906523041,1,,0.09188678026268325,3.62,finance,2,0
762,meta_ads,prospect,1.9825951499868153,0,,0.11249512248539564,4.0,education,3,0
763,organic,prospect,7.07435804681319,2,,0.34044644530963025,3.86,retail,4,0
764,manual,lead,0.9366140221653444,1,,0.18255988584077418,4.05,finance,3,0
765,manual,customer,3.472290993947943,0,28.650674042850536,0.15228927769261275,4.85,finance,10,1
766,manual,prospect,0.27085122327241207,1,,0.23530880213774882,3.35,finance,2,0
767,manual,lead,0.4333137771587244,3,,0.06030743326209994,2.73,education,1,0
768,manual,lead,5.501672356578116,1,,0.36864505767911787,2.46,healthcare,2,0
769,referral,customer,0.7615967654138027,1,8.60855425228811,0.37889640085099413,2.94,healthcare,1,1
770,manual,churned,0.7288771448188887,0,,0.45610302758439986,4.49,education,3,0
771,manual,churned,0.751912695180901,1,,0.2045203354312558,4.19,education,2,0
772,organic,lead,0.26889753821948875,2,,0.03123682621357267,4.82,finance,3,0
773,organic,lead,2.4262847619772065,2,,0.3005203478208468,4.73,tech,1,0
774,manual,customer,1.78745405039469,4,9.748240573536343,0.1240742304997377,4.1,tech,3,1
775,organic,lead,3.155272015161826,0,,0.4309199740061905,4.81,retail,4,0
776,meta_ads,customer,0.838545652379918,0,0.721899779484894,0.03565629008494905,3.64,healthcare,2,1
777,organic,prospect,1.0152853170116485,0,,0.15686215856031838,3.16,finance,1,0
778,referral,churned,1.4283033627363837,2,,0.211067729489257,3.96,tech,4,0
779,organic,churned,0.05749341195176805,2,,0.10148228049970098,2.98,other,2,0
780,meta_ads,customer,1.4207449414001905,1,0.2960459192117248,0.24749420604690509,2.68,retail,5,1
781,organic,prospect,3.9005570301903694,1,,0.10036822730141372,3.36,other,8,0
782,organic,lead,3.9935948745509413,2,,0.1778984372209234,3.16,healthcare,9,0
783,referral,customer,1.3325124145167948,3,1.9820440020851102,0.34365858305883684,3.46,retail,4,1
784,manual,prospect,3.5442982341025697,0,,0.32415208010552643,3.72,finance,1,0
785,referral,lead,1.5137039782956836,0,,0.3641989923245073,4.55,education,5,0
786,manual,prospect,1.1859971828494513,2,,0.01980122591644996,2.26,other,3,0
787,manual,customer,0.982480945468228,0,2.5726551821768306,0.027414891108452296,4.41,finance,1,1
788,organic,lead,1.3526360799106307,2,,0.4179837990300719,3.7,retail,4,0
789,meta_ads,prospect,3.1038460122386295,2,,0.3807281196718463,2.06,healthcare,1,0
790,organic,lead,0.552841379323477,1,,0.34145873892992545,3.36,education,5,0
791,manual,lead,1.6911202259596498,1,,0.057802743014520895,3.11,healthcare,1,0
792,referral,lead,8.517274656679415,1,,0.2043675645919091,3.64,education,10,0
793,organic,prospect,0.5667093534118818,1,,0.0592468243636468,2.52,other,1,0
794,referral,lead,2.3366263453174128,2,,0.6185294579282469,3.84,retail,2,0
795,manual,prospect,5.800291011492512,0,,0.05421522832897378,4.33,other,10,0
796,referral,lead,0.5824781212038119,2,,0.22985263896075048,2.58,other,1,0
797,manual,lead,4.13114601884495,1,,0.3328977003666217,3.64,education,9,0
798,meta_ads,prospect,2.550124453872449,1,,0.3148862379358534,2.95,tech,1,0
799,meta_ads,customer,1.2646748439864381,1,38.164139493024635,0.2529821305180149,1.74,retail,1,1
800,organic,customer,7.167577013150405,0,13.21735497877455,0.12327278054265048,3.68,healthcare,1,1
801,meta_ads,customer,2.109266185215544,2,2.906229287461431,0.4609748390818546,3.25,tech,3,1
802,organic,prospect,0.045522828338869954,3,,0.10720312625279858,3.16,finance,3,0
803,meta_ads,prospect,0.7828154137142334,0,,0.1795275136936569,4.53,other,4,0
804,manual,prospect,1.0151778705925225,2,,0.3277569534154374,2.8,tech,2,0
805,meta_ads,prospect,2.2760695045568395,0,,0.4214487386143439,3.79,retail,7,0
806,meta_ads,lead,1.3282672173936974,3,,0.5806969818868262,2.01,other,1,0
807,referral,prospect,3.9474684576341845,0,,0.10818615600363012,4.39,finance,7,0
808,meta_ads,prospect,0.5008423310381829,1,,0.15088303002202205,5.0,other,6,0
809,manual,customer,0.019169482509980455,3,7.542665446908369,0.5983868286406273,4.22,healthcare,1,1
810,meta_ads,churned,1.2013074655644023,2,,0.3508863044110346,4.49,education,10,0
811,organic,lead,0.22430494651478408,1,,0.44452164760997975,4.18,education,1,0
812,referral,customer,2.321543892896444,1,0.3541911625144456,0.1466533342431354,2.89,finance,2,1
813,manual,lead,1.8654105595460904,2,,0.19457492804201545,2.64,retail,4,0
814,manual,prospect,0.4809270801724361,0,,0.2096473329585009,2.07,other,2,0
815,organic,lead,1.5407879943814062,0,,0.08514646798266187,5.0,tech,4,0
816,meta_ads,lead,0.3907694229383436,1,,0.5341196573991583,2.37,retail,1,0
817,manual,prospect,0.7875771047691591,0,,0.17432399819149907,3.02,tech,3,0
818,meta_ads,customer,0.8217250351335802,1,0.9095320199359158,0.36596733333274434,2.2,tech,1,1
819,manual,customer,0.024286736913700417,3,6.370930995409068,0.3628927750472949,2.71,other,3,1
820,referral,prospect,2.7255420440474283,1,,0.18333490463781696,4.4,tech,2,0
821,meta_ads,lead,4.398601866036979,4,,0.528880572703874,3.91,other,2,0
822,manual,lead,0.48349227903214737,1,,0.4687087182074315,4.35,tech,2,0
823,referral,customer,8.043383201279264,1,0.9411921711131123,0.35804762764066494,3.52,education,3,1
824,meta_ads,lead,0.32397771309769735,0,,0.15350555906641514,2.66,finance,1,0
825,meta_ads,churned,0.3812853085608323,2,,0.1550104389937724,3.78,education,7,0
826,organic,customer,0.3591929886914543,2,5.084272091699736,0.6610125843691405,2.61,other,2,1
827,manual,churned,5.902772664709677,0,,0.10810147948426987,4.57,finance,3,0
828,organic,prospect,1.2763951330119008,2,,0.08061915426887463,2.78,education,2,0
829,manual,prospect,0.29460385294506536,1,,0.5169185725041846,3.21,education,5,0
830,referral,lead,0.08270504741304703,0,,0.32697018642672243,3.19,other,4,0
831,organic,customer,2.471025292713935,1,8.605092112292661,0.18911690250891064,4.51,other,2,1
832,meta_ads,prospect,0.9933664373414066,1,,0.08810206170015872,5.0,finance,1,0
833,meta_ads,lead,1.3986054648399004,2,,0.40729756372534887,3.7,healthcare,2,0
834,meta_ads,lead,0.09183871236236561,2,,0.474868926069754,3.45,education,1,0
835,manual,churned,1.7080104611454512,3,,0.08731466035071206,4.15,finance,1,0
836,meta_ads,prospect,2.2265087694405885,0,,0.34420941363605606,2.01,retail,3,0
837,manual,lead,1.170071656800162,0,,0.4842276159270969,2.43,education,1,0
838,manual,prospect,0.636192346191062,3,,0.35229203155954997,1.72,other,9,0
839,manual,lead,0.9085241154470972,4,,0.323485885055623,4.37,education,7,0
840,referral,customer,0.4857737556883447,0,6.59508240787709,0.3990226339905913,4.75,other,3,1
841,meta_ads,lead,0.07790328892638976,2,,0.3418693337571004,3.44,healthcare,1,0
842,manual,customer,0.3758533791744234,3,22.399350742529624,0.34201873762901935,1.57,other,6,1
843,organic,customer,5.297515761928237,2,26.708652945394018,0.5276909753362007,3.51,finance,2,1
844,referral,lead,0.7792338347113545,4,,0.2739655218401826,3.47,tech,4,0
845,referral,prospect,1.7925566669819075,2,,0.405562195298598,5.0,finance,2,0
846,meta_ads,lead,2.5490316263517494,1,,0.020111328684369274,4.9,healthcare,1,0
847,manual,prospect,2.3847946750996165,3,,0.200105295485411,3.64,education,1,0
848,manual,lead,7.607486663616747,0,,0.20346538648722734,2.04,tech,2,0
849,referral,prospect,1.7265892604774165,2,,0.4696716430731505,3.37,education,6,0
850,referral,customer,0.07929889989024638,1,20.521819297411188,0.04579317981892531,2.52,tech,10,1
851,referral,prospect,1.108704899206723,2,,0.16465880299590224,3.13,tech,6,0
852,organic,prospect,2.661477028176835,0,,0.2747809630808053,3.02,healthcare,2,0
853,manual,lead,1.694089190277588,3,,0.20066313113195888,1.73,finance,6,0
854,referral,lead,0.5184629504253158,0,,0.2765347391046423,1.85,healthcare,3,0
855,meta_ads,lead,0.06194248711129137,0,,0.26990784734237555,5.0,finance,2,0
856,manual,lead,2.7001552890583502,3,,0.45293117905046004,2.65,tech,2,0
857,referral,lead,7.815507541424634,1,,0.20602395475115193,2.72,healthcare,3,0
858,manual,prospect,4.113107963161012,1,,0.19307162492601845,4.69,healthcare,1,0
859,manual,lead,0.6886283005948393,0,,0.09892607485941697,2.57,finance,3,0
860,meta_ads,churned,1.5531845058980722,1,,0.0871327807243637,3.07,finance,2,0
861,manual,customer,6.5278760063773404,2,30.076431892321104,0.490181458984384,3.78,finance,4,1
862,manual,lead,0.7798757693205939,2,,0.4850460573671738,4.06,other,2,0
863,organic,lead,0.8774185367332782,1,,0.3554983959091947,2.22,education,1,0
864,organic,prospect,5.395577580085977,2,,0.17147691763095765,4.15,healthcare,10,0
865,manual,churned,3.4347288811792014,1,,0.20497482362127367,2.65,finance,1,0
866,manual,churned,3.1984127596031238,1,,0.248415385982009,3.28,healthcare,4,0
867,referral,lead,2.552321685940778,1,,0.22078531761749004,2.92,retail,9,0
868,referral,lead,0.1582698143568408,3,,0.22071641364301645,4.37,education,1,0
869,organic,prospect,4.594261680099768,3,,0.7236099871920849,3.43,education,2,0
870,organic,prospect,2.652183254292863,1,,0.36298590143164183,4.59,education,4,0
871,meta_ads,churned,1.3566032622055402,2,,0.4444192470682087,3.43,retail,1,0
872,organic,prospect,0.725257420640551,2,,0.4064346961319325,5.0,finance,4,0
873,meta_ads,customer,3.329062868095531,0,3.5160314837858286,0.31920489449042216,2.74,retail,3,1
874,manual,lead,2.179529957141954,2,,0.5537420329437532,4.14,finance,4,0
875,organic,lead,0.184508161772139,4,,0.09574831800027299,4.22,healthcare,3,0
876,manual,customer,5.94032080702045,4,3.080524964802263,0.44878545852106366,3.09,tech,4,1
877,manual,churned,0.3600101052560003,1,,0.25218357213080217,4.92,retail,1,0
878,manual,prospect,3.2696929181431402,2,,0.33348137875046857,2.74,other,2,0
879,manual,prospect,3.318036487331402,3,,0.30901438377412804,2.28,finance,2,0
880,meta_ads,lead,1.2359665889486469,4,,0.24170320463637984,4.35,healthcare,1,0
881,referral,lead,0.16294533942090608,2,,0.19726748832014482,5.0,education,2,0
882,meta_ads,prospect,0.4313280760429696,1,,0.45622323711437546,2.87,other,1,0
883,manual,churned,4.1371428344233765,0,,0.441672174701473,5.0,finance,2,0
884,manual,lead,0.02388474757985067,1,,0.6673619896338451,3.22,tech,3,0
885,referral,lead,5.956274235912185,2,,0.08912892723265799,1.0,other,4,0
886,organic,prospect,0.6962896824199579,1,,0.3326946708838734,3.54,retail,1,0
887,manual,customer,2.223241320614606,1,6.307404526497566,0.1672575241842315,4.13,education,3,1
888,organic,lead,5.163390583474461,2,,0.43812410859623685,3.04,tech,4,0
889,manual,lead,0.6867926196284447,1,,0.43146600832485293,4.04,retail,1,0
890,meta_ads,lead,0.9557507318935513,1,,0.17743118418678924,3.18,other,6,0
891,organic,lead,0.5921138849985355,2,,0.21686633326823346,5.0,finance,10,0
892,manual,customer,5.201673642469235,2,6.255545618000119,0.33510686779375726,3.14,education,1,1
893,manual,lead,0.23811010062930132,1,,0.3326363187248005,4.31,tech,1,0
894,manual,customer,0.21011268796403781,1,0.4436699831373859,0.14841142277522032,1.0,retail,10,1
895,referral,lead,0.4834683957716468,2,,0.300256216877749,1.26,tech,3,0
896,meta_ads,lead,0.6799502407773268,0,,0.29720677067639417,2.32,finance,2,0
897,meta_ads,prospect,2.5482392289636175,1,,0.2774207676875912,3.65,healthcare,1,0
898,organic,prospect,1.2349108280469523,1,,0.4655578011923071,4.76,education,1,0
899,organic,lead,1.7986508968081594,0,,0.40620212245301623,1.38,retail,1,0
900,manual,lead,0.3147788945130537,0,,0.3606903214452604,4.29,retail,4,0
901,organic,lead,3.505781271295976,0,,0.3876193655884611,5.0,other,1,0
902,manual,lead,2.3468939202176142,1,,0.6360094214600542,3.14,other,1,0
903,organic,prospect,0.1269570706872159,0,,0.32012237348558853,2.57,retail,1,0
904,manual,lead,0.4998049556762391,1,,0.33350088411195233,2.41,healthcare,5,0
905,organic,lead,1.0113046508415848,1,,0.40498966522974517,2.76,other,1,0
906,meta_ads,prospect,2.96119114585488,0,,0.3190474189920918,2.05,education,5,0
907,organic,lead,2.406033703817078,1,,0.22572300516066923,3.67,healthcare,1,0
908,manual,lead,1.1673523463269877,0,,0.5610282402714534,4.49,other,1,0
909,manual,prospect,0.9737964767167718,0,,0.2735305112513911,2.77,other,1,0
910,referral,prospect,5.508792281135161,0,,0.21201952769077337,2.69,education,2,0
911,manual,prospect,2.231087276447909,3,,0.24761677485546124,2.83,finance,3,0
912,referral,customer,1.654220216179289,1,10.263168650669474,0.19900788151761212,4.21,education,5,1
913,organic,customer,1.215107787397067,2,5.077461926229873,0.3229548539020771,3.59,other,1,1
914,referral,churned,0.7509157876956113,2,,0.1998112091567108,3.44,education,2,0
915,meta_ads,prospect,3.748771107554179,2,,0.22211643009663545,3.64,finance,1,0
916,meta_ads,lead,2.514997181655275,2,,0.2662729236154456,3.83,tech,1,0
917,organic,lead,0.5134772096399483,2,,0.18240939794166938,2.69,healthcare,2,0
918,manual,prospect,2.504135579171581,1,,0.22376013779306742,3.3,healthcare,5,0
919,manual,prospect,2.7428500737835693,2,,0.6484288656431265,4.39,retail,5,0
920,organic,prospect,0.7328569481488707,0,,0.19344677712024938,2.77,retail,1,0
921,referral,lead,0.5560311856715783,1,,0.398427939611494,3.83,finance,5,0
922,manual,prospect,8.541389625892196,0,,0.10506157212915405,3.33,finance,3,0
923,meta_ads,prospect,10.661437412397547,2,,0.4378251057350824,3.67,healthcare,5,0
924,manual,churned,0.18687829195791897,0,,0.2040653688973846,5.0,education,8,0
925,manual,prospect,2.0732231007428856,3,,0.2819098191505948,5.0,retail,5,0
926,manual,customer,1.9627870049144298,2,17.618525614618136,0.47401534562609954,2.54,retail,2,1
927,manual,lead,0.8708326551735386,3,,0.6068756264584017,4.96,education,5,0
928,meta_ads,customer,2.1650761847109488,2,54.073398212221036,0.1881101007522715,4.54,healthcare,1,1
929,referral,lead,1.044478663902047,2,,0.11571687700946633,3.56,healthcare,3,0
930,referral,lead,3.975968885483222,1,,0.033235459652887,4.25,retail,5,0
931,manual,prospect,2.361631317313262,0,,0.32409250486356384,2.66,tech,1,0
932,meta_ads,lead,0.4711021072138419,1,,0.29154180699862364,5.0,education,2,0
933,referral,prospect,5.50232260952307,0,,0.04141456161088447,3.65,tech,2,0
934,manual,prospect,2.524955580825116,0,,0.27502072675090744,4.46,retail,6,0
935,meta_ads,customer,0.0849716647298014,0,4.668200619836008,0.35494848675689666,3.61,other,6,1
936,organic,lead,0.00048180706558510083,0,,0.05731677964458793,1.82,tech,7,0
937,manual,lead,1.8574393706004484,2,,0.20739563649276035,3.18,tech,2,0
938,manual,customer,0.22994064536931152,3,27.90110874901199,0.06708732655891188,3.59,tech,2,1
939,organic,lead,1.436636876009273,2,,0.03284335843889608,2.71,other,4,0
940,referral,customer,0.5332197846059761,2,7.9846100038329295,0.6861093435188669,2.92,education,1,1
941,manual,lead,7.466054464308241,1,,0.330520851117759,2.14,healthcare,10,0
942,organic,customer,2.011624987862577,1,3.739683394640406,0.034801062209664224,3.29,tech,2,1
943,referral,prospect,1.2739509589356341,1,,0.633201588002476,3.01,education,2,0
944,organic,lead,0.3875431070751341,3,,0.3799781443081076,3.81,other,2,0
945,referral,lead,1.3991734067128156,0,,0.32523858519385423,3.26,finance,1,0
946,meta_ads,lead,0.057869245331919554,1,,0.13866243091467134,4.81,retail,1,0
947,meta_ads,churned,8.382358534044146,3,,0.38441207671498445,1.75,other,8,0
948,organic,customer,0.30343834481048104,1,14.443176203210754,0.07173918942677221,4.41,healthcare,2,1
949,organic,lead,1.488603429122822,1,,0.4971551835477735,3.79,finance,1,0
950,organic,customer,1.75027436168829,1,10.608251906145128,0.35012211353584366,2.08,other,10,1
951,manual,prospect,0.640785679728363,0,,0.2844126546808482,5.0,education,3,0
952,referral,prospect,0.06517762138328545,2,,0.11641480154355668,4.53,retail,6,0
953,manual,lead,0.9652027629948868,2,,0.20161594633845684,3.82,tech,2,0
954,manual,prospect,2.4282597595910844,0,,0.48962391212516987,3.43,finance,1,0
955,referral,prospect,0.37674523871206606,0,,0.5154609389938608,3.15,retail,1,0
956,referral,prospect,4.426708087286613,1,,0.16629640957929406,4.11,other,2,0
957,meta_ads,customer,0.08050255007881713,0,1.2695713939732327,0.04928592110048205,5.0,retail,2,1
958,referral,customer,5.170501347348591,2,15.321310012192555,0.43119119777110027,2.7,education,1,1
959,manual,lead,3.1751751245660222,1,,0.06178038478685272,4.48,retail,2,0
960,organic,prospect,4.941460373979956,0,,0.07971572994900748,2.36,finance,3,0
961,referral,lead,0.5552491419101422,0,,0.3132262412987844,5.0,education,4,0
962,organic,prospect,2.274602278127506,1,,0.6511260933892554,3.44,retail,1,0
963,referral,customer,1.990672889452807,1,21.950110532558398,0.2578729634968664,3.85,tech,1,1
964,meta_ads,lead,0.5336539216044496,1,,0.1963447467179681,2.96,retail,1,0
965,meta_ads,lead,1.985020785997013,2,,0.32370208980838416,3.65,healthcare,2,0
966,manual,prospect,1.5612489973719013,0,,0.3448931859287495,3.53,retail,4,0
967,organic,churned,3.125179989104028,0,,0.457985850360401,3.65,healthcare,2,0
968,referral,lead,3.214666698183895,2,,0.1406285483146905,1.52,finance,1,0
969,meta_ads,prospect,6.821587642783421,0,,0.32882460683830395,4.35,finance,2,0
970,meta_ads,lead,5.473449123435202,0,,0.11697491644079362,4.65,other,4,0
971,organic,lead,5.706192233474985,1,,0.6498380270049703,2.63,other,2,0
972,referral,customer,1.132443770025433,1,25.540107110971228,0.6357621733048404,1.57,healthcare,2,1
973,manual,prospect,5.194699620444357,1,,0.1157065991251723,3.34,other,1,0
974,meta_ads,lead,1.4778514770031104,0,,0.5860463218089599,3.17,retail,1,0
975,meta_ads,lead,3.7367579868661034,2,,0.5144052031331324,3.23,healthcare,10,0
976,manual,lead,0.6605112567333605,1,,0.5930228603109942,5.0,other,4,0
977,referral,customer,0.4234418063537916,1,31.14997452122244,0.3406925425785396,3.89,retail,3,1
978,organic,prospect,0.18643174036691024,1,,0.4256080749766116,1.98,healthcare,6,0
979,manual,lead,0.27059609582774885,1,,0.3197378203534944,3.54,tech,3,0
980,meta_ads,lead,1.7270602668532706,1,,0.4741889371238657,3.39,finance,2,0
981,organic,lead,0.21153785385950086,5,,0.49157165181170925,1.88,healthcare,8,0
982,organic,lead,1.399249611841616,3,,0.3962637234583481,4.13,education,4,0
983,meta_ads,prospect,0.5866434349709505,2,,0.20147342162670484,5.0,healthcare,3,0
984,manual,lead,1.3538049752184527,0,,0.31470989518308906,3.05,healthcare,1,0
985,organic,churned,0.6274236503322729,2,,0.29622089423626075,2.99,education,2,0
986,manual,customer,1.638790310210317,0,5.946177918066371,0.21090818097923705,2.82,tech,2,1
987,meta_ads,lead,3.6484474058283523,0,,0.206372099964111,4.4,tech,2,0
988,manual,lead,0.6769748691640596,2,,0.20797060923584765,3.93,retail,1,0
989,referral,customer,2.518220517408479,2,50.78877106830325,0.15049657669911554,3.52,healthcare,3,1
990,referral,prospect,1.4899358167920829,2,,0.41861475365555095,2.47,healthcare,3,0
991,referral,customer,1.6977306556462577,2,12.514648557011938,0.07116379217472187,2.21,other,4,1
992,meta_ads,customer,2.934882045921734,1,18.888390372073484,0.14780445103455622,4.09,other,1,1
993,referral,lead,0.01809292074862293,1,,0.09726797615913847,2.64,education,5,0
994,organic,customer,1.1303271805937536,2,3.1952074068667837,0.6881411882990756,4.12,finance,4,1
995,meta_ads,customer,1.3629342817103458,3,7.639772210559306,0.3438657140953269,3.96,healthcare,1,1
996,manual,lead,4.453323544857073,0,,0.4689234154641493,2.91,healthcare,2,0
997,manual,prospect,0.18932161404291328,2,,0.40665746580226664,4.05,tech,7,0
998,meta_ads,churned,0.703379271168658,0,,0.15195326607713722,1.63,finance,5,0
999,organic,lead,1.4262506351930064,0,,0.15006842073215554,4.29,education,2,0
1000,manual,lead,5.276733237609832,3,,0.3186299172964774,3.33,other,10,0
1001,organic,customer,1.2783825326351694,2,0.7798542163907669,0.26555633697665026,2.23,tech,1,1
1002,meta_ads,prospect,3.9283549394880324,3,,0.590063219830436,2.91,tech,8,0
1003,referral,lead,1.0342126471943627,0,,0.35998010402720637,5.0,tech,1,0
1004,manual,prospect,0.8562639899758429,1,,0.3476104421450099,2.43,other,3,0
1005,manual,prospect,4.661476351394474,4,,0.507625864998071,2.08,retail,10,0
1006,meta_ads,prospect,1.1737759948256592,2,,0.09009456061880974,4.47,education,1,0
1007,organic,lead,0.1541057591782063,7,,0.3772599769971255,5.0,finance,2,0
1008,meta_ads,prospect,0.09831233529796879,3,,0.04197357722425652,2.48,healthcare,8,0
1009,organic,prospect,0.4842006247704993,0,,0.2998675327393534,3.3,retail,10,0
1010,meta_ads,lead,0.5683135786551556,2,,0.0359238421997289,2.57,retail,10,0
1011,organic,lead,0.42890036032111606,5,,0.36811343741457103,3.69,tech,3,0
1012,manual,lead,1.5447251468930794,1,,0.13051210095655552,3.37,education,10,0
1013,meta_ads,lead,0.07655893758513116,1,,0.08671500456148368,2.64,other,2,0
1014,organic,lead,1.2166410279907691,0,,0.3955860815186583,3.12,other,3,0
1015,organic,customer,0.9057494526856134,0,14.967874218063734,0.07466967461470808,2.79,healthcare,3,1
1016,manual,churned,1.2013050520704613,3,,0.21534367798247542,2.18,education,4,0
1017,referral,lead,0.3346508833452236,1,,0.0982631362684628,5.0,healthcare,1,0
1018,referral,customer,3.172292999177558,2,6.586519811980861,0.08101672061276509,3.24,tech,1,1
1019,meta_ads,lead,0.4814284886024286,0,,0.5260871285486125,3.5,retail,8,0
1020,referral,prospect,2.453563809733112,1,,0.25020351802707913,2.88,finance,6,0
1021,meta_ads,prospect,0.2801299601940227,0,,0.27119394656711343,3.23,education,6,0
1022,referral,lead,0.13826521377505846,2,,0.09999894101110852,2.91,education,4,0
1023,organic,lead,2.8335881517861483,0,,0.26533838227926015,2.55,finance,2,0
1024,meta_ads,customer,1.3626066610953533,0,30.930698009606164,0.35474737457037614,5.0,other,8,1
1025,meta_ads,lead,3.818881939134245,1,,0.29959359318266515,3.58,education,7,0
1026,meta_ads,lead,2.1046724930604754,2,,0.41508886605159323,3.11,tech,3,0
1027,organic,lead,4.398115681956465,1,,0.020898411833256237,3.95,finance,4,0
1028,manual,churned,0.28873656108165197,3,,0.08602330293112707,3.51,healthcare,1,0
1029,meta_ads,prospect,2.800818223235521,1,,0.3550129039357115,3.23,other,2,0
1030,manual,lead,1.5694833502034682,0,,0.429500280077438,3.29,healthcare,3,0
1031,manual,churned,1.4416644866004407,1,,0.46025559922830656,4.77,finance,1,0
1032,referral,customer,0.13691900263361395,0,1.3679822911021036,0.026385423218041677,3.92,education,4,1
1033,referral,lead,1.8768596312811148,1,,0.4709811595085381,2.37,other,7,0
1034,meta_ads,lead,3.9186480441557285,0,,0.17079406690992385,3.39,education,4,0
1035,meta_ads,churned,1.807321755229917,1,,0.11725160612887639,4.52,tech,6,0
1036,manual,customer,0.9289007948183066,0,14.923043219709097,0.2904889267000644,3.31,finance,2,1
1037,referral,lead,0.7713572832000314,2,,0.12374689549003934,3.22,retail,4,0
1038,meta_ads,lead,1.6286687045144481,2,,0.3418722983584305,3.2,finance,1,0
1039,referral,customer,1.7203385166327734,1,4.954731488478034,0.35726668316608595,3.2,healthcare,3,1
1040,manual,lead,2.359298363023128,2,,0.3930720991693754,4.77,retail,6,0
1041,organic,customer,1.308879835574997,3,2.9729766918089613,0.24125009947460682,3.17,education,9,1
1042,organic,lead,2.0515995095370902,2,,0.22441624172689983,3.59,retail,7,0
1043,meta_ads,lead,5.156092433923396,4,,0.06803400454621342,3.38,finance,1,0
1044,meta_ads,churned,0.004915207759731467,4,,0.31468212658838507,3.97,tech,4,0
1045,manual,customer,0.9189172715394194,1,4.88437390773811,0.2625870737978321,2.62,other,10,1
1046,referral,lead,0.850407794396084,2,,0.32695091427948714,3.62,education,3,0
1047,organic,prospect,0.6230392447946738,2,,0.12282995877065966,4.32,tech,1,0
1048,organic,customer,3.42033500254546,2,9.624329073392854,0.09040058247396598,5.0,tech,10,1
1049,meta_ads,churned,3.165127503002856,0,,0.36704033943100933,3.19,education,6,0
1050,manual,customer,2.6286552094143176,3,4.496972191567075,0.17149740897616528,4.47,finance,4,1
1051,manual,churned,0.47014438783955953,0,,0.06370156877097383,3.69,tech,3,0
1052,meta_ads,prospect,2.8032504309769153,2,,0.6529515150404978,3.16,other,2,0
1053,manual,lead,3.8114096214469955,2,,0.5895847765862153,3.73,education,7,0
1054,meta_ads,prospect,2.3306226791628704,3,,0.105107936033062,1.91,healthcare,2,0
1055,organic,lead,3.568067648670973,2,,0.6096415339208898,4.31,finance,6,0
1056,manual,customer,2.869333366816403,1,0.6366455249608309,0.42176007017628586,3.69,other,4,1
1057,referral,lead,5.640245459418433,3,,0.23618673964885673,3.77,finance,3,0
1058,organic,lead,2.2252409724212505,1,,0.07012403282427777,3.1,healthcare,3,0
1059,organic,customer,0.27445918176965517,1,3.9614592589478685,0.11407235496917364,1.94,education,7,1
1060,meta_ads,lead,4.941368244035087,1,,0.2791717402047979,3.16,healthcare,6,0
1061,manual,prospect,0.5720156596667315,2,,0.2959817095831545,2.84,retail,8,0
1062,meta_ads,prospect,1.0671554590162906,3,,0.5062075234851777,2.34,healthcare,3,0
1063,manual,lead,1.5062329218758572,2,,0.3432856290852999,3.59,finance,1,0
1064,meta_ads,lead,2.96829108608134,1,,0.4582177018549029,3.84,other,1,0
1065,referral,customer,0.9458896960360333,2,3.604280997706276,0.1392921788138469,3.04,other,4,1
1066,meta_ads,lead,0.457485194008057,2,,0.37628788280894004,2.43,finance,3,0
1067,organic,lead,3.3937563570144462,1,,0.14215908929191912,3.78,healthcare,2,0
1068,referral,lead,1.1608937205988712,2,,0.4691844993163945,2.41,tech,4,0
1069,referral,lead,0.4817304539657319,1,,0.21030269166315355,2.75,healthcare,1,0
1070,meta_ads,churned,1.4221182983065082,4,,0.3062915252705816,3.93,retail,9,0
1071,organic,lead,0.7529836113054333,1,,0.21886764771212514,3.74,tech,2,0
1072,organic,lead,0.39259699891853717,2,,0.07137367867734021,3.2,tech,10,0
1073,organic,lead,5.849016024054227,0,,0.3253350724500852,4.17,retail,5,0
1074,referral,prospect,0.2863292692580724,0,,0.057640208097713495,4.99,other,2,0
1075,meta_ads,prospect,2.8414051634401707,1,,0.10300175075375294,4.24,finance,2,0
1076,meta_ads,lead,4.990513509143875,2,,0.19610891066382088,2.16,tech,3,0
1077,organic,churned,2.333542165549293,1,,0.2513733219633596,4.67,retail,5,0
1078,organic,lead,0.5857484191578142,2,,0.5185567029370535,2.34,finance,2,0
1079,meta_ads,lead,3.659754078947817,1,,0.1277823593392011,2.77,retail,1,0
1080,meta_ads,lead,1.0754227666120395,2,,0.13016344822947318,3.78,education,9,0
1081,manual,customer,1.510421786628703,2,11.199737723756428,0.2837464071231553,3.47,retail,6,1
1082,manual,lead,1.4176760285157461,4,,0.3554601585327415,2.02,other,6,0
1083,manual,lead,4.527274321103177,1,,0.21171353287182895,3.67,healthcare,1,0
1084,organic,lead,1.1022300758190235,3,,0.4309668564592769,4.65,retail,1,0
1085,organic,lead,0.28635377424263275,1,,0.5913257101533421,2.57,education,6,0
1086,organic,prospect,1.8497427736086138,1,,0.47485538329740373,2.35,retail,2,0
1087,manual,customer,2.863509094925823,2,5.373468534948004,0.18822047887634036,1.98,retail,10,1
1088,meta_ads,lead,0.7373651257990148,2,,0.20066583124259918,2.53,retail,1,0
1089,organic,prospect,1.8237896155036588,3,,0.14771472152976958,5.0,other,1,0
1090,organic,prospect,3.6444928666914382,3,,0.3566683943249334,2.54,education,8,0
1091,meta_ads,churned,1.4119448411364806,3,,0.15804235253816679,4.18,other,3,0
1092,referral,prospect,6.122784479112323,0,,0.21894732773749048,4.49,retail,3,0
1093,referral,churned,3.9455626910786297,1,,0.15080935371520626,4.82,education,1,0
1094,referral,lead,0.007874122975521203,1,,0.25746315608894843,1.8,healthcare,2,0
1095,meta_ads,lead,3.041849224329147,0,,0.33982732547401345,3.2,healthcare,7,0
1096,meta_ads,customer,2.5112734829831886,2,0.4557978615055011,0.21967477524858467,5.0,finance,2,1
1097,meta_ads,customer,0.6971917474749718,3,2.4216261179700456,0.06064203144189325,3.02,retail,5,1
1098,referral,customer,0.8660066771852476,0,0.3396348966192716,0.47047795915002605,3.83,healthcare,10,1
1099,organic,lead,0.050644052602973146,2,,0.04963220015987575,3.41,other,2,0
1100,organic,lead,1.0838377968700281,4,,0.3485996326639602,4.91,other,2,0
1101,meta_ads,customer,8.56332201711854,3,1.0554867362212574,0.24252228933375647,4.55,healthcare,1,1
1102,manual,lead,0.3847360974323158,4,,0.029819908979689325,4.03,healthcare,2,0
1103,organic,lead,1.7079016593127117,2,,0.16446268802946729,4.44,finance,3,0
1104,referral,churned,0.4924904101138719,0,,0.17059748934587218,3.52,tech,2,0
1105,referral,churned,0.12119077964474124,2,,0.5632024136576048,2.66,education,2,0
1106,organic,prospect,5.239387496006051,1,,0.15910532124389984,3.49,healthcare,1,0
1107,manual,prospect,2.0214245664767936,3,,0.08161594989342616,3.72,healthcare,1,0
1108,manual,lead,0.7462058519382236,0,,0.07659234702425914,3.25,tech,2,0
1109,organic,prospect,0.4276985431075958,1,,0.37370897462476405,1.0,tech,4,0
1110,manual,lead,1.9533121772732127,2,,0.12223209759172247,3.59,education,6,0
1111,organic,customer,2.669303934289913,0,5.096583986146955,0.10661511759700491,3.89,finance,3,1
1112,organic,churned,2.3701368890414263,0,,0.059084508303298686,2.74,finance,10,0
1113,meta_ads,lead,0.7305842312901393,0,,0.13870515554705123,4.35,education,3,0
1114,organic,customer,2.5095217453577616,4,5.618669658807639,0.37788911795407343,3.37,education,7,1
1115,referral,churned,0.5098887575729159,1,,0.11130871559575926,2.4,finance,10,0
1116,manual,prospect,10.52321086618662,0,,0.23057635509190597,2.05,finance,5,0
1117,referral,lead,0.7408326208095707,3,,0.43186008870619924,2.23,healthcare,1,0
1118,manual,customer,0.086129049564855,4,1.0543237553583362,0.4243438313257225,3.53,retail,7,1
1119,referral,lead,2.2213493917428813,1,,0.2930351052674673,4.47,education,2,0
1120,referral,lead,4.401948225039333,3,,0.0242517773055944,3.1,education,1,0
1121,organic,lead,0.04213113815074539,3,,0.21782637328403012,3.93,other,5,0
1122,referral,lead,1.1126015096242987,3,,0.15778320227488324,1.44,other,4,0
1123,meta_ads,churned,0.11449281988376626,0,,0.6084993691827291,2.49,education,7,0
1124,manual,customer,2.3541333266341327,0,0.6725790356152507,0.5969323207913994,1.0,education,1,1
1125,meta_ads,lead,5.2224945032073915,1,,0.11531558910998993,3.02,finance,1,0
1126,organic,prospect,0.20725192839361012,3,,0.2973046893558898,2.72,tech,1,0
1127,manual,lead,0.9822070126840793,0,,0.37329250625279164,3.33,other,1,0
1128,meta_ads,lead,0.27608264943972055,1,,0.1512349321835897,3.61,finance,6,0
1129,organic,prospect,3.7461400988883153,6,,0.46590578277904554,5.0,tech,1,0
1130,referral,prospect,0.5961115509609609,1,,0.2532566871934447,3.34,finance,8,0
1131,organic,lead,1.2617345925738783,1,,0.5537658276391714,3.58,tech,3,0
1132,referral,lead,0.6450602732449984,0,,0.1590588079419888,2.87,tech,1,0
1133,meta_ads,lead,2.9716049287937896,2,,0.26345398771579903,3.46,retail,2,0
1134,manual,churned,4.341774993788168,1,,0.1580536956136343,3.34,retail,3,0
1135,manual,customer,3.8608980018072003,2,13.827629201078137,0.3527572188209537,2.99,finance,2,1
1136,manual,lead,2.8294853506014572,3,,0.20126920572694562,4.5,retail,2,0
1137,organic,lead,2.5924785346665535,0,,0.24440876329182804,2.74,tech,4,0
1138,meta_ads,lead,2.829344539975876,3,,0.40606644653825597,5.0,finance,9,0
1139,referral,churned,1.1184315164383212,3,,0.5540130374846386,3.23,tech,2,0
1140,referral,lead,4.164155348659236,0,,0.19917724004028114,2.99,retail,1,0
1141,organic,customer,0.15447684348887827,1,8.351393720227133,0.4999926697786575,3.87,education,1,1
1142,meta_ads,lead,3.781889845155396,1,,0.30461571978352064,1.97,education,10,0
1143,manual,customer,3.1914603388369156,2,3.525129739325836,0.17918315622088207,3.48,retail,1,1
1144,organic,prospect,3.430256584385033,1,,0.4899452299718118,2.87,retail,3,0
1145,organic,lead,7.294752201968527,2,,0.10038653623304526,2.93,finance,1,0
1146,organic,churned,0.8544147594924526,2,,0.18068247416330893,3.6,retail,1,0
1147,referral,prospect,1.2840845846091555,1,,0.3621822733383239,4.43,finance,2,0
1148,organic,lead,0.02750807610727281,0,,0.5572818260309752,2.45,retail,3,0
1149,manual,lead,0.5257861046595309,1,,0.27151808456023724,4.38,finance,1,0
1150,meta_ads,prospect,8.842806751529201,2,,0.3114269273276057,3.46,finance,7,0
1151,manual,lead,1.596963908058,1,,0.31143780070570726,5.0,tech,1,0
1152,organic,lead,5.669236843471409,1,,0.10277452633568357,3.91,finance,4,0
1153,meta_ads,prospect,0.7581017318157305,1,,0.03312726752436064,3.76,tech,10,0
1154,referral,customer,2.015850464324511,1,11.472115297106368,0.31851249744590737,3.28,retail,1,1
1155,manual,customer,1.3281605115239628,2,0.8594248337283438,0.05053124569070993,3.28,finance,2,1
1156,meta_ads,prospect,6.922774924113787,4,,0.14867863324196867,4.18,retail,3,0
1157,organic,lead,3.1939219257400606,1,,0.3232295556193259,3.01,retail,5,0
1158,referral,lead,0.9285741184029083,0,,0.6624741262564476,2.5,tech,2,0
1159,referral,prospect,2.700382889053708,2,,0.6647003423446645,2.84,finance,5,0
1160,organic,customer,0.6918811310126265,0,0.1149853213745418,0.06033413097320925,3.2,education,3,1
1161,meta_ads,lead,0.20111902991743744,2,,0.6377308588967028,4.09,other,1,0
1162,meta_ads,lead,2.543532259659799,2,,0.37848742821429276,4.18,finance,1,0
1163,manual,churned,0.01667903688584505,3,,0.0791512562563766,3.95,education,10,0
1164,organic,prospect,4.280873555358632,2,,0.058186182337999465,3.5,retail,4,0
1165,manual,churned,0.7818751039576315,2,,0.1790703563027812,4.06,other,6,0
1166,manual,prospect,0.5825226145262283,1,,0.09306960994435715,4.15,healthcare,2,0
1167,manual,lead,2.981779376148525,1,,0.3388368424725829,2.16,retail,6,0
1168,meta_ads,prospect,0.10288981822793351,1,,0.13002924466661722,3.83,education,4,0
1169,organic,lead,1.4985850146256297,2,,0.2486337822116953,2.75,retail,10,0
1170,organic,churned,0.6043963182855522,5,,0.10078681272645916,3.69,healthcare,2,0
1171,organic,customer,0.6261285750496659,1,0.44537932336326014,0.42332720316317823,3.84,healthcare,10,1
1172,meta_ads,prospect,0.3081326837599235,0,,0.39789587648547914,3.45,other,1,0
1173,manual,lead,1.2545943452924895,3,,0.5229035944993432,3.9,other,2,0
1174,organic,customer,0.8060070356382399,0,2.8031224348785653,0.22729278101048164,3.61,finance,4,1
1175,referral,churned,0.7374794112086125,2,,0.3476185896055452,3.04,tech,2,0
1176,meta_ads,lead,1.1063111450086702,1,,0.11181151441078754,3.66,retail,3,0
1177,referral,customer,2.444970620882222,1,4.009418615248083,0.19167512257132052,2.89,education,1,1
1178,manual,churned,0.18491648756621704,2,,0.28945389480221373,4.09,tech,1,0
1179,manual,lead,0.8186867731546678,0,,0.22032996958202514,3.75,healthcare,5,0
1180,organic,prospect,0.03335550616181767,0,,0.059010573886468284,3.1,education,10,0
1181,meta_ads,churned,0.343211169896303,2,,0.39308850023312664,3.75,education,1,0
1182,meta_ads,customer,3.6929815045403958,2,8.956767196081985,0.08773460787432984,3.36,education,1,1
1183,referral,customer,1.7358411679723973,2,0.9348657039142474,0.17098309986045257,3.4,finance,1,1
1184,manual,prospect,0.21269712301961374,4,,0.26575279589169215,5.0,education,4,0
1185,manual,lead,4.262731366270942,2,,0.3377239174341167,4.31,finance,4,0
1186,manual,lead,0.12274296965100488,1,,0.03772767495754067,2.67,education,5,0
1187,manual,lead,4.932015102956715,2,,0.1814282229379896,2.78,finance,4,0
1188,organic,lead,4.265123785157047,2,,0.09615075577026443,3.31,retail,2,0
1189,referral,customer,0.9834426282771516,3,20.116604547873116,0.08047795796170552,2.54,tech,4,1
1190,referral,customer,0.1704709125100656,0,1.6921912048507994,0.3891432893770404,2.87,finance,1,1
1191,referral,lead,0.8887078431868188,3,,0.12496160742784614,2.77,retail,1,0
1192,meta_ads,churned,2.559617889544896,3,,0.35405575837850983,2.33,healthcare,1,0
1193,organic,lead,2.364390026518101,2,,0.4243499609682416,3.11,other,4,0
1194,manual,customer,0.015751709041795257,2,9.245535516707072,0.31600212059689525,4.0,finance,2,1
1195,referral,customer,0.21744163127717245,0,0.9902063071010299,0.3778822116829661,3.09,education,2,1
1196,meta_ads,lead,2.881991774336703,1,,0.3187926134249929,4.32,healthcare,4,0
1197,manual,customer,0.37971374653504125,2,13.244997323508974,0.22102435524162758,4.34,education,1,1
1198,referral,customer,3.6151571999422205,1,6.699017208018714,0.49518852361587234,3.36,education,5,1
1199,organic,lead,1.2212195791763059,1,,0.23599614816828623,5.0,other,1,0
1200,manual,lead,0.15011654660434867,2,,0.14104600115797883,3.95,education,6,0
1201,meta_ads,lead,3.526793940392988,1,,0.20752176259793753,2.03,healthcare,1,0
1202,meta_ads,lead,1.262452399871948,1,,0.2627655029072623,2.14,retail,7,0
1203,meta_ads,churned,0.5714639556134405,0,,0.29751262854656635,2.38,other,1,0
1204,organic,lead,0.3803936850483318,0,,0.3650678401638388,2.84,retail,1,0
1205,manual,prospect,1.938113353943541,2,,0.0933162097919796,3.68,tech,2,0
1206,meta_ads,lead,2.529593704160606,1,,0.44123355050366175,3.55,retail,2,0
1207,manual,lead,2.2792500296707066,1,,0.173828229146453,3.7,retail,10,0
1208,referral,lead,1.2135962562864284,1,,0.39924813949648036,5.0,finance,2,0
1209,meta_ads,lead,1.6361668157527416,0,,0.27901931389196255,4.16,retail,2,0
1210,meta_ads,lead,1.8159652148958034,1,,0.23237384524544052,3.97,education,1,0
1211,organic,customer,1.6016044429468135,0,9.447270671544977,0.4381072173779036,3.2,other,1,1
1212,organic,prospect,0.9345905686434471,1,,0.16239713359008456,4.25,finance,1,0
1213,manual,prospect,3.8483085953515928,2,,0.20317336019985935,2.65,other,2,0
1214,meta_ads,prospect,4.18867179998384,1,,0.42285822462770084,2.84,healthcare,10,0
1215,organic,prospect,1.468313125296618,1,,0.17714215565303426,2.99,tech,4,0
1216,organic,lead,2.4945819550757844,2,,0.20836918761933548,2.08,finance,5,0
1217,referral,prospect,3.256751965036819,2,,0.44954094907598835,2.42,retail,5,0
1218,referral,prospect,2.1571740503088943,1,,0.23798279849121037,4.95,healthcare,6,0
1219,manual,lead,3.086453638309825,4,,0.8288380137290324,3.5,education,1,0
1220,manual,prospect,1.412307273038524,1,,0.3777862465574727,4.4,tech,3,0
1221,referral,prospect,3.2258158611459438,2,,0.005184300842906216,4.42,education,1,0
1222,referral,lead,0.3723769477662165,1,,0.10651836267262905,3.84,tech,1,0
1223,manual,lead,1.1753498465747252,2,,0.2520544080807129,4.26,finance,1,0
1224,referral,customer,0.05603727477448372,1,0.6269410940044193,0.3574195759479862,3.52,finance,8,1
1225,referral,lead,3.3748829850749296,3,,0.053603208346600054,2.73,education,3,0
1226,organic,customer,0.19579932363948033,4,6.238733646458753,0.14898317376211032,3.66,education,7,1
1227,manual,prospect,0.9128536928487337,0,,0.2931915242630318,2.22,other,5,0
1228,organic,customer,0.39946537443529934,4,37.80245313168669,0.3963241198592478,3.41,other,1,1
1229,manual,churned,0.44841627569862696,0,,0.3727401205224036,2.11,finance,1,0
1230,manual,prospect,0.0865707438573508,2,,0.3805152697976441,5.0,other,1,0
1231,meta_ads,prospect,1.6443360814158747,3,,0.17980173862363585,4.37,education,2,0
1232,organic,lead,0.4321530480449685,2,,0.12465174831901267,3.62,other,2,0
1233,organic,prospect,3.9665236186267854,0,,0.3526028914550907,4.49,other,9,0
1234,manual,churned,0.6374422844544229,0,,0.45054525886447877,4.24,other,2,0
1235,referral,prospect,6.938481545311784,2,,0.1469551279057066,3.34,healthcare,2,0
1236,organic,lead,0.45837668631302525,1,,0.1484008816101603,4.9,retail,8,0
1237,organic,customer,6.982192201048261,0,2.523311982601961,0.1370088527172551,1.44,other,3,1
1238,organic,churned,6.3786803690348215,0,,0.4119845643287575,3.62,finance,1,0
1239,meta_ads,lead,1.6641251493145046,1,,0.10143510547701237,2.73,healthcare,1,0
1240,referral,prospect,2.594667249082068,4,,0.24462853136748186,3.35,finance,1,0
1241,referral,lead,1.5428595535576435,2,,0.2248131506876127,5.0,finance,3,0
1242,manual,customer,1.1391589602769903,2,13.250801325584794,0.5734450661568273,2.83,retail,1,1
1243,meta_ads,customer,0.09403653748852796,0,2.0720257583024413,0.44336865338790926,3.08,education,1,1
1244,meta_ads,prospect,1.6824534026957112,4,,0.42198677806653045,3.31,healthcare,6,0
1245,meta_ads,customer,1.404686542134691,3,19.333423676237118,0.10867274361542219,3.46,retail,2,1
1246,referral,prospect,2.1877118761080774,2,,0.173636243831525,3.68,healthcare,1,0
1247,organic,churned,1.0615923126288724,1,,0.48159038286284855,4.55,finance,4,0
1248,manual,churned,0.8191823806065535,0,,0.25043497755813965,3.37,retail,2,0
1249,organic,lead,0.6948035102156016,0,,0.21851148750855598,4.09,other,2,0
1250,organic,customer,2.2066689431530975,3,13.419049157844965,0.1695721332014957,3.69,retail,1,1
1251,referral,prospect,1.8391340050583898,2,,0.0865582580329424,3.67,healthcare,1,0
1252,referral,prospect,1.6307121829405435,3,,0.261286129714694,3.58,tech,1,0
1253,manual,lead,0.7826795759002777,0,,0.18093971412857268,4.75,healthcare,3,0
1254,organic,prospect,2.009088047869606,4,,0.24122325432796118,2.37,tech,1,0
1255,organic,prospect,0.44041518372739946,3,,0.6391543571916729,3.49,other,2,0
1256,manual,prospect,0.7895995548009331,1,,0.11247807126195508,3.53,retail,5,0
1257,manual,lead,3.8810865281696323,1,,0.47512610611829637,4.17,education,2,0
1258,organic,customer,1.5528324926269772,0,5.633769400225751,0.5657761785738358,3.95,tech,4,1
1259,referral,customer,0.041101109226100496,1,59.45011135328798,0.15992451012767833,2.2,education,2,1
1260,organic,lead,1.9411422656529584,0,,0.08288105271137453,4.86,tech,1,0
1261,organic,lead,0.03544311807936528,2,,0.3876762625213467,3.02,finance,2,0
1262,referral,lead,0.738095723637503,1,,0.6463951841448874,2.78,retail,1,0
1263,referral,lead,0.3886595981898555,2,,0.06002237809666997,4.77,tech,7,0
1264,referral,churned,0.407000557451146,1,,0.09557937039628853,4.34,retail,10,0
1265,referral,prospect,4.223802326326928,2,,0.2593310636077258,4.69,other,1,0
1266,organic,lead,0.7967570438434902,0,,0.1573193488870008,1.65,retail,10,0
1267,referral,customer,0.816084364641897,3,13.773180527206497,0.2639960762480753,4.78,healthcare,6,1
1268,manual,lead,0.41748244757440994,3,,0.057115862387894956,2.39,healthcare,4,0
1269,organic,lead,1.7403530513444023,2,,0.11624006048142395,3.14,tech,1,0
1270,organic,lead,0.19288510041335888,3,,0.05170854710548755,3.73,other,10,0
1271,meta_ads,lead,1.5151529374244284,1,,0.45658856256743247,5.0,other,2,0
1272,referral,customer,5.2547554390851055,0,4.633127790612835,0.1546680889675084,2.32,education,1,1
1273,meta_ads,prospect,0.25797652343387534,3,,0.10430821320998405,1.89,tech,8,0
1274,meta_ads,prospect,0.5950392408541606,1,,0.48986987286138783,3.68,tech,1,0
1275,meta_ads,prospect,1.5869847848078726,0,,0.1805430702444887,1.86,retail,2,0
1276,manual,lead,3.2183463808009587,2,,0.17667067839668327,2.42,education,3,0
1277,referral,prospect,3.923106886236743,0,,0.6255800618970409,3.08,healthcare,1,0
1278,organic,prospect,2.8458041667084735,0,,0.4770714144068432,2.95,other,3,0
1279,meta_ads,lead,1.037229822990664,1,,0.36255227567480275,5.0,other,5,0
1280,meta_ads,prospect,0.7557649820561537,3,,0.45588895919119005,2.79,finance,1,0
1281,organic,prospect,5.7710441594411765,0,,0.3519366295869,1.21,tech,3,0
1282,meta_ads,lead,0.5579839141631757,0,,0.14293190180503862,2.96,tech,3,0
1283,manual,lead,0.03721247430224039,0,,0.6130197916307853,4.47,healthcare,2,0
1284,referral,customer,0.28672082972231316,2,5.528349404037111,0.2866633613592049,2.98,healthcare,6,1
1285,referral,customer,1.84338210541915,1,6.876532601948756,0.32796369906175526,5.0,finance,4,1
1286,organic,lead,1.4379003469583125,2,,0.0751713639941553,4.27,retail,3,0
1287,organic,prospect,2.2901302840473075,1,,0.31511942996042375,2.76,retail,3,0
1288,referral,lead,2.3280498109230923,2,,0.4160292415899036,3.0,tech,3,0
1289,meta_ads,churned,0.934452521906057,2,,0.18027433672205673,3.79,education,2,0
1290,manual,lead,3.1631818212821217,1,,0.2336133007149252,2.42,tech,9,0
1291,meta_ads,customer,0.6898425429128981,1,29.188118506325452,0.32709141574787837,3.65,tech,1,1
1292,referral,prospect,7.557199857374664,2,,0.1420477481310485,3.27,retail,3,0
1293,referral,lead,3.093458259654814,1,,0.5357936722578617,2.95,tech,2,0
1294,meta_ads,customer,0.7658399349823312,3,24.026878920585396,0.20625196472758903,3.29,tech,4,1
1295,referral,lead,0.1994904211046818,2,,0.10987676587849868,2.69,other,1,0
1296,referral,prospect,1.7101828594028343,2,,0.15596657494306454,3.17,tech,10,0
1297,meta_ads,customer,3.1269427824701137,1,8.975804676324833,0.1298859627538416,4.19,tech,7,1
1298,meta_ads,customer,5.5510132193747745,2,11.944840121296505,0.47410775092635077,2.6,other,4,1
1299,organic,lead,0.17713675502744233,2,,0.5442093277227864,4.34,retail,5,0
1300,referral,customer,4.5012688913867995,0,33.78545636542191,0.3222638165849717,3.77,tech,1,1
1301,referral,customer,0.6896586776515478,0,16.38680502272543,0.4590290675052497,5.0,healthcare,1,1
1302,meta_ads,prospect,0.38598405454722373,2,,0.24362179651635862,1.88,retail,1,0
1303,referral,customer,1.2649831017763682,1,11.634754350370981,0.31289465044519693,2.9,other,3,1
1304,manual,customer,0.6543994947667175,0,5.556153861685674,0.3649873843798018,5.0,other,1,1
1305,organic,lead,0.30111482923963734,2,,0.41349114063412645,1.01,other,2,0
1306,meta_ads,churned,0.7051301111605616,2,,0.43950054838014874,4.29,healthcare,2,0
1307,meta_ads,prospect,3.050576241088056,1,,0.163795281363306,4.81,education,10,0
1308,manual,customer,1.3295405529576567,2,2.92367952626696,0.0838828011496655,2.47,other,6,1
1309,manual,lead,0.6911218775304888,3,,0.25848194923702505,3.56,retail,2,0
1310,referral,prospect,5.098135272824685,0,,0.3912929924657881,3.07,other,3,0
1311,organic,prospect,4.380440869628678,3,,0.19055287615703018,2.91,retail,3,0
1312,meta_ads,customer,0.4090001941691534,0,0.3665343346114031,0.39392613513693314,4.63,retail,1,1
1313,meta_ads,lead,7.856515428881202,1,,0.3534689831958191,3.03,other,1,0
1314,referral,lead,0.47366828398667304,1,,0.10571585404263802,1.02,other,10,0
1315,organic,churned,2.7998789872599255,4,,0.6543237276037862,4.2,other,1,0
1316,referral,prospect,2.9326779016161897,5,,0.25000981714261333,3.74,other,1,0
1317,meta_ads,prospect,1.8310136495595442,1,,0.2440717929767772,2.87,other,1,0
1318,organic,prospect,0.1613082510634833,1,,0.22856732618747336,4.58,other,3,0
1319,manual,lead,1.0177770517700966,1,,0.3763498536359704,3.3,education,3,0
1320,meta_ads,lead,1.3890828152671795,3,,0.47854418098578116,2.82,healthcare,1,0
1321,manual,customer,6.727150332973528,0,17.116815228765855,0.246346947097969,4.81,healthcare,1,1
1322,meta_ads,customer,0.1330807986172567,0,5.429936535321999,0.11181936087068559,3.95,finance,5,1
1323,organic,lead,0.6816859525810265,1,,0.44270759438356416,2.91,finance,1,0
1324,meta_ads,prospect,4.8443096999024196,0,,0.13503310650522732,2.46,education,1,0
1325,manual,prospect,3.7573749912526972,2,,0.22226920248424545,4.54,healthcare,1,0
1326,meta_ads,prospect,1.5774419158860782,0,,0.11256368075293052,5.0,education,2,0
1327,manual,lead,1.6555595220369563,0,,0.219038634354384,4.09,retail,2,0
1328,manual,lead,1.0899183846527414,5,,0.19098091832662217,4.4,retail,2,0
1329,meta_ads,lead,3.055574377325222,1,,0.4407464892692659,2.27,retail,3,0
1330,meta_ads,prospect,0.6639614204619713,1,,0.46551272114673964,4.97,tech,2,0
1331,meta_ads,customer,2.240186602434522,2,10.697136110220882,0.1894808144101669,2.4,education,1,1
1332,referral,customer,2.321962113197824,1,12.214207344178403,0.0713978577802476,1.0,education,4,1
1333,organic,prospect,0.6820470496710995,0,,0.44621823594316706,4.02,retail,6,0
1334,referral,lead,4.250258092590722,2,,0.15208850220767864,2.99,tech,3,0
1335,organic,customer,1.2799974309502795,2,4.345790112288267,0.35842188784604473,4.33,finance,1,1
1336,manual,customer,0.5964617075707458,0,3.7860989438811723,0.041281641099045883,1.55,finance,2,1
1337,manual,lead,6.984787490858777,1,,0.176839255299182,3.95,other,4,0
1338,organic,lead,1.6649001935755638,4,,0.11950225524725575,3.37,finance,1,0
1339,referral,prospect,0.10586268791966137,3,,0.24901885002751883,3.47,finance,3,0
1340,meta_ads,lead,1.4755181176817542,2,,0.41459467585822046,4.16,healthcare,8,0
1341,manual,lead,7.450534081664107,2,,0.3882891923728248,5.0,other,1,0
1342,manual,lead,0.08215399285106066,3,,0.13013521873233275,3.42,education,8,0
1343,organic,lead,0.7072164772831657,1,,0.3238853886802373,4.04,retail,1,0
1344,organic,prospect,5.947222510802589,0,,0.38052741884699093,1.56,healthcare,1,0
1345,referral,lead,0.8867915306563718,0,,0.22400351438066635,4.43,retail,4,0
1346,meta_ads,churned,2.338113169276774,2,,0.2544754070309765,3.99,other,5,0
1347,meta_ads,customer,0.02544639823102255,0,0.6735553979375111,0.29630972281885304,5.0,retail,1,1
1348,manual,prospect,2.0984487635799005,0,,0.13294059201584155,3.16,education,1,0
1349,organic,churned,0.4574340261384688,1,,0.6457106694868895,2.85,tech,1,0
1350,meta_ads,prospect,4.206510730630253,0,,0.31635150915728727,3.3,retail,10,0
1351,manual,churned,4.359538752955351,1,,0.18217807991159957,3.2,healthcare,2,0
1352,organic,customer,6.518300680175405,2,6.118006449431763,0.22360403594258543,3.21,healthcare,10,1
1353,meta_ads,lead,0.09189834987586176,0,,0.11002388440177611,1.78,education,2,0
1354,referral,prospect,0.1981222448222338,2,,0.17245271018772276,4.62,retail,1,0
1355,manual,churned,1.2428837689253096,7,,0.2518404978061361,3.63,other,2,0
1356,organic,lead,0.3230038532823417,4,,0.3426206867131147,2.78,finance,3,0
1357,referral,prospect,5.226739856780143,0,,0.3010557645295306,3.02,healthcare,1,0
1358,organic,prospect,1.8969488804972283,2,,0.4229402740777469,4.04,other,3,0
1359,referral,customer,2.649322469723306,2,30.17787298763264,0.5042881717594425,4.26,education,1,1
1360,referral,customer,1.5819357775983343,0,54.86197345547158,0.43972949948625206,4.15,education,2,1
1361,organic,lead,2.1297699148786537,1,,0.12665247822086703,4.38,education,3,0
1362,referral,prospect,1.5716388866015507,2,,0.23677718697692351,3.8,other,1,0
1363,organic,churned,0.24280616702832225,4,,0.1565118624856337,3.81,other,10,0
1364,organic,prospect,0.1813347830215535,2,,0.25409122323980043,3.54,other,1,0
1365,referral,customer,1.0391468251209874,0,18.03127403695732,0.26434764799853133,2.73,finance,5,1
1366,manual,prospect,1.1786368554548168,1,,0.5529465533540553,3.53,other,7,0
1367,manual,prospect,0.8975499722548307,4,,0.3175466334979952,4.1,education,2,0
1368,referral,customer,3.080073755202263,2,6.8523832666504045,0.4603538954648101,2.29,retail,2,1
1369,meta_ads,prospect,1.483390943393726,1,,0.5027082328391994,4.03,tech,2,0
1370,manual,lead,0.7981595264693546,1,,0.4134067566085168,2.47,other,3,0
1371,meta_ads,lead,1.6724996810976036,1,,0.3705589858139069,3.46,healthcare,3,0
1372,referral,prospect,2.1546225753872568,0,,0.32790086787180356,3.76,healthcare,2,0
1373,meta_ads,prospect,0.4063037634059408,3,,0.3188439505212431,3.84,finance,1,0
1374,organic,customer,1.3153449475356696,0,6.208897495901237,0.5250066234509148,3.85,tech,1,1
1375,referral,customer,2.6474955250417276,3,18.019914050052602,0.11827093590544409,3.29,tech,5,1
1376,organic,customer,3.8336165086692535,3,4.956637305006115,0.25379224843026366,3.18,education,2,1
1377,manual,lead,3.0069382906965725,2,,0.34866167708414364,4.49,other,2,0
1378,referral,prospect,0.6477792989683446,1,,0.27090717713039625,2.28,tech,1,0
1379,manual,lead,1.051832851030029,3,,0.21800604730261758,4.02,other,7,0
1380,referral,churned,1.9085568571795566,2,,0.021722598336025425,3.99,tech,4,0
1381,meta_ads,customer,0.48964197032704987,3,7.670771900670733,0.5505402450753701,3.63,healthcare,4,1
1382,manual,customer,0.9892352624316854,2,15.689338548487704,0.42866689108845685,3.08,other,4,1
1383,referral,customer,0.23359109139301973,1,4.238017807235969,0.27852585870778135,3.96,education,1,1
1384,organic,customer,3.2919939519488954,1,3.6025844322590657,0.31159415164613075,5.0,healthcare,8,1
1385,referral,prospect,1.4104611219517618,2,,0.5306515106063812,3.38,other,2,0
1386,meta_ads,lead,1.5254335860547048,0,,0.28124426405695074,2.22,healthcare,8,0
1387,meta_ads,lead,3.827998432475269,5,,0.1324238568206854,5.0,retail,1,0
1388,referral,prospect,4.379948728190815,3,,0.1368255313987887,5.0,healthcare,1,0
1389,organic,prospect,9.512419465733771,1,,0.17235907896016064,4.97,finance,3,0
1390,meta_ads,lead,1.8816559206925716,1,,0.39253795761840893,3.29,other,2,0
1391,organic,lead,7.984449031220816,0,,0.22793552561885547,1.0,finance,5,0
1392,meta_ads,customer,0.6161750488507713,0,6.533500230702174,0.036005996836174115,2.64,other,8,1
1393,referral,prospect,1.2161513386270508,2,,0.3266069951121857,4.31,education,2,0
1394,referral,lead,2.6228196963423764,3,,0.3586664199857663,3.4,other,3,0
1395,referral,prospect,0.5467085344799855,2,,0.06018513688964118,3.13,healthcare,1,0
1396,meta_ads,customer,0.7361759587272673,1,1.4139306001445973,0.539635274432829,4.61,healthcare,5,1
1397,manual,prospect,1.116187990765949,2,,0.28153170365302294,3.93,retail,5,0
1398,meta_ads,lead,3.089296294639711,2,,0.06458576675287132,4.25,healthcare,1,0
1399,referral,lead,1.26344315167829,3,,0.14474478783228686,4.61,finance,1,0
1400,organic,churned,2.25273359447474,1,,0.44331592828190086,2.2,education,5,0
1401,manual,churned,2.9763490641202286,1,,0.25251491858217123,3.85,other,2,0
1402,meta_ads,lead,1.0888985052180724,2,,0.08269680378562434,4.03,finance,1,0
1403,manual,lead,3.128433156772864,0,,0.3526580453668233,2.43,other,1,0
1404,organic,churned,0.16005846612186395,0,,0.24738745724182024,4.85,other,1,0
1405,referral,lead,0.14367152027500152,1,,0.23476312814688105,2.9,tech,4,0
1406,manual,lead,1.438895422164364,4,,0.458489417303216,4.23,other,2,0
1407,referral,lead,0.2717614436782381,2,,0.3056811827464516,2.07,education,1,0
1408,referral,prospect,0.8463954188998571,0,,0.2597692768575391,2.89,education,2,0
1409,manual,prospect,1.6942363930211939,0,,0.11291327182569064,1.95,finance,3,0
1410,organic,lead,2.928380292779308,1,,0.5317723056869309,4.96,tech,2,0
1411,meta_ads,lead,1.846856017423987,2,,0.3031953284448016,2.62,education,2,0
1412,meta_ads,prospect,9.306972118226504,2,,0.32482821623581004,4.65,healthcare,9,0
1413,organic,customer,1.7349217105678953,1,14.200816304155413,0.09921002113643664,3.5,retail,5,1
1414,meta_ads,lead,1.654119717586699,0,,0.08532332827707578,2.67,other,3,0
1415,manual,prospect,0.45420284262798133,0,,0.44132384183029777,2.59,tech,4,0
1416,organic,lead,0.6359652771741423,1,,0.262435511573479,2.19,other,2,0
1417,referral,lead,2.0737657303641557,1,,0.23019298364818197,4.59,tech,2,0
1418,meta_ads,lead,1.5299720534835741,0,,0.15900798680606495,4.39,finance,1,0
1419,meta_ads,prospect,1.1790358682486044,1,,0.27254120724933373,5.0,healthcare,1,0
1420,referral,prospect,2.2216907718868844,1,,0.26673298586588634,3.26,retail,1,0
1421,manual,prospect,1.9233111665436102,0,,0.5153367301595425,2.9,tech,2,0
1422,manual,prospect,0.15992592240608222,2,,0.2993130909912006,3.01,education,5,0
1423,meta_ads,prospect,0.29060613655821993,1,,0.5157463154230527,3.26,education,2,0
1424,meta_ads,customer,1.6376987754350505,1,6.271192608292128,0.5955304638768998,2.19,education,7,1
1425,meta_ads,customer,0.14502098099004654,2,14.500106784706778,0.30181180940017927,4.01,tech,7,1
1426,referral,churned,0.11775905663325649,2,,0.5682223046024506,3.93,tech,4,0
1427,referral,customer,1.263355281362732,2,41.90807468920481,0.18931562051138087,4.29,finance,4,1
1428,meta_ads,lead,7.991834201333293,2,,0.33282769782619875,4.29,retail,10,0
1429,manual,lead,0.47390007168279924,2,,0.42928977815860137,2.3,other,3,0
1430,meta_ads,prospect,1.1933694084456004,1,,0.47802695161741404,3.79,education,2,0
1431,organic,lead,6.0523598375658265,2,,0.162233699144318,2.88,retail,1,0
1432,referral,churned,2.2387519033517282,1,,0.4817664425375702,2.53,healthcare,1,0
1433,referral,prospect,0.9519029092938495,2,,0.13051941614304188,5.0,other,1,0
1434,referral,churned,1.3397183633670806,3,,0.4241024626419138,4.63,tech,1,0
1435,organic,lead,0.5500465712373137,5,,0.32264863640980723,2.55,tech,7,0
1436,manual,prospect,0.41364101576052587,3,,0.04049597215785925,1.93,tech,10,0
1437,referral,lead,0.3388747136450699,0,,0.5381285662264922,2.86,other,1,0
1438,referral,lead,1.4555382200634508,0,,0.25516274551909,4.0,other,4,0
1439,organic,lead,2.2109816337526706,2,,0.26460883143394975,2.93,healthcare,1,0
1440,referral,lead,0.1665786814931023,0,,0.04006183346650631,1.0,healthcare,4,0
1441,meta_ads,customer,0.8805453326279286,5,13.551546443601394,0.1837744351080363,4.09,education,2,1
1442,manual,prospect,3.5794958942646526,2,,0.28089328217797,1.95,tech,2,0
1443,referral,prospect,2.121699063036326,0,,0.3312440286460374,4.0,finance,1,0
1444,meta_ads,lead,3.6424909279159894,0,,0.47407241900618297,3.26,education,3,0
1445,manual,churned,2.06726860868602,0,,0.39422182017279966,3.48,finance,3,0
1446,organic,prospect,2.402574148136592,2,,0.4306952441553243,2.0,healthcare,1,0
1447,meta_ads,lead,2.544719659820267,2,,0.07482039306138853,3.33,tech,2,0
1448,organic,lead,2.8979589338912652,2,,0.41099632073352066,3.39,retail,2,0
1449,referral,prospect,0.41355846293958626,2,,0.18888027415557332,3.94,finance,6,0
1450,organic,prospect,0.4475613173252235,2,,0.08009318980983204,2.95,finance,5,0
1451,referral,churned,5.058248746589377,1,,0.2269678726444978,3.81,healthcare,1,0
1452,meta_ads,lead,3.7259571232510615,0,,0.25026728705955037,2.34,healthcare,5,0
1453,manual,lead,1.6275365101452517,2,,0.1308134363756059,2.41,finance,2,0
1454,organic,prospect,0.7775481511679134,1,,0.2987086243899477,4.3,finance,10,0
1455,manual,prospect,1.8102199432177006,2,,0.0746831539270116,2.27,finance,2,0
1456,referral,prospect,0.833345831234748,1,,0.05977490151501877,3.5,tech,1,0
1457,organic,prospect,1.296602902596186,1,,0.46096997945990476,3.68,tech,2,0
1458,referral,customer,0.6957193367089836,4,18.10611433656239,0.1586750328395004,3.83,healthcare,10,1
1459,organic,lead,0.40456378265822707,1,,0.40987981464405554,4.46,other,6,0
1460,meta_ads,customer,0.16084096495512282,2,2.115558818728301,0.017975426044659293,3.13,tech,1,1
1461,meta_ads,customer,3.879276302123791,4,18.60039696701825,0.29122290009682306,1.17,education,2,1
1462,manual,customer,3.011288198406387,3,0.5863380030938776,0.42312940708228747,3.62,healthcare,1,1
1463,meta_ads,prospect,3.1946783221256205,2,,0.3725194425129685,3.75,education,1,0
1464,manual,prospect,4.65187066949789,1,,0.5074194630510378,4.32,healthcare,4,0
1465,referral,lead,0.5586796179697082,0,,0.6980770588090702,3.41,education,1,0
1466,referral,lead,0.8580818586046902,6,,0.1397887196843909,1.48,education,1,0
1467,meta_ads,lead,1.2072471007894974,3,,0.42416403825689836,5.0,education,5,0
1468,meta_ads,prospect,2.7830745275091116,2,,0.12363231209030401,2.6,education,1,0
1469,organic,customer,2.1388488849883953,3,3.440110158689566,0.1922686736224225,4.17,healthcare,2,1
1470,manual,lead,6.799296699915831,2,,0.437149309468624,5.0,education,4,0
1471,organic,customer,0.6294282872832682,2,7.903401888082749,0.3943695537567934,3.25,retail,4,1
1472,referral,lead,1.244369812235092,1,,0.33271550991148036,2.62,retail,1,0
1473,organic,lead,1.6665901312591123,0,,0.5445443033010234,5.0,finance,7,0
1474,organic,lead,0.6806426509075982,2,,0.16050173947235435,4.26,healthcare,1,0
1475,referral,lead,2.6120353020470457,1,,0.20892830051621178,2.14,retail,1,0
1476,meta_ads,lead,1.3462740207058455,2,,0.18807331736899754,5.0,other,1,0
1477,referral,lead,3.422345005221738,3,,0.31457326480404574,2.96,education,1,0
1478,referral,customer,2.85183132301526,3,2.639459952230902,0.17070500366444427,4.68,finance,4,1
1479,organic,lead,1.9451040688860308,1,,0.3124670093383701,3.42,retail,2,0
1480,referral,prospect,1.0846504203629563,0,,0.25338310759367044,4.84,tech,2,0
1481,referral,lead,0.14709486051888127,1,,0.15631832030214615,2.85,healthcare,2,0
1482,manual,lead,0.48984161402361526,3,,0.02343706168003016,2.66,finance,2,0
1483,manual,customer,2.4941867218032336,4,0.6252493069785293,0.04839019682079061,2.96,education,2,1
1484,meta_ads,prospect,0.9695367735040442,3,,0.2702087492135203,3.26,healthcare,3,0
1485,manual,lead,1.9131309553461024,1,,0.23784008637567985,3.23,tech,10,0
1486,referral,lead,2.0863149689230225,2,,0.08187101390689405,1.92,healthcare,2,0
1487,organic,lead,0.8357276619338995,3,,0.23953462273205395,3.0,other,7,0
1488,meta_ads,prospect,0.2826356421122603,0,,0.053535676319822034,2.53,retail,1,0
1489,referral,customer,3.4416170993427513,1,1.2042959893282723,0.14281269306289146,4.27,retail,4,1
1490,manual,prospect,2.496259147450069,1,,0.2740697457973324,2.56,education,3,0
1491,organic,prospect,0.5969303878965561,0,,0.14505275394192405,1.67,retail,5,0
1492,meta_ads,lead,1.6672654031606713,4,,0.19887939233983135,5.0,healthcare,5,0
1493,organic,lead,0.3246056375759376,1,,0.4508892286808909,2.52,education,2,0
1494,meta_ads,customer,0.048577077368608314,1,42.229545093235885,0.05857491374372989,3.15,healthcare,2,1
1495,meta_ads,lead,0.07143594117977464,2,,0.39093780959958485,2.98,healthcare,1,0
1496,manual,prospect,2.7732614349519933,0,,0.07161455300882513,3.5,education,6,0
1497,meta_ads,customer,1.7733388552608733,1,11.402647176804553,0.2836602450016022,2.77,other,1,1
1498,referral,churned,0.43587686509679524,0,,0.23000828183173758,3.27,healthcare,6,0
1499,manual,prospect,1.0491496980315644,1,,0.25856768807369307,3.74,retail,1,0
1500,manual,lead,1.1028018744056902,0,,0.15031992971665534,4.24,retail,1,0
1501,organic,customer,1.042854826134925,0,4.63502289006381,0.17767692816141953,3.15,healthcare,1,1
1502,referral,lead,1.77997141520544,0,,0.5236498480193555,5.0,other,9,0
1503,referral,churned,0.2461550545804093,1,,0.2092964995378805,4.2,education,3,0
1504,meta_ads,lead,0.12278112340232682,3,,0.06355280420635766,4.97,retail,7,0
1505,organic,lead,0.01045230209067904,4,,0.1757091292117128,3.15,healthcare,7,0
1506,manual,customer,4.459155893008262,2,39.120437856106214,0.5395357244577708,3.92,education,3,1
1507,meta_ads,lead,5.554402863572884,0,,0.17860308365051614,4.36,education,1,0
1508,meta_ads,customer,0.0006604275480881378,1,36.703542565946286,0.41425436775379304,3.03,education,2,1
1509,meta_ads,lead,0.9933064573035113,1,,0.12901606070922714,3.4,other,2,0
1510,organic,churned,3.3111578711568437,3,,0.17227454098329026,5.0,education,3,0
1511,meta_ads,customer,0.9621186447954619,2,1.16082087216752,0.11763668998758622,2.13,other,1,1
1512,manual,prospect,1.6738063651037187,3,,0.31234994724343457,3.44,finance,1,0
1513,meta_ads,prospect,0.2589481054930893,1,,0.1967302035148725,1.88,retail,7,0
1514,organic,churned,4.173881991968627,0,,0.23155580872581918,1.91,retail,1,0
1515,manual,lead,9.360877254242974,4,,0.2557895186445342,1.92,other,2,0
1516,meta_ads,prospect,4.235666024702887,2,,0.4519330946129347,3.15,finance,5,0
1517,manual,customer,0.795923478467314,2,1.7261862556128424,0.340044662983821,2.33,tech,6,1
1518,referral,prospect,4.306638046263647,2,,0.41828655633212547,3.63,education,3,0
1519,manual,lead,4.39155037035623,2,,0.14741342505587698,2.51,tech,7,0
1520,meta_ads,prospect,6.680967784623626,1,,0.2753108363299804,3.55,tech,3,0
1521,meta_ads,lead,0.7062582046405524,2,,0.41340014574722384,2.87,healthcare,3,0
1522,referral,prospect,1.8759059683638786,1,,0.16331705878327651,3.06,tech,4,0
1523,organic,prospect,3.8133495660669308,3,,0.4220050051141759,3.72,education,8,0
1524,referral,lead,1.1944440638224478,1,,0.07163393258354336,4.31,education,1,0
1525,manual,prospect,5.374215144344688,4,,0.4722557012972241,4.21,education,1,0
1526,referral,churned,7.409893903984502,1,,0.21496346754859036,1.0,retail,2,0
1527,organic,prospect,2.074285643226362,0,,0.2845256457295291,4.45,education,3,0
1528,manual,lead,0.09361016250256536,1,,0.19130184577234788,4.48,education,3,0
1529,manual,lead,0.2303894045839156,3,,0.1911607219802638,2.87,finance,2,0
1530,referral,customer,0.9889638696662874,2,4.136149695587293,0.15564494845581336,3.03,retail,5,1
1531,organic,customer,5.140302712128075,1,15.24150686151347,0.34248135140721014,4.27,other,2,1
1532,meta_ads,customer,2.6534450409893706,3,2.3820527455556526,0.08923764760050278,4.09,retail,2,1
1533,organic,lead,0.39888001400967876,3,,0.4712221499044852,2.9,education,6,0
1534,manual,customer,0.5984806146429961,1,23.901334945693584,0.5699749388141073,1.93,education,4,1
1535,meta_ads,lead,1.7883838290599485,1,,0.05768942738192806,2.31,other,1,0
1536,meta_ads,customer,0.5585312143868544,0,6.977465588905652,0.5676218457614155,3.31,healthcare,1,1
1537,manual,churned,0.013018445761081673,2,,0.288637495445579,3.61,retail,10,0
1538,meta_ads,lead,0.8452422929234911,1,,0.31816146496431197,1.28,healthcare,1,0
1539,referral,lead,1.6531237486574315,0,,0.31498320211889963,4.08,tech,1,0
1540,manual,churned,1.7518795310969122,2,,0.4104781729018127,5.0,retail,1,0
1541,referral,customer,1.1312240323553264,0,8.869571771201768,0.2300600634135971,1.73,education,1,1
1542,meta_ads,churned,0.3360689375585729,3,,0.17909377556828074,2.33,healthcare,1,0
1543,manual,prospect,0.5790315247090556,1,,0.5230281649616428,1.0,healthcare,10,0
1544,referral,lead,0.09314415125488765,3,,0.4343940119259137,3.48,education,7,0
1545,organic,prospect,0.7782637296538688,3,,0.07946097400825639,3.89,other,2,0
1546,meta_ads,lead,2.217017278835125,1,,0.1629934831360485,2.3,other,3,0
1547,meta_ads,churned,0.687460273429167,2,,0.4356197361992677,4.55,tech,4,0
1548,referral,customer,0.9978195241201983,1,1.7059106866398752,0.1614131279871976,4.62,finance,1,1
1549,manual,prospect,0.04375882564708469,1,,0.14740291844574213,4.29,healthcare,4,0
1550,meta_ads,customer,0.08836346686978512,1,11.952049110018805,0.09961350063764939,4.31,tech,2,1
1551,meta_ads,prospect,0.9495921613074094,1,,0.0652168116175416,1.69,other,2,0
1552,referral,lead,3.120454723020128,0,,0.07010162667431936,3.82,finance,2,0
1553,organic,prospect,0.06270918044551332,0,,0.3284200882772439,3.21,healthcare,2,0
1554,manual,churned,0.2616283932831895,2,,0.2496225325862908,4.73,education,2,0
1555,meta_ads,lead,0.483879276298772,0,,0.025339235202415322,2.53,retail,7,0
1556,meta_ads,prospect,1.5834387005183521,3,,0.40590153382527644,5.0,education,2,0
1557,referral,lead,2.280113475520446,0,,0.32298487614330085,4.84,tech,1,0
1558,referral,customer,1.0530394821378974,2,9.500708956584974,0.5338679930240018,3.75,education,1,1
1559,referral,prospect,1.3507906496017825,0,,0.38160222066365024,3.14,retail,9,0
1560,manual,customer,0.8192765459828899,3,0.0025248636256127227,0.30131488064066325,3.55,finance,3,1
1561,manual,prospect,11.32263708631634,1,,0.3695275946890462,3.96,education,10,0
1562,meta_ads,prospect,2.625803121334997,1,,0.5390624300199965,3.05,finance,6,0
1563,meta_ads,lead,0.35566196052070226,1,,0.31772476669024496,3.02,healthcare,2,0
1564,organic,customer,2.1117607552730076,0,1.9878213504911133,0.34935579098374614,4.44,retail,10,1
1565,referral,prospect,0.4844749369924124,3,,0.39753470171805716,1.37,tech,1,0
1566,referral,lead,1.6999082217204713,1,,0.22421654826398085,3.19,tech,8,0
1567,manual,prospect,1.3206562191122895,2,,0.5415526458849552,3.05,finance,3,0
1568,meta_ads,prospect,0.20179806953123605,1,,0.4825230126210872,3.48,healthcare,3,0
1569,manual,lead,7.508956686251859,2,,0.3822074235590201,3.36,healthcare,3,0
1570,referral,lead,1.6658595996835608,0,,0.15093134338411882,2.92,other,3,0
1571,organic,prospect,4.621980238594036,2,,0.3196386254377289,5.0,healthcare,2,0
1572,organic,customer,0.05857924623053596,3,21.6276761646551,0.1940615457967129,2.92,finance,4,1
1573,organic,lead,0.7611676549308994,1,,0.3393308997628622,5.0,healthcare,1,0
1574,referral,lead,5.070669625372821,3,,0.2624459825922543,3.49,tech,8,0
1575,meta_ads,churned,0.6088375511424428,1,,0.06319938234706447,4.29,other,6,0
1576,manual,prospect,0.06542741808460081,0,,0.20121072824396324,4.54,education,1,0
1577,meta_ads,customer,2.034180578430791,3,17.900587027655703,0.21923102811643264,3.41,finance,3,1
1578,referral,prospect,3.6963057501204846,0,,0.24121578226983909,3.0,education,1,0
1579,referral,prospect,1.2824540468484618,2,,0.19738664279610454,4.9,education,1,0
1580,referral,lead,1.4988987972508754,1,,0.18506903041868697,4.36,education,2,0
1581,organic,lead,2.0889183361877346,2,,0.2713276029590178,5.0,retail,2,0
1582,manual,churned,1.8992173006674207,3,,0.3404227170728171,4.75,tech,1,0
1583,referral,lead,0.36723136235866594,0,,0.2049433720840506,3.81,other,10,0
1584,organic,prospect,1.156320508724787,2,,0.245986933033684,3.78,tech,3,0
1585,manual,lead,0.02452485642664034,1,,0.4551327792574853,3.19,tech,3,0
1586,meta_ads,prospect,0.16491324971518695,1,,0.1092364099903198,4.7,retail,3,0
1587,meta_ads,lead,3.6465315462410937,1,,0.41805991913163665,4.05,education,4,0
1588,referral,lead,2.2703057043931394,2,,0.3574816439130699,3.57,finance,10,0
1589,organic,lead,2.3265890356436834,0,,0.13664498211109757,3.02,education,2,0
1590,referral,lead,2.0066328461647713,2,,0.04847151682134518,3.79,retail,6,0
1591,manual,lead,1.4721184360162878,1,,0.0916689580156804,4.09,other,3,0
1592,referral,lead,1.5505295806412334,3,,0.32957134731357746,5.0,retail,6,0
1593,referral,prospect,2.435618538015549,1,,0.3705530018402642,3.32,education,2,0
1594,organic,churned,2.292832052280479,2,,0.08766462300345768,3.67,other,1,0
1595,organic,customer,1.339681703767151,1,31.619397476985753,0.25040296027838077,2.96,other,8,1
1596,referral,customer,0.36539017044365035,1,15.869475189373661,0.6163728925843205,3.0,education,1,1
1597,manual,customer,1.20765397844059,1,20.840631381653477,0.5102008017454479,2.14,healthcare,1,1
1598,organic,customer,4.085120641393223,1,4.292743814915213,0.23049103488767925,2.83,other,10,1
1599,organic,prospect,1.2743782237729957,0,,0.31339292257121903,4.27,tech,4,0
1600,organic,prospect,3.5121317249997834,2,,0.6427049968534582,3.26,healthcare,4,0
1601,referral,customer,5.540050042652633,0,10.475084734446078,0.3417636687209473,2.91,finance,10,1
1602,referral,prospect,3.8040062371481134,1,,0.3789555625493879,3.17,education,1,0
1603,meta_ads,lead,1.2746486686239233,1,,0.11935871818318859,2.75,other,6,0
1604,organic,lead,2.2697769482965273,4,,0.3106866524300701,3.83,finance,5,0
1605,manual,customer,1.8796174455740182,0,3.4457794087146327,0.3622900094860791,3.21,tech,1,1
1606,manual,customer,3.114858346507497,2,10.829418137866078,0.21564381152811718,4.33,finance,6,1
1607,referral,lead,1.321387375331302,1,,0.13827378616916805,3.05,education,3,0
1608,referral,lead,1.6915191390612125,2,,0.2973844496141631,2.99,retail,2,0
1609,meta_ads,lead,5.4044852552259215,1,,0.5072464459330348,3.76,other,3,0
1610,organic,prospect,6.331294988527292,3,,0.38553437882133373,1.68,other,1,0
1611,organic,churned,0.9367147997378418,3,,0.44027874738071826,4.07,finance,1,0
1612,referral,lead,2.2980218490559334,4,,0.2897731999723113,3.42,education,6,0
1613,manual,customer,2.0032087923124524,1,13.986002080803946,0.305609572954391,4.22,retail,2,1
1614,meta_ads,lead,4.6479710885652015,2,,0.6908158119104503,3.84,finance,3,0
1615,manual,prospect,0.3722263017710838,2,,0.27844317073761504,2.78,healthcare,3,0
1616,organic,prospect,0.5579901155148602,5,,0.3601316880382328,4.0,finance,6,0
1617,manual,prospect,2.216663951465148,1,,0.1472229550946683,2.86,education,6,0
1618,manual,customer,1.9094653224525113,1,7.954864684938766,0.3502061728538482,3.67,tech,10,1
1619,meta_ads,lead,2.201797838073524,2,,0.0905404725639069,1.73,healthcare,5,0
1620,referral,lead,3.573385946678677,3,,0.19381923716857974,2.14,finance,1,0
1621,referral,prospect,0.43931401583057295,0,,0.08436357058294203,2.62,retail,3,0
1622,referral,customer,0.20614486038567736,3,4.804440100332003,0.12793620581039497,5.0,finance,5,1
1623,manual,prospect,3.5735963938238515,1,,0.1512069558107017,1.93,healthcare,1,0
1624,meta_ads,lead,1.5413971107130096,3,,0.4361075089947506,4.93,healthcare,3,0
1625,referral,churned,1.8921493340011406,4,,0.529538974637526,1.57,other,1,0
1626,meta_ads,lead,1.40967320693455,1,,0.28454083657079443,2.28,retail,2,0
1627,meta_ads,lead,1.6677330387982696,1,,0.31019371791051853,4.33,retail,1,0
1628,meta_ads,lead,0.6916040357906569,1,,0.15264091544230943,3.48,retail,2,0
1629,meta_ads,lead,0.5693363417325461,1,,0.16373266261943073,2.25,education,5,0
1630,organic,lead,0.7835812715534878,2,,0.18613741018937238,5.0,retail,1,0
1631,referral,lead,4.294172997411971,4,,0.11810905775218608,4.13,other,3,0
1632,referral,prospect,3.0025388596812776,2,,0.04583901901154215,3.73,healthcare,2,0
1633,organic,prospect,0.007110608952859882,1,,0.4731691879988685,2.8,healthcare,4,0
1634,meta_ads,lead,1.8845429303217058,0,,0.306216863629328,4.59,finance,1,0
1635,referral,customer,1.1751799699884522,2,10.050492936856726,0.3383821154225105,3.02,retail,2,1
1636,referral,prospect,0.656812648099294,1,,0.295979925925289,3.85,healthcare,1,0
1637,organic,prospect,3.169011952818242,4,,0.264154827229212,4.3,retail,2,0
1638,manual,prospect,1.3076856089795943,2,,0.17870416739515152,1.97,other,5,0
1639,referral,churned,1.9482810465335376,2,,0.3103577683073098,3.77,retail,2,0
1640,organic,customer,2.0356803660917855,0,39.34723658403173,0.19776710916712276,4.22,retail,2,1
1641,referral,lead,1.3454739548130072,0,,0.07121486897557971,3.56,finance,2,0
1642,organic,lead,1.5315613970538262,2,,0.3965560828466236,3.73,tech,1,0
1643,organic,lead,0.05338355776914385,4,,0.018787119903760783,3.56,retail,4,0
1644,meta_ads,prospect,4.536082766180468,0,,0.6494487662479831,3.64,retail,10,0
1645,manual,lead,0.3408753362157613,1,,0.571422301698974,3.34,retail,1,0
1646,referral,prospect,0.5227025499869943,1,,0.29406625982964213,5.0,tech,10,0
1647,referral,lead,0.914935520715369,2,,0.11457669418058306,3.83,education,1,0
1648,manual,lead,1.7888383583595016,2,,0.4156506670404478,1.65,healthcare,6,0
1649,manual,customer,5.364984077079878,1,25.49617801319193,0.5213065150486286,3.3,healthcare,3,1
1650,referral,lead,2.2897478026534084,2,,0.17256096502033838,4.25,other,2,0
1651,organic,prospect,1.6474488675034382,2,,0.1570856046239398,3.92,education,7,0
1652,referral,lead,1.4215646978614151,2,,0.6140470106467594,3.48,other,4,0
1653,referral,prospect,3.146126531327878,3,,0.18174106214545363,2.82,tech,1,0
1654,organic,lead,0.877740344030845,0,,0.2758486574207733,2.64,tech,4,0
1655,manual,prospect,1.8428555254518255,6,,0.17453172483073265,3.29,finance,1,0
1656,manual,lead,0.13903841077301157,2,,0.3641565329071161,4.26,tech,2,0
1657,organic,lead,2.051583341229549,1,,0.5016194990405477,2.96,education,1,0
1658,meta_ads,lead,0.24715251154869322,2,,0.12859421640019253,2.8,tech,2,0
1659,referral,lead,1.0952615558881142,1,,0.30136387619034605,4.82,other,2,0
1660,manual,customer,1.100656150373521,2,0.3346761342103035,0.33331246670110204,5.0,healthcare,3,1
1661,meta_ads,lead,2.0107251382047635,3,,0.4221189929094358,1.4,retail,1,0
1662,organic,lead,1.3408687212087624,2,,0.1767685668128863,3.71,finance,2,0
1663,manual,churned,10.537442202557296,1,,0.23933370504182563,3.95,retail,1,0
1664,meta_ads,lead,5.0250016161055076,0,,0.19448004198527347,3.52,healthcare,3,0
1665,meta_ads,lead,1.4449313072831877,1,,0.15359637484535332,3.85,retail,3,0
1666,meta_ads,prospect,2.2942426319199556,0,,0.05894063606747826,2.83,healthcare,3,0
1667,organic,customer,6.9550684402664755,0,19.16690835577155,0.40192530426107076,4.43,finance,8,1
1668,manual,customer,0.892049374413962,0,9.177836046029595,0.3370626079074828,3.18,tech,2,1
1669,organic,lead,2.9794046787920454,3,,0.24315167732144738,3.91,retail,2,0
1670,organic,customer,0.8656177655035614,1,2.782727087816441,0.3663188244863406,4.0,tech,9,1
1671,organic,prospect,0.36189237155266485,0,,0.4169455115701509,5.0,tech,1,0
1672,organic,prospect,1.3063679253557048,2,,0.05273750734314904,3.08,other,1,0
1673,referral,churned,8.651382946377293,1,,0.5239696810719356,4.53,healthcare,2,0
1674,meta_ads,customer,0.25059135263266347,2,1.2758156217510876,0.45278492497964995,2.32,education,2,1
1675,meta_ads,lead,0.04095693081966201,3,,0.41391974594898334,2.91,other,4,0
1676,referral,lead,3.5920442982251863,0,,0.5541385003787545,3.19,tech,1,0
1677,organic,churned,0.6703637084324074,0,,0.3396850569138566,2.56,healthcare,2,0
1678,manual,lead,0.9955823745444831,2,,0.6900960285249986,2.63,healthcare,10,0
1679,referral,prospect,1.2272990425435446,0,,0.23628308673427717,2.58,retail,1,0
1680,organic,lead,0.13311941050409093,1,,0.3638081745706741,4.15,tech,1,0
1681,manual,prospect,2.258760868602344,1,,0.23034905840895928,2.99,healthcare,4,0
1682,referral,customer,0.5331370247460707,0,0.10003494236813697,0.023435465487264794,4.9,healthcare,4,1
1683,organic,prospect,3.943613641962006,0,,0.2280615643672338,1.84,other,2,0
1684,referral,churned,3.6938945537189407,3,,0.47914431755505965,2.71,other,5,0
1685,meta_ads,lead,0.1281071663778775,0,,0.5205735708905753,3.89,other,10,0
1686,organic,customer,6.1096707222005415,1,8.641144294880963,0.21758201207620645,4.4,tech,2,1
1687,organic,prospect,2.1275411200516094,0,,0.15769359530539168,1.52,finance,5,0
1688,referral,customer,0.8745948808493113,3,11.385241639697064,0.01679066832814199,4.26,retail,2,1
1689,organic,lead,1.1178469613883124,2,,0.20071666657052845,3.69,retail,1,0
1690,referral,customer,0.9247995783415249,1,21.375318140440854,0.46589032405987046,4.56,finance,5,1
1691,meta_ads,prospect,1.4561231954930696,1,,0.17393855523625384,4.64,retail,10,0
1692,referral,prospect,4.224457997368906,2,,0.026460227472336097,1.75,retail,1,0
1693,organic,prospect,2.862276513310923,1,,0.4939098529037379,3.97,education,9,0
1694,referral,lead,0.15939183706647247,2,,0.06416496003462478,3.18,retail,2,0
1695,referral,customer,0.32075475517337004,0,10.250319284746713,0.40185348778056684,5.0,education,3,1
1696,organic,lead,0.40422677853873523,2,,0.4158738140135307,1.0,healthcare,6,0
1697,manual,lead,2.4661409596114647,0,,0.0528882844395476,3.84,finance,5,0
1698,referral,prospect,2.5870063310589457,3,,0.5567665524840825,4.05,other,3,0
1699,manual,customer,0.3943713257168431,4,20.886016450917474,0.2617747012032728,4.24,tech,2,1
1700,referral,customer,0.6289766208529528,4,14.768351761068335,0.264973830225358,2.46,healthcare,5,1
1701,referral,customer,6.00448841921283,3,7.921172880592736,0.4766241398595573,3.42,other,4,1
1702,manual,lead,3.7843793377808868,0,,0.3542824355776972,3.88,other,7,0
1703,manual,customer,1.108620531088829,1,0.8585410943797442,0.08417621665065252,4.01,healthcare,4,1
1704,referral,lead,2.0981182527823634,5,,0.22382617159437118,2.33,other,2,0
1705,referral,lead,2.289700578206899,3,,0.5513076720393828,3.22,education,3,0
1706,meta_ads,lead,0.2734864450253716,1,,0.18385653400494942,2.43,healthcare,1,0
1707,organic,customer,0.9548670176588592,1,3.758982944685883,0.29687031510494327,2.26,healthcare,1,1
1708,meta_ads,prospect,1.467252497585345,1,,0.40360206942613897,4.07,tech,2,0
1709,meta_ads,prospect,0.4009137926676,4,,0.4569438698581014,1.0,retail,5,0
1710,manual,prospect,4.14726929421293,1,,0.16893668210053586,3.21,other,2,0
1711,referral,lead,2.5564274193563756,1,,0.20615131838562917,3.79,healthcare,1,0
1712,meta_ads,lead,0.7681677943675533,2,,0.5087701406279678,4.06,healthcare,4,0
1713,manual,churned,1.1584285427037728,2,,0.30957932946687244,3.72,tech,1,0
1714,manual,customer,4.266208723061104,2,10.793627481134376,0.4255238850593484,2.83,tech,1,1
1715,referral,prospect,0.13589489913465655,1,,0.07965178447310556,2.38,retail,1,0
1716,referral,customer,1.709964230976935,3,5.962574596032568,0.23145515981865233,3.39,tech,3,1
1717,referral,prospect,2.556455692639496,2,,0.21550444744149289,2.87,other,2,0
1718,meta_ads,customer,1.9016824960386893,0,1.045756529618191,0.0789640487454933,3.24,tech,2,1
1719,organic,churned,2.6479670661417734,2,,0.18975481337141342,4.07,tech,1,0
1720,meta_ads,customer,2.522825218399922,1,1.5984430760418122,0.6129403488114324,3.21,education,4,1
1721,manual,lead,0.20742391381907802,1,,0.21690410580690203,5.0,education,1,0
1722,organic,prospect,0.3126830003005363,2,,0.08928492262440406,4.95,healthcare,4,0
1723,manual,customer,1.4441399998982651,0,10.292734038075428,0.17034605311908183,2.3,other,4,1
1724,referral,prospect,2.2266410268081103,0,,0.2200078057147785,3.11,other,2,0
1725,manual,customer,3.8856050891136777,1,36.601847349077815,0.4952446394459821,2.68,healthcare,6,1
1726,organic,prospect,2.1545609463926683,0,,0.256015757487291,3.28,education,4,0
1727,referral,prospect,1.4026450308828209,2,,0.43159344673447364,4.64,education,9,0
1728,manual,churned,3.185166079416665,0,,0.2452715352722616,2.71,finance,2,0
1729,referral,customer,1.822697750159745,0,1.10086330177031,0.14477361725176058,5.0,retail,2,1
1730,manual,customer,0.983379227650809,2,4.848154276254294,0.4883372013120774,3.53,finance,6,1
1731,organic,prospect,2.7813240143684217,2,,0.4697186035895025,3.87,healthcare,1,0
1732,manual,customer,1.9764172394371082,0,7.009721122260184,0.17065507054966808,3.34,other,2,1
1733,referral,lead,3.6633887571442902,4,,0.2937225934349281,4.69,retail,4,0
1734,manual,churned,0.12034142582304266,0,,0.22369397565113974,3.18,tech,4,0
1735,meta_ads,churned,2.635160838788488,0,,0.2873265713123,1.99,education,3,0
1736,meta_ads,prospect,0.9414513639092049,2,,0.20443742157602793,4.68,finance,3,0
1737,meta_ads,lead,6.8324629672635515,4,,0.10421559172316372,3.64,healthcare,4,0
1738,organic,customer,0.49774603858238536,2,4.699199803262663,0.29827097510638256,2.52,tech,5,1
1739,referral,churned,1.1083653125437896,0,,0.504778082430577,2.16,education,2,0
1740,organic,lead,0.3419629734390165,2,,0.27631714045815536,2.86,retail,2,0
1741,referral,lead,1.383878217829133,0,,0.2306042966151114,3.79,finance,1,0
1742,referral,customer,0.9329064254062739,1,18.538123070184845,0.36988032013478966,3.36,healthcare,3,1
1743,organic,lead,0.607378728210322,2,,0.17932621982637706,4.53,finance,2,0
1744,meta_ads,prospect,4.278714611272281,0,,0.145524498771296,5.0,education,10,0
1745,organic,customer,0.24622239151712016,0,1.3963468106736168,0.0703579113769396,4.8,other,3,1
1746,referral,customer,1.5509004403368658,0,5.289586086371925,0.27107928965225103,3.41,healthcare,6,1
1747,manual,customer,0.9409613272110549,2,4.199230881436005,0.2811457812606248,4.13,other,1,1
1748,meta_ads,prospect,0.42383583474247355,2,,0.45817906587221735,2.98,finance,3,0
1749,meta_ads,customer,0.3495619704462337,2,15.137449836393795,0.21809895956148367,3.1,education,2,1
1750,manual,lead,3.8685021693486794,0,,0.5483739880056235,4.68,tech,2,0
1751,referral,lead,10.290777728860492,0,,0.4243954333509234,2.66,retail,2,0
1752,manual,churned,0.29895373751523674,4,,0.4077084229473411,3.1,tech,1,0
1753,organic,customer,2.422085811871648,2,3.780457182159649,0.5728664880646387,2.81,education,4,1
1754,meta_ads,prospect,2.2083344664946223,1,,0.4274324440181596,2.21,other,5,0
1755,manual,lead,5.192613193062236,0,,0.2284749019011779,2.12,education,4,0
1756,meta_ads,lead,3.5916182730263366,0,,0.3506673028286429,3.56,education,3,0
1757,organic,lead,1.0346504587740804,3,,0.12290453367890031,2.88,other,10,0
1758,organic,lead,2.638660254284017,0,,0.008049398903940656,4.03,other,4,0
1759,manual,churned,0.6982356717208159,2,,0.28525837651233243,1.12,education,6,0
1760,meta_ads,lead,1.347479296160877,1,,0.3370342322182908,4.76,finance,10,0
1761,manual,lead,3.0000999971104036,4,,0.19726692659749345,5.0,finance,10,0
1762,meta_ads,prospect,7.393211334881711,3,,0.38435803927672646,1.99,other,9,0
1763,meta_ads,prospect,2.3023488458363244,1,,0.25153913342390244,3.82,finance,1,0
1764,meta_ads,lead,1.2612173328867347,1,,0.1721548416360313,5.0,retail,2,0
1765,organic,customer,3.9596985162463,1,13.599075499786917,0.462800207222529,3.38,retail,2,1
1766,organic,prospect,3.393030284375843,5,,0.17198620511041784,5.0,other,1,0
1767,organic,prospect,5.095826961812198,4,,0.26045238763786027,3.82,other,8,0
1768,organic,lead,1.3865436830204299,2,,0.4069202117615758,1.06,finance,4,0
1769,manual,lead,10.609163898684857,0,,0.14322520171111788,1.71,education,1,0
1770,meta_ads,lead,2.9552253047508468,0,,0.2769679682463504,1.91,retail,1,0
1771,manual,lead,0.55379984821715,1,,0.2701820693720486,4.33,healthcare,3,0
1772,referral,lead,3.0692311550064217,2,,0.2773864970261523,2.84,other,6,0
1773,meta_ads,customer,1.2807905905850385,0,1.0505345176906657,0.30926582666087765,5.0,healthcare,5,1
1774,referral,prospect,2.6665674887300983,1,,0.06542994017100492,3.83,retail,10,0
1775,organic,prospect,1.4352013046380139,2,,0.44235955007456956,3.94,healthcare,1,0
1776,organic,prospect,0.14735262482099637,1,,0.3121629344128196,3.06,healthcare,10,0
1777,meta_ads,lead,0.6530196509486172,3,,0.3387273436983123,3.59,tech,1,0
1778,organic,churned,4.241805962600484,2,,0.39508809222741437,4.5,healthcare,7,0
1779,referral,lead,2.9912997580477607,4,,0.35859772599996864,2.81,other,1,0
1780,meta_ads,lead,1.7319730352313578,0,,0.07377308816656393,4.09,retail,5,0
1781,meta_ads,lead,0.19588988788385378,1,,0.5883244961835322,5.0,other,2,0
1782,organic,lead,3.6245452511898626,2,,0.11413095857650699,2.92,education,3,0
1783,referral,prospect,1.5626267167446806,1,,0.24994888132887458,3.36,education,8,0
1784,organic,prospect,1.3098976071608386,0,,0.021226892248008243,4.1,other,1,0
1785,meta_ads,lead,1.251308541787928,4,,0.49262086758768614,2.75,other,4,0
1786,meta_ads,lead,0.0955284282166501,1,,0.2985708416814732,3.49,tech,2,0
1787,referral,lead,5.0978540655226166,2,,0.2941791689538913,5.0,other,1,0
1788,referral,lead,1.0573142183850635,3,,0.181701861827156,5.0,other,1,0
1789,meta_ads,lead,4.526708599800699,1,,0.17667803097427964,3.89,other,1,0
1790,referral,prospect,2.097720394424095,0,,0.39421497570984537,2.04,other,3,0
1791,referral,customer,0.5692053133041608,2,21.300621232245703,0.3711191472902074,3.71,tech,1,1
1792,referral,customer,0.9371457384025966,3,5.620132180998462,0.31395630433555616,3.47,other,3,1
1793,manual,lead,3.791605183423627,0,,0.22221223055170608,2.24,retail,1,0
1794,meta_ads,churned,0.16565862807845966,3,,0.16530170002525663,2.91,retail,2,0
1795,meta_ads,lead,0.1611672784557532,0,,0.34878996763782577,3.69,education,9,0
1796,manual,prospect,0.8487643164713432,1,,0.3894884575207383,4.24,other,2,0
1797,meta_ads,lead,0.794357279319508,2,,0.0801865934516337,2.37,education,1,0
1798,referral,lead,1.049053665921221,1,,0.2678384899004288,4.19,retail,4,0
1799,organic,lead,0.1426859851637092,0,,0.23618057680812435,2.89,other,1,0
1800,referral,lead,0.13778278320620757,0,,0.5012068516669065,2.83,finance,2,0
1801,organic,churned,2.068336440118921,1,,0.49564451432035406,3.71,education,1,0
1802,referral,customer,4.513213263658537,2,16.042639467935132,0.3224705013088605,2.07,other,4,1
1803,referral,customer,1.8733463377202981,0,10.671560050403524,0.038920370462312455,3.28,tech,10,1
1804,referral,lead,1.9605917083097104,1,,0.42959675137344205,2.2,finance,1,0
1805,manual,prospect,0.39702358838705165,2,,0.3535946864915339,2.49,tech,4,0
1806,manual,prospect,0.9501255075659156,1,,0.12073102794893766,5.0,other,1,0
1807,organic,prospect,0.6834873407762075,1,,0.2057473431376883,2.59,education,1,0
1808,organic,prospect,0.2763957625190784,1,,0.18971884990096072,3.65,finance,5,0
1809,referral,prospect,0.04365276614944273,1,,0.2869955307482156,2.17,healthcare,2,0
1810,organic,prospect,1.4773071410256375,0,,0.15282032091575093,3.67,education,8,0
1811,organic,customer,13.281960022991099,4,11.302289239027852,0.05039703425317877,2.97,finance,3,1
1812,organic,prospect,0.3731764157532934,0,,0.07360140352996586,3.09,healthcare,10,0
1813,organic,lead,1.0962568739750207,1,,0.26037247336289077,4.81,education,1,0
1814,meta_ads,lead,0.46175890435038225,3,,0.5013029169242722,5.0,healthcare,4,0
1815,meta_ads,customer,0.8981367286280244,0,4.034422472863268,0.45931132303013317,3.71,retail,1,1
1816,manual,lead,1.5403770625439712,4,,0.23100349689482003,3.97,other,2,0
1817,referral,lead,1.2444238698800707,0,,0.4523154820491335,3.25,healthcare,10,0
1818,meta_ads,lead,0.38076696644369884,0,,0.09647339804380706,4.73,tech,3,0
1819,referral,prospect,9.507159062330937,0,,0.31964254229036854,2.92,education,2,0
1820,organic,prospect,1.0773887922928433,4,,0.2333617443422826,3.16,healthcare,5,0
1821,meta_ads,lead,11.342672719384282,3,,0.6440715779328318,4.29,other,10,0
1822,manual,lead,0.6005389202831924,2,,0.38345628495588174,4.38,education,3,0
1823,manual,customer,0.49686395190659266,1,36.09506971127496,0.34901220529929056,3.53,finance,1,1
1824,organic,customer,0.6748558058468602,0,19.627515199495562,0.19654629774696258,4.12,retail,3,1
1825,manual,lead,2.0361518585618015,3,,0.29355220449549235,3.87,healthcare,4,0
1826,organic,lead,11.781481069942318,0,,0.09940933400865258,2.77,tech,6,0
1827,referral,churned,2.671047334008908,2,,0.29994316759148826,2.77,healthcare,1,0
1828,organic,customer,2.7140157413596486,2,7.652596459950903,0.6392697252711361,4.13,tech,3,1
1829,organic,churned,0.025617934741539203,4,,0.009856767735374144,3.12,retail,3,0
1830,manual,prospect,10.996778449354329,3,,0.30800783039045754,5.0,retail,4,0
1831,organic,prospect,3.0063308688322232,1,,0.5109363302795684,3.51,tech,2,0
1832,manual,customer,1.5300029478516635,1,23.445317348768366,0.13798827120392687,3.72,retail,7,1
1833,meta_ads,prospect,0.2667233361903123,2,,0.05443271704053811,3.25,retail,2,0
1834,manual,customer,1.2146193707261224,2,12.382333673102979,0.07114994069004964,3.95,tech,1,1
1835,organic,prospect,0.5362040094471174,2,,0.2409087803565645,1.43,retail,3,0
1836,meta_ads,prospect,0.5537084645460246,0,,0.12809493228148233,3.28,education,5,0
1837,meta_ads,lead,2.5196359063648908,2,,0.1648011314885541,3.11,retail,2,0
1838,manual,customer,0.15523008478076264,0,0.45895610429664724,0.1636443806067983,4.36,finance,4,1
1839,manual,lead,11.368496269580296,1,,0.06430599489490037,2.93,finance,2,0
1840,meta_ads,prospect,0.5549505025648428,4,,0.5838083811467112,5.0,healthcare,1,0
1841,manual,customer,3.262278011881357,4,72.63681879426066,0.4249035159353122,4.23,retail,4,1
1842,meta_ads,customer,1.0671355254714425,2,9.3409324162917,0.3000843264948466,4.28,tech,1,1
1843,organic,customer,0.8433133394750378,1,7.1808621158500285,0.5230207422731643,3.63,other,1,1
1844,organic,lead,0.428952844781432,1,,0.28707660163657195,3.3,finance,3,0
1845,manual,lead,0.02159412168762586,3,,0.18614474822627097,2.67,retail,1,0
1846,organic,customer,0.41099791406441666,2,12.886694317374584,0.2594740602450345,5.0,tech,6,1
1847,referral,lead,1.2133143778778106,1,,0.1486394596114744,3.42,other,5,0
1848,organic,customer,1.448431446814606,0,13.29413773748576,0.5128895597783248,4.38,tech,5,1
1849,meta_ads,lead,0.3386126704047376,0,,0.27752113868146944,5.0,retail,4,0
1850,referral,lead,0.4575234832894187,0,,0.14302333090503375,3.22,other,4,0
1851,manual,customer,1.8238651375416757,0,0.8163143157840336,0.27155563865139454,1.95,education,5,1
1852,organic,lead,3.2029012815993276,2,,0.4512177922581858,2.62,retail,4,0
1853,meta_ads,customer,2.3182285152517683,2,24.210261709067396,0.3220824275957473,2.48,finance,1,1
1854,organic,lead,4.460742600361541,2,,0.2123348735600653,5.0,healthcare,1,0
1855,organic,customer,1.5309145909010122,4,36.091707249951696,0.13501054011465108,4.8,tech,1,1
1856,manual,lead,0.3738583635172509,4,,0.35724467300133705,3.02,other,3,0
1857,manual,lead,5.134127158641544,0,,0.6818031076724403,2.39,healthcare,2,0
1858,meta_ads,customer,0.13156036093595322,0,0.43685054297026993,0.5820039505140077,2.39,healthcare,3,1
1859,meta_ads,prospect,2.3095295186242577,1,,0.39850970104157984,3.86,finance,2,0
1860,meta_ads,prospect,0.15855918363864496,1,,0.3598543679678461,3.69,retail,1,0
1861,meta_ads,prospect,1.3607677135189848,1,,0.06071503748388695,4.66,retail,2,0
1862,organic,lead,1.3759665907546463,1,,0.39995746969575774,1.71,other,3,0
1863,manual,prospect,1.2079060142283264,7,,0.342637065226144,3.61,retail,4,0
1864,meta_ads,prospect,0.7571946882370099,3,,0.1441590818943832,1.88,tech,5,0
1865,organic,customer,0.9093293925340277,2,44.656752295293046,0.16156109872195362,4.56,finance,1,1
1866,organic,lead,1.941085233533081,1,,0.16771273434940387,5.0,healthcare,7,0
1867,meta_ads,prospect,1.8905680453185267,0,,0.03731012146090503,4.11,tech,1,0
1868,organic,customer,3.96524724623138,2,6.659381047643263,0.2997709962553398,2.75,other,1,1
1869,referral,lead,1.8748683278456453,1,,0.556255761257258,3.3,tech,5,0
1870,meta_ads,lead,1.3799346541670297,2,,0.5009226332480916,4.35,healthcare,9,0
1871,organic,prospect,2.269701142909589,2,,0.4109167846444594,4.96,education,6,0
1872,organic,churned,2.4145030537464383,0,,0.41965355006506544,1.92,other,1,0
1873,referral,churned,1.5094626612086535,1,,0.2849453769457404,4.25,tech,2,0
1874,referral,lead,1.5783361615170597,3,,0.6121550709227298,3.06,retail,1,0
1875,meta_ads,customer,0.9126224542183875,1,29.27290653001512,0.2956884175138657,3.87,education,5,1
1876,meta_ads,lead,1.714920772753504,1,,0.32952262192388004,3.79,healthcare,5,0
1877,meta_ads,prospect,0.6308873531315894,2,,0.23797447971380978,3.36,finance,2,0
1878,referral,prospect,2.4521697300197856,3,,0.1953159205458669,3.27,education,2,0
1879,organic,prospect,0.49243757843181535,3,,0.44069807516177734,4.41,education,1,0
1880,meta_ads,lead,2.675855519811702,1,,0.18199548633066562,4.62,other,1,0
1881,meta_ads,prospect,1.7131292795113815,3,,0.18886678223789555,4.13,other,3,0
1882,referral,prospect,1.8616508848557178,0,,0.2314216291306697,3.81,finance,3,0
1883,referral,prospect,1.4766397896775558,0,,0.3278380601540304,2.61,education,3,0
1884,referral,churned,2.379865905117641,2,,0.3526792199461653,3.87,education,1,0
1885,manual,prospect,0.1886388105481575,2,,0.14428980700263128,4.89,other,1,0
1886,manual,prospect,5.944063903418578,2,,0.2179999640412476,3.3,healthcare,1,0
1887,organic,customer,2.618654128821252,0,4.256265321501248,0.11359311877242162,3.85,healthcare,1,1
1888,meta_ads,lead,1.070498696995747,0,,0.26890631897718803,2.21,retail,5,0
1889,meta_ads,customer,7.164213581479366,1,3.9698372184627706,0.18574391760716763,2.45,healthcare,1,1
1890,manual,prospect,0.49393694223620305,0,,0.18889335952379147,2.92,finance,1,0
1891,referral,prospect,3.3504082343373374,1,,0.451309077651029,2.51,other,3,0
1892,organic,lead,4.820946473771983,0,,0.36206834445698066,5.0,healthcare,10,0
1893,referral,lead,0.520668801094843,0,,0.2471268748005909,4.33,tech,8,0
1894,referral,lead,1.1131904699389328,1,,0.5749562707897167,5.0,education,2,0
1895,referral,customer,2.3482961780630087,2,5.356097445275529,0.12485907029320206,4.24,tech,1,1
1896,referral,lead,1.4884190358935003,0,,0.22280869500271525,5.0,other,5,0
1897,meta_ads,customer,2.6023738413499853,2,5.4742349019361445,0.338916834172244,3.37,healthcare,2,1
1898,referral,customer,1.9689523653307406,0,21.40020865160163,0.267787738003098,5.0,other,6,1
1899,manual,churned,1.3835568278221066,3,,0.1543572934095913,5.0,tech,1,0
1900,organic,prospect,2.3769084068632,0,,0.5881920812810948,4.59,other,6,0
1901,manual,customer,0.7430841340169976,0,0.7773255634055392,0.20129391945630018,3.01,education,3,1
1902,referral,prospect,2.329742232108649,3,,0.5026584028927458,4.25,retail,2,0
1903,meta_ads,customer,1.9017543572949893,1,9.507768633786288,0.2519056331815552,3.16,finance,5,1
1904,referral,prospect,1.2187139919878143,2,,0.06770928836717496,2.45,tech,7,0
1905,organic,prospect,0.04683666426684811,1,,0.24864919983312334,1.91,finance,1,0
1906,referral,lead,0.504421017903328,1,,0.15308878279813157,4.73,healthcare,2,0
1907,referral,customer,3.2792261629370483,1,15.950386170125093,0.541996395508966,4.43,finance,4,1
1908,manual,prospect,1.8228343661928348,0,,0.11224480668638706,3.03,healthcare,5,0
1909,manual,lead,1.157646129200819,2,,0.23014349165249984,2.04,tech,1,0
1910,referral,customer,1.533666514971041,3,14.65268307553336,0.302565150698639,2.5,finance,9,1
1911,meta_ads,lead,3.020427683783045,1,,0.06519235014254954,3.11,tech,6,0
1912,manual,customer,0.8108836622538766,2,29.605014674941415,0.30957900433142255,3.53,finance,3,1
1913,manual,customer,5.241791628003054,0,1.2016488629445052,0.03709534380011404,4.71,finance,3,1
1914,organic,prospect,11.862281754603627,1,,0.15097827091134844,3.05,healthcare,1,0
1915,meta_ads,lead,4.706040045327553,1,,0.3732064718998686,4.69,tech,5,0
1916,organic,churned,3.363115333979197,2,,0.19596073307090708,5.0,retail,1,0
1917,meta_ads,customer,3.711858880584353,1,0.40956158809730714,0.40771865618988107,4.76,education,2,1
1918,organic,lead,0.5819598020213261,2,,0.22603293156803664,4.49,retail,10,0
1919,referral,customer,1.873304685801335,1,22.893999558484275,0.22269096074182418,5.0,healthcare,1,1
1920,meta_ads,customer,2.10633192710222,2,4.28924011898275,0.47705980639337653,3.0,education,10,1
1921,organic,lead,0.6618823417689526,1,,0.20920669469313366,3.54,tech,1,0
1922,manual,lead,0.8622278806160331,1,,0.3784006450694596,4.64,education,2,0
1923,meta_ads,lead,0.5815260026419458,2,,0.24229910653674028,4.86,tech,2,0
1924,meta_ads,lead,1.131004080666561,3,,0.40228606557509416,4.08,tech,2,0
1925,meta_ads,prospect,1.9493934846783247,1,,0.36807483450168543,2.51,other,2,0
1926,referral,lead,3.6508590035222346,2,,0.29835687451646814,5.0,finance,8,0
1927,organic,lead,1.7179534903841496,2,,0.24215530659540757,4.12,healthcare,9,0
1928,referral,lead,4.4347082430468285,1,,0.11680647505489565,5.0,finance,3,0
1929,manual,prospect,1.4469599243922802,0,,0.17981201301093844,5.0,finance,2,0
1930,organic,lead,3.590431357183474,0,,0.5662781911603209,2.69,tech,4,0
1931,meta_ads,churned,0.4913525014244515,1,,0.4003987509455386,3.58,education,4,0
1932,meta_ads,lead,1.9617811707529922,1,,0.4207336904379123,1.41,finance,1,0
1933,referral,lead,0.8909740138685954,0,,0.37140454050814303,2.6,other,1,0
1934,referral,prospect,0.10686452269411958,2,,0.2756494663026827,2.39,healthcare,1,0
1935,meta_ads,lead,3.9028799722803105,2,,0.5415671516955938,3.65,finance,4,0
1936,manual,lead,6.482556247241466,1,,0.20606770884953035,1.78,tech,1,0
1937,manual,churned,1.3309931511273285,2,,0.23233777690299867,4.64,tech,2,0
1938,meta_ads,lead,0.7496203928314509,3,,0.46477512585067704,2.99,tech,1,0
1939,manual,lead,7.5325120671714325,3,,0.03018316610619237,2.96,other,2,0
1940,manual,prospect,0.035910245594380164,2,,0.28869134705545785,3.17,finance,5,0
1941,referral,customer,0.06977331952562679,4,8.254316766200349,0.5320472666232018,4.93,other,3,1
1942,meta_ads,churned,1.7111199281021372,2,,0.38207850691846995,4.0,retail,3,0
1943,organic,lead,5.707818469368885,3,,0.33229922092336445,3.24,other,7,0
1944,manual,lead,0.8468725556503216,2,,0.07699741872612414,4.64,finance,1,0
1945,manual,prospect,0.3935673736656475,1,,0.1457418275434687,5.0,healthcare,1,0
1946,organic,customer,0.31601045676759537,2,6.9448135061457625,0.251443839709526,5.0,education,2,1
1947,referral,churned,7.664597570463494,1,,0.4201248573434009,3.15,retail,9,0
1948,organic,prospect,5.956872665506899,6,,0.2564311837256143,3.71,other,1,0
1949,referral,customer,0.8134833723009979,1,1.2680473050017231,0.3758010941399056,5.0,finance,2,1
1950,manual,prospect,0.46706420504439844,2,,0.5374937490937579,2.98,tech,3,0
1951,manual,lead,0.4871653598343529,4,,0.045653417438298094,1.9,retail,6,0
1952,manual,customer,0.3276281454902443,1,5.189117854711349,0.4502220920213319,1.97,finance,3,1
1953,referral,prospect,0.6431427788595617,2,,0.19293114938798764,2.55,healthcare,1,0
1954,meta_ads,prospect,2.1772318999712756,3,,0.46387019596558693,3.84,other,5,0
1955,meta_ads,lead,1.1902838431951612,3,,0.7554451130485748,3.28,other,5,0
1956,meta_ads,customer,1.2606090492283033,3,0.39015445011101324,0.19281071223347995,4.26,education,3,1
1957,manual,prospect,6.034542773220375,2,,0.6019609182671801,2.67,retail,7,0
1958,organic,prospect,1.8269393158298814,4,,0.22088204118206556,1.08,education,3,0
1959,organic,churned,0.6911337337353418,2,,0.3732251030897602,2.76,retail,2,0
1960,meta_ads,lead,2.78929379349494,1,,0.19531165063235328,4.6,other,1,0
1961,manual,customer,0.21788850684306416,1,18.49137758836813,0.573233569982092,4.3,retail,1,1
1962,referral,prospect,1.394569786202177,1,,0.628781154269414,4.47,healthcare,5,0
1963,organic,prospect,5.433141939043965,2,,0.4068393808825014,2.19,tech,8,0
1964,manual,lead,2.08594906068493,2,,0.24983309400493975,2.7,education,2,0
1965,manual,lead,1.2615933754668764,0,,0.18535728959551992,3.6,tech,10,0
1966,manual,lead,2.4170989341269586,0,,0.5747837085906948,2.21,retail,3,0
1967,meta_ads,prospect,0.07767441350874343,5,,0.47438735359641904,3.04,other,10,0
1968,manual,lead,5.0185586725383,1,,0.24908032693414311,4.22,other,2,0
1969,meta_ads,lead,1.120612967725567,1,,0.5542060655435206,3.32,healthcare,2,0
1970,meta_ads,customer,5.385118885874052,2,3.776975798153436,0.2677664062726479,5.0,other,1,1
1971,organic,prospect,5.107095017075512,0,,0.16459880731842147,2.69,finance,6,0
1972,manual,prospect,0.22381548313423874,0,,0.16777381807042033,3.75,retail,4,0
1973,organic,lead,3.940747050518607,3,,0.3832786572387005,3.5,finance,3,0
1974,referral,prospect,2.3402651383895843,2,,0.30877672909199266,4.28,other,8,0
1975,referral,churned,4.369340784586628,1,,0.2748091230607042,2.5,retail,1,0
1976,referral,churned,2.0486674398330504,5,,0.24853618109087688,2.91,education,10,0
1977,meta_ads,prospect,8.894383287094474,4,,0.21223612301931444,4.3,education,2,0
1978,manual,customer,2.5172726951099778,2,34.14757426051437,0.23550391318353733,3.29,finance,2,1
1979,meta_ads,lead,0.21544593704048748,2,,0.38122023410246075,3.69,education,4,0
1980,meta_ads,lead,1.3579140333268611,1,,0.46273907243004714,2.99,education,6,0
1981,referral,lead,0.7527669437795943,1,,0.14706803533115104,3.73,finance,9,0
1982,meta_ads,lead,0.1553995768044603,0,,0.15387675660714636,5.0,other,1,0
1983,manual,prospect,0.4373423516600446,1,,0.1362244114649018,3.71,other,1,0
1984,manual,prospect,3.74457278873224,2,,0.6675287433287805,4.61,retail,1,0
1985,organic,prospect,0.0298281739579274,1,,0.07944421237098342,4.14,retail,10,0
1986,organic,lead,18.44031700961491,3,,0.5100556281701302,3.08,retail,3,0
1987,referral,customer,1.2563940748964895,3,18.72310879080245,0.3643879184582952,4.87,healthcare,3,1
1988,referral,churned,2.0235962574031,1,,0.07317858649349211,2.92,other,1,0
1989,organic,lead,0.5577969343736302,0,,0.5326595610979533,3.97,tech,2,0
1990,meta_ads,lead,0.1505583845633957,4,,0.24319481709532823,2.08,retail,1,0
1991,manual,churned,3.0511646823999556,0,,0.6231981088467808,5.0,healthcare,1,0
1992,meta_ads,lead,0.2902701840169674,2,,0.0805645003515391,3.71,retail,1,0
1993,manual,customer,1.0995024180411768,2,5.295950695021212,0.4694852244446862,3.06,other,5,1
1994,manual,prospect,0.47696736129154965,2,,0.2802625547374426,4.48,retail,10,0
1995,manual,prospect,1.9104028996109006,0,,0.39881016676835757,4.43,retail,8,0
1996,manual,lead,2.3185519341781347,1,,0.09764048496424167,2.89,healthcare,3,0
1997,manual,prospect,0.7851043142431923,1,,0.2682660382048737,3.62,education,1,0
1998,manual,customer,0.37475768789273156,2,12.16656250354723,0.0857764970310843,3.34,healthcare,2,1
1999,referral,prospect,0.35086337461131484,1,,0.2309595519756322,3.93,education,2,0
2000,referral,lead,1.649673112229717,1,,0.27006788923230324,3.56,tech,6,0
