source,company_industry,company_size,time_to_first_interaction,interactions_7d,interaction_frequency,days_since_last_interaction,response_rate,total_interactions,sentiment_avg,company_revenue,tag_count,has_vip_tag,has_hot_tag,has_cold_tag,has_risk_tag,total_tasks,completed_tasks,overdue_tasks,task_completion_rate,interest_count,avg_interest_price,interest_category_diversity,has_high_value_interest,opportunity_count_total,opportunity_count_open,pipeline_value_total,pipeline_value_weighted,avg_deal_probability,has_won_deal,has_lost_deal,days_since_last_won,status,converted,churned
other,finance,large,1.79,0,0.0,14,0.479,0,2.36,6774801263,0,0,0,1,0,2,0,2,0.0,1,2423229.0,1,0,1,1,3125517.0,1329124.79,42.52,0,0,999,lead,0,0
other,manufacturing,large,7.91,1,0.125,7,0.368,1,2.72,4436910153,2,0,0,0,0,0,0,0,0.0,0,0.0,0,0,0,0,0.0,0.0,0.0,0,0,999,lead,0,0
meta_ads,other,medium,9.2,1,0.75,1,0.544,3,2.44,1309538198,0,0,0,0,1,0,0,0,0.0,3,962199.0,0,0,2,0,0.0,0.0,0.0,0,0,999,lead,0,0
referral,retail,small,2.28,1,0.5455,5,0.633,6,5.0,202427329,2,1,0,0,0,0,0,0,0.0,1,3232322.0,1,0,2,1,2993127.0,1126266.96,37.63,1,1,3,customer,1,0
organic,technology,medium,1.83,0,0.1333,13,0.0,2,4.34,1538654049,0,0,0,0,0,0,0,0,0.0,0,0.0,0,0,1,0,0.0,0.0,0.0,0,0,999,lead,0,0
referral,education,medium,1.92,1,0.0606,31,0.741,2,3.99,1450294566,0,0,0,0,0,0,0,0,0.0,2,2429961.0,0,0,1,0,0.0,0.0,0.0,0,0,999,lead,0,0
manual,health,medium,2.9,0,0.1667,25,0.343,5,4.16,1823954514,2,0,0,0,0,0,0,0,0.0,0,0.0,0,0,1,0,0.0,0.0,0.0,0,0,999,lead,0,0
manual,other,medium,5.06,4,0.75,2,0.39,6,3.15,1773835115,3,0,0,0,0,4,2,0,0.5,3,2065636.0,2,0,1,1,4068357.0,1458347.24,35.85,0,0,999,prospect,0,0
organic,services,large,3.8,0,0.4,9,0.195,6,3.99,9440134678,0,0,0,0,0,0,0,0,0.0,0,0.0,0,0,1,0,0.0,0.0,0.0,0,0,999,lead,0,0
meta_ads,retail,large,2.68,0,0.6667,4,0.69,8,3.76,4002010884,2,1,0,0,0,2,0,0,0.0,2,1445235.0,1,1,1,1,2327895.0,574842.66,24.69,1,0,89,prospect,0,0
meta_ads,other,medium,7.14,1,0.7,3,0.428,7,3.59,1485666992,0,0,0,0,1,2,1,0,0.5,2,2419928.0,2,1,2,2,7247317.0,1915104.81,26.43,1,0,179,prospect,0,0
referral,technology,enterprise,6.12,2,0.7,3,0.576,7,3.59,91481557776,0,0,0,0,0,2,1,0,0.5,4,2893713.0,3,0,2,2,417642.0,270532.54,64.78,0,0,999,customer,1,0
manual,technology,large,5.36,1,0.0,0,0.625,0,5.0,4839241523,0,0,0,1,0,2,2,0,1.0,1,1742750.0,0,0,1,0,0.0,0.0,0.0,0,0,999,lead,0,0
organic,education,small,2.68,2,0.0,38,0.34,0,3.2,425119826,1,1,0,1,0,1,1,0,1.0,0,0.0,0,0,1,1,3210441.0,1481775.62,46.15,0,1,999,lead,0,0
organic,services,enterprise,3.14,3,0.4,6,0.442,4,3.55,72723255027,0,0,0,0,0,1,0,0,0.0,2,2399943.0,1,1,2,0,0.0,0.0,0.0,1,0,30,prospect,0,0
manual,services,small,4.44,2,0.45,11,0.548,9,4.81,411040913,1,1,1,0,1,1,1,0,1.0,7,1405128.0,1,0,0,0,0.0,0.0,0.0,1,0,3,customer,1,0
referral,manufacturing,enterprise,4.34,2,1.0,0,0.432,11,4.27,17956740102,2,0,0,0,0,3,2,0,0.667,2,1659300.0,1,0,3,0,0.0,0.0,0.0,0,0,999,prospect,0,0
meta_ads,manufacturing,medium,6.34,2,0.4286,4,0.359,3,3.75,860218428,2,1,1,1,0,2,1,0,0.5,2,1147057.0,2,0,2,1,759512.0,436058.77,57.41,0,1,999,prospect,0,0
manual,services,large,5.67,2,0.087,21,0.573,2,3.62,3888932264,2,1,0,0,0,1,0,0,0.0,0,0.0,0,0,0,0,0.0,0.0,0.0,0,0,999,lead,0,0
meta_ads,health,medium,1.9,4,0.625,3,0.801,5,2.75,1380261677,1,0,0,0,0,1,0,0,0.0,0,0.0,0,0,1,1,3251376.0,2161150.45,66.47,0,0,999,prospect,0,0
organic,finance,large,0.56,2,0.1667,20,0.598,4,3.63,3640620481,1,0,0,0,0,1,0,0,0.0,3,2774430.0,1,0,0,0,0.0,0.0,0.0,0,0,999,prospect,0,0
other,retail,small,10.09,0,0.0877,52,0.27,5,1.91,126598506,0,0,0,0,0,1,0,0,0.0,1,1476267.0,0,0,0,0,0.0,0.0,0.0,0,1,999,churned,0,1
other,finance,medium,3.74,3,0.75,1,0.642,3,3.79,1147292214,2,0,0,0,0,2,2,0,1.0,3,428638.0,1,1,0,0,0.0,0.0,0.0,0,0,999,prospect,0,0
referral,services,medium,3.85,3,1.0,0,0.548,16,2.82,1348262520,1,0,1,0,0,0,0,0,0.0,5,4005620.0,2,1,1,0,0.0,0.0,0.0,1,0,90,customer,1,0
manual,technology,small,5.19,2,0.2667,11,0.546,4,4.43,224577705,1,1,0,0,0,0,0,0,0.0,2,1599665.0,1,1,2,0,0.0,0.0,0.0,1,0,49,customer,1,0
other,technology,medium,4.48,0,0.3,7,0.176,3,1.97,1790948026,2,0,0,0,0,0,0,0,0.0,0,0.0,0,0,1,0,0.0,0.0,0.0,0,0,999,lead,0,0
referral,retail,small,10.26,0,0.1071,25,0.245,3,3.12,357599817,1,0,0,1,1,1,1,0,1.0,2,1507800.0,1,0,0,0,0.0,0.0,0.0,0,0,999,lead,0,0
manual,services,medium,2.62,4,0.6842,6,0.762,13,4.7,1772192143,1,1,0,0,0,0,0,0,0.0,3,2469892.0,2,1,3,0,0.0,0.0,0.0,1,0,22,customer,1,0
other,retail,large,4.71,3,0.5217,11,0.669,12,3.47,7529774860,1,0,0,0,0,1,1,0,1.0,3,2373519.0,2,1,1,1,3709890.0,1464099.9,39.46,1,0,40,customer,1,0
other,finance,small,8.2,1,0.4375,9,0.659,7,2.58,326561856,0,0,0,0,0,1,1,0,1.0,0,0.0,0,0,1,0,0.0,0.0,0.0,0,0,999,prospect,0,0
manual,retail,medium,9.77,1,0.0488,78,0.257,4,2.51,1281951001,2,0,0,1,0,0,0,0,0.0,2,932797.0,0,0,2,0,0.0,0.0,0.0,0,1,999,churned,0,1
organic,services,startup,1.91,1,0.6364,4,0.776,7,3.08,63664289,0,0,0,0,0,2,1,0,0.5,2,2198123.0,1,0,3,2,0.0,0.0,56.88,0,0,999,prospect,0,0
manual,manufacturing,small,0.0,1,0.2188,25,0.35,7,2.34,441128728,3,0,0,0,0,0,0,0,0.0,3,2182902.0,1,0,0,0,0.0,0.0,0.0,0,0,999,lead,0,0
referral,manufacturing,large,3.84,1,0.0,27,0.891,0,3.3,7038223383,1,0,0,0,0,0,0,0,0.0,1,1132327.0,0,1,0,0,0.0,0.0,0.0,0,1,999,lead,0,0
manual,finance,medium,3.64,0,0.1739,19,0.638,4,5.0,1243813602,2,0,0,0,0,0,0,0,0.0,1,1340257.0,0,0,1,0,0.0,0.0,0.0,0,0,999,lead,0,0
referral,finance,large,1.96,1,0.5,12,0.701,12,3.45,2041161366,0,0,0,0,0,0,0,0,0.0,2,2930418.0,2,1,2,1,2571931.0,1505845.45,58.55,1,0,145,customer,1,0
meta_ads,retail,startup,8.05,0,0.0556,17,0.755,1,3.43,86717319,1,1,1,0,0,3,1,0,0.333,2,2075376.0,1,0,5,1,1329548.0,843014.77,63.41,1,0,24,prospect,0,0
referral,other,medium,7.24,0,0.0,15,0.405,0,2.62,738868607,2,0,0,0,1,1,0,0,0.0,0,0.0,0,0,1,0,0.0,0.0,0.0,0,0,999,lead,0,0
meta_ads,services,medium,2.96,2,0.8889,1,0.541,8,3.8,937493868,1,0,0,1,0,0,0,0,0.0,1,1670224.0,1,1,1,0,0.0,0.0,0.0,0,0,999,prospect,0,0
organic,finance,large,8.76,2,0.2258,24,0.366,7,3.33,6758213099,2,0,0,0,0,1,0,0,0.0,1,1278287.0,1,0,1,0,0.0,0.0,0.0,0,0,999,lead,0,0
referral,education,medium,2.91,4,0.6875,5,0.668,11,4.43,1247293574,0,1,0,0,0,0,0,0,0.0,6,2172436.0,2,1,1,1,2614924.0,1337490.02,51.15,0,0,999,customer,1,0
referral,finance,large,7.15,3,1.0,0,0.423,7,3.69,5242481464,1,1,0,0,0,1,1,0,1.0,1,2192867.0,1,0,1,0,0.0,0.0,0.0,1,0,14,prospect,0,0
meta_ads,health,large,7.27,0,0.037,26,0.569,1,4.3,5447100189,1,0,0,0,0,0,0,0,0.0,0,0.0,0,0,0,0,0.0,0.0,0.0,1,0,179,lead,0,0
manual,education,medium,5.24,1,1.0,0,0.486,3,1.32,1528951603,0,0,0,0,0,0,0,0,0.0,2,1243629.0,1,0,0,0,0.0,0.0,0.0,0,0,999,lead,0,0
referral,technology,startup,4.71,3,1.0,0,0.895,12,3.2,93785382,0,0,0,1,0,2,1,0,0.5,1,2298096.0,1,1,4,1,855587.0,340597.65,39.81,0,0,999,customer,1,0
meta_ads,technology,medium,0.0,1,1.0,0,0.606,6,4.82,1318530332,1,0,0,0,0,2,2,0,1.0,2,2968991.0,2,0,3,2,6691727.0,1997996.3,29.86,0,0,999,prospect,0,0
manual,manufacturing,medium,0.53,0,0.2917,17,0.715,7,2.54,885164851,2,0,0,0,0,0,0,0,0.0,2,2385726.0,2,0,1,1,1447012.0,731451.05,50.55,0,0,999,prospect,0,0
referral,other,large,1.34,0,0.2,12,0.632,3,4.62,6453096463,2,1,0,0,0,2,2,0,1.0,0,0.0,0,0,1,0,0.0,0.0,0.0,0,0,999,prospect,0,0
organic,retail,small,4.49,2,0.2069,23,0.293,6,1.74,271279845,0,0,0,1,0,1,0,0,0.0,1,1126909.0,0,0,0,0,0.0,0.0,0.0,0,0,999,lead,0,0
manual,health,medium,7.45,0,0.25,21,0.264,7,2.31,1336675126,1,0,0,0,0,1,1,0,1.0,0,0.0,0,0,1,0,0.0,0.0,0.0,0,0,999,lead,0,0
referral,education,large,1.87,0,0.8571,1,0.614,6,4.06,8256224701,1,0,0,0,0,2,0,0,0.0,3,4253526.0,2,0,2,1,3520987.0,1927654.23,54.75,0,0,999,customer,1,0
other,other,large,0.0,0,0.0,23,0.457,0,3.1,6601306803,2,0,0,0,0,0,0,0,0.0,2,1458725.0,0,0,1,0,0.0,0.0,0.0,0,0,999,lead,0,0
organic,retail,medium,0.0,3,0.625,3,0.535,5,3.61,1631380316,2,0,0,0,0,0,0,0,0.0,1,2094134.0,1,1,4,1,1680633.0,785956.69,46.77,1,0,65,customer,1,0
referral,education,enterprise,6.37,0,0.16,21,0.205,4,4.28,82138340069,0,0,0,0,0,0,0,0,0.0,2,1674870.0,0,0,1,1,1403977.0,728103.54,51.86,0,0,999,lead,0,0
referral,other,small,5.53,1,0.3636,7,0.747,4,4.26,455756366,0,1,0,0,0,0,0,0,0.0,2,754958.0,2,0,1,1,1207924.0,283411.87,23.46,0,0,999,prospect,0,0
meta_ads,services,enterprise,3.48,1,0.0759,73,0.357,6,1.65,81884277248,1,0,0,0,0,1,0,0,0.0,0,0.0,0,0,4,1,3268749.0,2029890.97,62.1,0,1,999,churned,0,1
referral,health,startup,0.84,3,0.7273,6,0.698,16,3.52,38805384,0,0,0,0,0,2,1,0,0.5,5,2103443.0,2,1,2,2,7277633.0,3693319.57,50.75,0,0,999,customer,1,0
meta_ads,technology,medium,4.46,0,0.5625,7,0.626,9,3.09,507844420,1,0,0,0,0,1,1,0,1.0,0,0.0,0,0,1,1,1882261.0,944412.73,50.17,0,0,999,prospect,0,0
referral,services,startup,0.52,2,0.4348,13,0.565,10,4.85,38989720,1,1,0,0,0,2,1,0,0.5,2,2617551.0,2,0,1,1,3576985.0,1764310.69,49.32,0,0,999,prospect,0,0
other,finance,large,7.19,3,0.5455,5,0.622,6,3.65,4074374070,1,1,1,0,0,3,1,0,0.333,0,0.0,0,0,0,0,0.0,0.0,0.0,0,0,999,prospect,0,0
meta_ads,finance,small,3.79,0,0.1081,33,0.352,4,2.55,414850641,2,1,0,0,0,0,0,0,0.0,0,0.0,0,0,1,0,0.0,0.0,0.0,0,0,999,lead,0,0
manual,services,small,7.35,0,0.125,14,0.46,2,1.77,326132101,2,0,0,1,0,0,0,0,0.0,1,531063.0,1,0,2,0,0.0,0.0,0.0,0,0,999,churned,0,1
organic,other,large,4.38,1,0.4615,7,0.812,6,4.47,2895487416,1,0,0,1,0,1,1,0,1.0,1,2618177.0,1,1,1,0,0.0,0.0,0.0,0,0,999,prospect,0,0
manual,health,medium,2.81,2,0.4074,16,0.647,11,4.41,930706937,1,1,0,0,0,1,1,0,1.0,1,1701501.0,1,0,2,2,5268987.0,3646429.47,69.21,0,0,999,prospect,0,0
organic,health,enterprise,0.85,2,0.3077,9,0.456,4,2.79,98180421206,3,0,1,0,0,2,1,0,0.5,2,2512498.0,1,1,3,1,4873745.0,2939345.3,60.31,1,0,94,prospect,0,0
organic,health,medium,9.05,0,0.038,76,0.182,3,1.9,659515589,0,0,0,0,0,0,0,0,0.0,2,1336349.0,0,0,0,0,0.0,0.0,0.0,0,1,999,churned,0,1
meta_ads,services,startup,7.28,0,0.2222,14,0.55,4,3.38,48029358,2,1,0,0,0,1,1,0,1.0,1,479877.0,1,0,1,1,3292455.0,1635068.44,49.66,0,0,999,lead,0,0
meta_ads,services,medium,1.38,0,0.9286,1,0.929,13,4.6,1757228275,1,1,0,0,0,0,0,0,0.0,2,2412050.0,1,0,0,0,0.0,0.0,0.0,1,0,86,customer,1,0
meta_ads,finance,medium,2.82,1,0.2,4,0.278,1,3.17,1259399089,0,0,0,0,0,1,0,0,0.0,2,755964.0,1,1,1,0,0.0,0.0,0.0,0,0,999,lead,0,0
other,technology,large,5.46,2,0.0882,31,0.387,3,2.67,4276498414,2,0,0,0,0,0,0,0,0.0,3,2001297.0,0,1,0,0,0.0,0.0,0.0,0,0,999,lead,0,0
referral,health,small,6.8,1,0.5714,6,0.771,8,4.73,148410000,1,0,1,0,0,2,1,0,0.5,5,2200987.0,1,0,0,0,0.0,0.0,0.0,0,1,999,prospect,0,0
referral,health,small,1.02,1,0.7368,5,0.439,14,4.33,440736494,1,0,0,0,0,1,1,0,1.0,1,2440071.0,1,0,0,0,0.0,0.0,0.0,1,0,126,customer,1,0
manual,other,medium,7.73,1,1.0,0,0.551,6,3.42,1046890592,3,0,1,1,0,1,0,0,0.0,1,3119053.0,1,0,3,1,709112.0,338144.36,47.69,0,0,999,prospect,0,0
referral,finance,large,3.36,2,0.5294,8,0.312,9,2.91,4849485176,2,0,1,0,0,2,0,0,0.0,3,1867138.0,1,1,1,1,4660110.0,2773953.46,59.53,1,0,5,prospect,0,0
meta_ads,manufacturing,startup,2.54,2,0.7692,3,0.361,10,3.94,97264695,1,0,0,0,0,1,0,0,0.0,5,3039521.0,1,1,1,1,3584044.0,2083398.32,58.13,1,0,22,customer,1,0
referral,manufacturing,medium,0.84,3,0.3333,16,0.394,8,4.96,1448816164,3,0,0,0,1,1,0,0,0.0,1,2560287.0,1,0,0,0,0.0,0.0,0.0,0,0,999,prospect,0,0
manual,finance,small,4.89,0,0.4667,8,0.403,7,4.33,144399239,0,1,0,0,0,2,1,0,0.5,0,0.0,0,0,2,2,5839528.0,2878492.51,49.29,0,0,999,prospect,0,0
manual,other,medium,1.08,0,1.0,0,0.425,8,5.0,1194759075,0,0,0,0,0,0,0,0,0.0,0,0.0,0,0,1,1,2777351.0,1758824.29,63.33,0,0,999,prospect,0,0
other,finance,small,0.37,2,0.4,9,0.445,6,1.85,463977257,1,0,1,0,0,1,1,0,1.0,3,2431040.0,2,1,2,2,8611653.0,5420849.25,62.95,0,0,999,prospect,0,0
organic,health,large,3.7,3,0.0769,24,0.594,2,4.64,3695952437,1,0,0,0,0,0,0,0,0.0,1,2485604.0,0,0,0,0,0.0,0.0,0.0,1,0,53,lead,0,0
meta_ads,manufacturing,small,2.43,0,0.0,6,0.984,0,4.43,107731052,0,0,0,0,0,2,2,0,1.0,2,1493576.0,1,0,0,0,0.0,0.0,0.0,1,0,7,prospect,0,0
meta_ads,other,medium,8.6,1,0.0851,43,0.474,4,4.24,1494511019,1,0,0,0,0,1,0,1,0.0,2,1881438.0,1,0,0,0,0.0,0.0,0.0,0,0,999,lead,0,0
manual,retail,large,1.02,0,0.1111,24,0.625,3,3.67,8777555512,3,0,0,0,1,2,2,0,1.0,1,2168369.0,1,0,3,1,2244731.0,1078452.11,48.04,0,0,999,lead,0,0
organic,education,startup,0.0,1,1.0,0,0.719,12,5.0,85928469,0,0,0,0,0,0,0,0,0.0,6,1654023.0,3,0,2,0,0.0,0.0,0.0,1,0,101,customer,1,0
organic,services,medium,2.38,2,0.125,14,0.453,2,2.81,833113806,1,0,0,0,0,0,0,0,0.0,1,2854051.0,1,0,1,1,2038865.0,982808.32,48.2,0,0,999,lead,0,0
organic,retail,large,6.71,1,0.3077,9,0.327,4,1.88,9018844897,2,0,0,0,0,0,0,0,0.0,2,833609.0,1,0,0,0,0.0,0.0,0.0,0,0,999,lead,0,0
manual,manufacturing,startup,3.03,2,0.6875,5,0.464,11,4.57,16210683,2,0,0,0,0,0,0,0,0.0,2,2223756.0,1,0,1,1,3519060.0,2009200.8,57.09,0,1,999,prospect,0,0
organic,retail,large,0.2,0,0.6667,3,0.526,6,4.49,8544213993,1,1,0,0,0,0,0,1,0.0,3,3020360.0,3,0,2,2,490759.0,324145.04,66.05,0,1,999,customer,1,0
referral,manufacturing,small,4.6,0,0.375,15,0.844,9,2.09,112343161,1,0,0,0,0,2,1,0,0.5,2,1773733.0,1,0,1,0,0.0,0.0,0.0,0,0,999,prospect,0,0
organic,finance,small,2.53,0,0.0385,75,0.133,3,3.27,152686011,1,0,0,0,1,0,0,0,0.0,0,0.0,0,0,1,0,0.0,0.0,0.0,0,1,999,churned,0,1
meta_ads,other,small,2.83,1,0.5714,9,0.69,12,3.75,371016378,2,0,0,0,0,1,1,0,1.0,2,2466131.0,1,1,1,0,0.0,0.0,0.0,1,0,124,customer,1,0
organic,retail,medium,1.63,1,0.4138,17,0.316,12,4.46,615469200,0,0,1,0,0,0,0,0,0.0,2,2648244.0,2,0,0,0,0.0,0.0,0.0,0,0,999,prospect,0,0
organic,education,medium,7.0,0,0.2857,15,0.513,6,2.28,879652308,3,0,1,0,1,1,0,0,0.0,1,1613797.0,0,0,0,0,0.0,0.0,0.0,0,0,999,lead,0,0
referral,other,large,1.59,0,0.5714,3,0.056,4,4.35,2236032441,1,0,0,0,0,0,0,0,0.0,2,2295579.0,1,0,0,0,0.0,0.0,0.0,0,0,999,lead,0,0
organic,retail,small,0.0,0,0.7059,5,0.578,12,2.76,382184332,0,0,0,0,0,1,0,0,0.0,1,3654906.0,1,1,2,0,0.0,0.0,0.0,0,0,999,customer,1,0
meta_ads,other,medium,4.05,1,0.125,21,0.523,3,2.69,882323373,2,0,0,0,0,1,0,0,0.0,0,0.0,0,0,0,0,0.0,0.0,0.0,0,0,999,lead,0,0
meta_ads,services,medium,1.37,1,0.0698,40,0.344,3,3.58,768879883,1,0,0,0,0,0,0,0,0.0,1,1161136.0,1,0,1,0,0.0,0.0,0.0,0,0,999,lead,0,0
organic,education,medium,0.69,2,0.375,5,0.371,3,4.32,673091963,1,0,1,0,0,1,1,0,1.0,1,1464506.0,1,0,1,0,0.0,0.0,0.0,0,0,999,prospect,0,0
organic,education,small,4.68,2,0.2143,11,0.345,3,4.05,441989607,1,0,1,0,1,2,1,0,0.5,0,0.0,0,0,0,0,0.0,0.0,0.0,0,0,999,lead,0,0
referral,retail,small,5.78,1,0.25,15,0.413,5,4.0,471715360,0,1,0,0,0,0,0,0,0.0,0,0.0,0,0,0,0,0.0,0.0,0.0,0,0,999,prospect,0,0
referral,manufacturing,large,5.78,1,1.0,0,0.708,15,3.14,4455236105,2,0,0,0,0,0,0,0,0.0,4,2692340.0,2,0,2,2,6842077.0,2947303.08,43.08,1,0,119,customer,1,0
manual,education,medium,6.85,0,0.0,13,0.087,0,4.08,725912154,2,0,0,0,0,1,0,0,0.0,1,1075624.0,1,0,1,0,0.0,0.0,0.0,0,0,999,lead,0,0
organic,other,small,3.31,1,0.375,10,0.808,6,4.67,152032267,1,1,0,0,0,0,0,2,0.0,1,1910270.0,1,0,3,0,0.0,0.0,0.0,0,0,999,prospect,0,0
other,manufacturing,small,4.65,1,0.7368,5,0.023,14,3.7,347410823,3,0,0,0,0,2,2,0,1.0,1,2779063.0,1,1,2,0,0.0,0.0,0.0,0,0,999,prospect,0,0
meta_ads,manufacturing,small,5.69,2,0.4583,13,0.64,11,3.02,107657947,1,1,0,0,0,4,2,0,0.5,0,0.0,0,0,2,2,3645022.0,2187146.77,60.0,0,0,999,prospect,0,0
manual,finance,startup,3.08,2,0.7778,4,0.623,14,3.66,90762927,0,0,0,0,0,1,1,0,1.0,1,1902737.0,1,1,2,0,0.0,0.0,0.0,1,0,151,customer,1,0
meta_ads,other,small,1.6,3,1.0,0,0.68,4,4.2,108208325,0,0,0,0,0,2,2,0,1.0,1,3700457.0,1,1,3,0,0.0,0.0,0.0,1,0,9,customer,1,0
meta_ads,retail,medium,3.55,1,0.2222,21,0.163,6,2.75,1665573928,1,0,0,0,0,1,0,0,0.0,1,1280096.0,0,0,1,1,1182595.0,314365.41,26.58,0,0,999,lead,0,0
meta_ads,finance,small,4.42,1,1.0,0,0.683,13,4.85,173135111,1,1,0,0,0,0,0,0,0.0,0,0.0,0,0,1,1,0.0,0.0,33.27,0,0,999,customer,1,0
manual,other,medium,1.36,0,0.3,14,0.836,6,3.64,1881109475,0,0,0,0,0,1,1,0,1.0,1,2971836.0,1,0,2,0,0.0,0.0,0.0,0,0,999,prospect,0,0
meta_ads,manufacturing,enterprise,1.06,2,1.0,0,0.574,5,3.87,81640666218,0,0,0,0,0,1,1,0,1.0,3,1549529.0,2,1,0,0,0.0,0.0,0.0,0,0,999,prospect,0,0
meta_ads,retail,medium,7.43,0,0.0,33,0.466,0,3.68,1899807631,1,0,0,1,0,1,1,0,1.0,0,0.0,0,0,2,0,0.0,0.0,0.0,0,0,999,lead,0,0
manual,technology,small,3.48,0,0.0714,52,0.014,4,3.35,384053056,0,0,0,0,0,1,0,0,0.0,3,1142970.0,0,1,4,0,0.0,0.0,0.0,0,0,999,churned,0,1
organic,retail,small,0.77,0,0.3,7,0.345,3,3.84,338432782,2,0,0,0,0,1,0,0,0.0,0,0.0,0,0,0,0,0.0,0.0,0.0,0,0,999,lead,0,0
meta_ads,technology,large,10.55,1,0.0149,66,0.303,1,2.88,8268000646,2,0,0,0,0,0,0,0,0.0,1,990068.0,1,0,3,1,723543.0,446639.56,61.73,0,1,999,churned,0,1
other,finance,small,5.69,1,0.2857,10,0.0,4,3.57,252396509,0,0,0,0,1,0,0,0,0.0,0,0.0,0,0,0,0,0.0,0.0,0.0,0,0,999,lead,0,0
manual,finance,startup,2.61,0,0.6667,7,0.714,14,2.91,41919958,1,1,0,0,0,2,1,0,0.5,2,2579255.0,2,1,4,3,672122.0,387276.0,57.62,1,0,146,customer,1,0
referral,services,medium,5.82,0,0.2222,21,0.007,6,2.19,1736707276,2,0,0,0,0,1,0,2,0.0,3,441242.0,0,0,2,1,4974221.0,2706089.72,54.4,0,0,999,lead,0,0
other,services,startup,8.75,0,0.0,22,0.189,0,4.45,89840738,2,0,0,0,1,0,0,0,0.0,0,0.0,0,0,2,0,0.0,0.0,0.0,0,0,999,lead,0,0
organic,retail,large,3.21,0,0.1111,8,0.682,1,3.09,7849258755,0,0,0,0,1,1,0,0,0.0,2,1881397.0,0,1,1,0,0.0,0.0,0.0,0,0,999,lead,0,0
organic,health,medium,3.08,0,0.0,5,0.422,0,4.4,1163160552,2,0,0,0,0,1,0,0,0.0,2,1125921.0,1,0,0,0,0.0,0.0,0.0,0,0,999,lead,0,0
meta_ads,services,large,4.86,0,0.4667,8,0.483,7,3.13,3128860752,0,0,1,0,0,1,0,0,0.0,3,3597156.0,2,0,2,1,1573537.0,416337.91,26.46,0,0,999,prospect,0,0
organic,services,large,1.67,0,0.0333,29,0.58,1,3.61,2321110872,1,0,0,0,0,0,0,0,0.0,0,0.0,0,0,1,0,0.0,0.0,0.0,0,0,999,lead,0,0
organic,health,medium,0.0,3,0.1935,25,0.388,6,4.31,670161225,2,0,0,0,0,0,0,0,0.0,1,2254617.0,1,0,0,0,0.0,0.0,0.0,0,0,999,lead,0,0
other,manufacturing,medium,2.72,2,0.5833,10,0.633,14,4.18,1546749178,0,0,0,0,0,1,0,0,0.0,2,2536802.0,2,1,1,1,1933668.0,386763.3,20.0,0,0,999,customer,1,0
organic,finance,startup,3.05,3,0.4545,12,0.487,10,3.69,18288887,0,1,0,0,0,0,0,0,0.0,3,2403123.0,2,1,2,1,0.0,0.0,60.2,0,0,999,customer,1,0
other,finance,medium,8.22,0,0.3333,10,0.54,5,3.01,779959909,1,0,1,1,0,2,0,0,0.0,2,3594881.0,2,1,4,2,6508353.0,2468688.63,37.93,0,0,999,prospect,0,0
manual,other,large,14.19,0,0.0656,57,0.313,4,2.7,9801439807,1,0,0,0,1,1,0,0,0.0,0,0.0,0,0,0,0,0.0,0.0,0.0,0,1,999,churned,0,1
manual,finance,medium,0.0,0,0.0299,65,0.274,2,2.42,1163050131,1,0,0,1,1,0,0,0,0.0,0,0.0,0,0,1,1,3862504.0,925611.07,23.96,0,0,999,churned,0,1
other,retail,small,5.66,2,1.0,0,0.192,11,4.01,451507699,1,0,1,0,0,1,0,0,0.0,0,0.0,0,0,3,1,3292777.0,1221368.78,37.09,0,0,999,prospect,0,0
manual,education,small,5.06,4,0.75,2,0.628,6,4.59,152871863,1,1,0,1,0,1,0,0,0.0,1,552659.0,1,1,1,1,234655.0,53922.12,22.98,0,0,999,customer,1,0
referral,other,large,6.58,0,0.1875,13,0.25,3,4.94,6343985060,2,0,0,0,0,1,0,0,0.0,2,1991592.0,1,1,0,0,0.0,0.0,0.0,1,1,110,prospect,0,0
meta_ads,retail,small,3.13,0,1.0,0,0.726,4,2.12,150777765,0,1,0,0,0,0,0,0,0.0,0,0.0,0,0,2,0,0.0,0.0,0.0,0,0,999,prospect,0,0
manual,services,small,3.86,0,0.0513,37,0.693,2,4.34,335078807,2,0,0,0,0,3,2,0,0.667,0,0.0,0,0,3,1,4419278.0,1773764.47,40.14,0,0,999,lead,0,0
other,other,medium,0.0,2,1.0,0,0.517,12,2.4,1653380066,1,0,0,0,0,0,0,0,0.0,0,0.0,0,0,1,0,0.0,0.0,0.0,1,0,91,prospect,0,0
organic,education,small,0.25,0,1.0,0,0.279,3,2.36,178302242,1,0,0,1,1,1,0,2,0.0,0,0.0,0,0,0,0,0.0,0.0,0.0,0,0,999,lead,0,0
manual,retail,large,2.85,1,0.5238,10,0.585,11,2.78,6775561787,1,1,1,0,0,2,1,0,0.5,0,0.0,0,0,2,1,2641186.0,967705.43,36.64,0,0,999,prospect,0,0
referral,education,medium,4.2,2,0.6429,5,0.5,9,4.16,1494540805,1,1,0,0,0,2,2,0,1.0,2,1446370.0,1,1,3,3,0.0,0.0,41.37,0,0,999,prospect,0,0
referral,finance,small,3.12,2,0.3889,11,0.63,7,3.3,102725879,2,1,0,0,1,2,2,0,1.0,0,0.0,0,0,2,1,828930.0,519461.3,62.67,0,0,999,prospect,0,0
manual,manufacturing,medium,3.74,0,0.1481,23,0.639,4,2.07,1265855613,2,0,0,0,0,1,1,0,1.0,1,1066822.0,1,0,0,0,0.0,0.0,0.0,0,0,999,lead,0,0
referral,technology,small,7.47,2,0.7895,4,0.73,15,4.59,388153599,0,0,0,0,0,1,1,0,1.0,1,2986583.0,1,0,2,2,5071685.0,3488758.6,68.79,0,0,999,customer,1,0
meta_ads,technology,small,4.08,0,0.15,17,0.203,3,3.06,166983897,1,0,0,0,0,0,0,0,0.0,0,0.0,0,0,2,0,0.0,0.0,0.0,0,1,999,lead,0,0
meta_ads,other,small,4.64,1,0.8,1,0.728,4,4.23,121893082,1,1,0,0,0,1,1,0,1.0,2,3110136.0,1,1,3,1,1277816.0,752662.97,58.9,0,0,999,customer,1,0
other,other,small,5.27,0,0.3,14,0.475,6,4.32,324971749,1,0,0,0,0,0,0,0,0.0,1,2111820.0,1,0,3,2,7726879.0,5083543.31,65.79,0,0,999,prospect,0,0
meta_ads,technology,startup,3.42,2,1.0,0,0.663,8,3.86,91848655,2,1,0,0,0,1,0,0,0.0,7,1752682.0,1,1,1,1,3420938.0,1329655.47,38.87,0,0,999,customer,1,0
manual,retail,small,4.99,2,0.7273,3,0.783,8,3.81,204367431,1,0,0,0,0,3,1,0,0.333,3,2968786.0,1,0,3,0,0.0,0.0,0.0,0,0,999,prospect,0,0
other,services,small,7.02,2,0.7143,4,0.523,10,2.65,357118028,2,1,1,0,0,0,0,0,0.0,1,2802943.0,1,1,0,0,0.0,0.0,0.0,1,0,121,prospect,0,0
referral,health,large,6.12,2,0.0882,31,0.122,3,3.34,3293556426,0,0,0,0,0,1,1,0,1.0,0,0.0,0,0,2,0,0.0,0.0,0.0,0,0,999,lead,0,0
meta_ads,education,small,0.0,0,0.0,38,0.406,0,3.16,466888236,2,0,0,0,1,0,0,0,0.0,0,0.0,0,0,1,0,0.0,0.0,0.0,0,0,999,churned,0,1
meta_ads,retail,small,2.71,4,1.0,0,0.561,3,4.56,216764469,2,0,0,0,0,2,1,0,0.5,4,2323739.0,1,1,1,1,31611.0,13805.12,43.67,0,1,999,prospect,0,0
meta_ads,finance,large,5.51,4,0.3846,8,0.569,5,4.58,2674114929,0,1,0,0,0,2,1,0,0.5,6,2206344.0,3,1,4,0,0.0,0.0,0.0,1,0,74,customer,1,0
manual,finance,medium,1.24,1,0.25,3,0.475,1,4.45,537147316,1,0,0,0,0,2,1,0,0.5,0,0.0,0,0,1,1,3792452.0,1806752.34,47.64,0,1,999,prospect,0,0
organic,retail,medium,1.36,0,1.0,0,0.755,3,4.56,1005900344,1,0,1,0,0,1,1,0,1.0,0,0.0,0,0,2,1,1920317.0,1011802.39,52.69,0,0,999,customer,1,0
organic,manufacturing,small,8.17,2,0.1429,30,0.117,5,2.16,139797867,2,0,0,0,1,0,0,0,0.0,1,1390403.0,0,0,0,0,0.0,0.0,0.0,0,0,999,lead,0,0
meta_ads,manufacturing,medium,5.26,1,0.0204,48,0.234,1,3.27,515826683,0,0,0,0,1,1,0,0,0.0,1,1654905.0,1,0,1,0,0.0,0.0,0.0,0,1,999,churned,0,1
manual,finance,large,0.0,1,0.7273,3,0.729,8,1.75,3648045428,1,0,1,0,0,1,0,0,0.0,2,2864326.0,2,0,1,1,952067.0,287280.54,30.17,0,1,999,prospect,0,0
other,other,medium,11.85,0,0.0741,50,0.128,4,1.41,1964926455,2,0,0,0,0,0,0,1,0.0,0,0.0,0,0,0,0,0.0,0.0,0.0,0,0,999,churned,0,1
meta_ads,technology,small,3.3,1,0.6154,5,0.849,8,3.84,334118731,1,0,0,0,0,3,1,0,0.333,3,2207939.0,1,0,0,0,0.0,0.0,0.0,0,0,999,prospect,0,0
manual,services,enterprise,4.06,0,0.0645,29,0.341,2,2.98,56135371969,1,0,0,1,0,1,0,0,0.0,0,0.0,0,0,1,0,0.0,0.0,0.0,0,0,999,lead,0,0
meta_ads,education,large,1.8,0,0.5294,8,0.727,9,2.78,2633705200,0,0,0,0,0,1,0,0,0.0,5,1166275.0,1,1,1,1,1309320.0,363022.67,27.73,0,0,999,customer,1,0
organic,services,startup,3.37,1,0.8333,2,0.827,10,3.16,20382652,2,0,0,0,0,0,0,0,0.0,1,1762534.0,1,0,2,0,0.0,0.0,0.0,0,0,999,prospect,0,0
manual,manufacturing,medium,0.0,1,0.0,21,0.786,0,4.36,1404868134,0,0,0,0,0,0,0,0,0.0,2,959742.0,0,0,1,0,0.0,0.0,0.0,0,1,999,lead,0,0
organic,retail,medium,9.37,0,0.0,60,0.354,0,1.52,1808779927,1,0,0,1,0,0,0,0,0.0,0,0.0,0,0,0,0,0.0,0.0,0.0,0,1,999,churned,0,1
manual,services,small,1.31,0,1.0,0,0.331,7,4.2,296407905,1,0,0,0,0,1,0,0,0.0,3,2233876.0,3,0,0,0,0.0,0.0,0.0,0,1,999,customer,1,0
referral,retail,small,9.44,0,0.0,8,0.541,0,2.02,195500708,3,0,0,1,1,0,0,0,0.0,0,0.0,0,0,0,0,0.0,0.0,0.0,0,0,999,lead,0,0
manual,health,small,2.22,1,0.5833,10,1.0,14,2.41,170409902,1,0,1,0,0,0,0,0,0.0,3,2462103.0,2,0,0,0,0.0,0.0,0.0,1,0,39,customer,1,0
referral,education,small,0.67,1,0.0323,30,0.614,1,2.5,348442529,2,0,0,1,0,0,0,0,0.0,0,0.0,0,0,0,0,0.0,0.0,0.0,0,1,999,churned,0,1
organic,education,medium,0.0,3,0.4444,10,0.749,8,3.48,660067728,1,0,0,0,0,1,0,0,0.0,1,1038511.0,1,1,5,3,0.0,0.0,52.51,0,1,999,prospect,0,0
other,manufacturing,medium,11.81,0,0.0235,83,0.125,2,1.0,818996429,2,0,0,0,0,1,0,1,0.0,0,0.0,0,0,0,0,0.0,0.0,0.0,0,1,999,churned,0,1
other,finance,startup,4.79,1,0.0769,48,0.189,4,3.0,70368852,1,0,0,0,0,0,0,0,0.0,0,0.0,0,0,0,0,0.0,0.0,0.0,0,0,999,churned,0,1
meta_ads,education,startup,12.07,0,0.0,21,0.0,0,3.16,14410418,0,0,0,0,0,0,0,0,0.0,1,1514990.0,0,0,0,0,0.0,0.0,0.0,0,0,999,churned,0,1
referral,manufacturing,large,4.63,2,0.375,15,0.635,9,4.15,2566331488,0,0,1,0,0,2,2,0,1.0,2,3052213.0,2,0,3,1,3822377.0,2538085.85,66.4,1,0,141,customer,1,0
meta_ads,services,large,6.94,0,0.0685,68,0.187,5,2.99,2443561885,1,0,0,1,0,0,0,0,0.0,0,0.0,0,0,3,0,0.0,0.0,0.0,0,1,999,churned,0,1
manual,retail,medium,1.81,2,0.1842,31,0.378,7,4.3,1515686395,3,0,0,0,0,1,1,0,1.0,1,1802920.0,1,0,0,0,0.0,0.0,0.0,0,0,999,lead,0,0
other,retail,large,1.72,2,0.2857,10,0.639,4,3.69,9622675113,1,0,0,0,0,0,0,0,0.0,2,1782934.0,1,1,0,0,0.0,0.0,0.0,0,0,999,customer,1,0
organic,health,large,3.55,1,0.6667,4,0.397,8,3.57,6023004160,2,0,1,0,0,1,1,0,1.0,1,2283035.0,1,0,3,0,0.0,0.0,0.0,0,0,999,prospect,0,0
organic,services,startup,1.81,2,0.4,6,0.079,4,2.32,62401370,2,0,0,1,0,1,0,0,0.0,1,747925.0,0,1,0,0,0.0,0.0,0.0,0,0,999,lead,0,0
other,other,medium,3.06,1,0.2692,19,0.444,7,5.0,1183092357,1,0,0,0,0,1,1,0,1.0,2,1542693.0,2,1,3,3,7771160.0,3832096.71,49.31,0,0,999,prospect,0,0
manual,services,small,2.65,3,0.5625,7,0.691,9,4.01,200136106,1,1,0,0,0,1,0,0,0.0,2,1922924.0,1,1,2,2,6404730.0,1296536.4,20.24,0,0,999,prospect,0,0
manual,technology,small,2.95,3,0.7692,3,0.416,10,3.28,199314991,1,1,0,0,0,0,0,0,0.0,5,2552149.0,2,0,3,2,5789242.0,3868641.93,66.82,0,0,999,prospect,0,0
referral,other,medium,3.05,0,0.7333,4,0.548,11,2.93,1952313261,3,0,0,0,0,0,0,0,0.0,2,3343629.0,2,1,3,0,0.0,0.0,0.0,0,0,999,customer,1,0
manual,finance,medium,0.0,2,0.4211,11,0.55,8,4.13,609347677,1,0,1,0,0,1,1,0,1.0,2,1421439.0,2,1,1,1,595002.0,331315.11,55.68,0,0,999,prospect,0,0
manual,services,small,3.84,1,0.3333,4,0.498,2,4.18,117803615,0,1,0,0,0,2,1,0,0.5,4,1147463.0,1,0,4,0,0.0,0.0,0.0,0,0,999,customer,1,0
meta_ads,manufacturing,small,0.54,2,1.0,0,0.761,2,4.35,114063700,1,0,0,0,0,1,1,0,1.0,2,2592391.0,1,0,2,1,2586661.0,1688975.4,65.3,1,0,106,customer,1,0
organic,health,startup,7.38,0,0.0,23,0.601,0,4.35,27638216,3,0,0,1,1,1,0,0,0.0,0,0.0,0,0,0,0,0.0,0.0,0.0,0,0,999,lead,0,0
manual,finance,large,0.97,1,0.4444,10,0.559,8,2.78,5730996756,1,0,0,0,0,2,0,0,0.0,2,2664169.0,2,0,0,0,0.0,0.0,0.0,0,1,999,prospect,0,0
manual,finance,small,0.0,2,0.2593,20,0.37,7,3.8,454223777,1,0,1,0,1,1,0,0,0.0,0,0.0,0,0,0,0,0.0,0.0,0.0,0,0,999,prospect,0,0
organic,retail,medium,0.0,1,0.5455,10,0.7,12,4.47,894004602,1,0,1,0,0,1,0,0,0.0,1,2531886.0,1,1,2,0,0.0,0.0,0.0,0,1,999,customer,1,0
meta_ads,retail,large,5.23,2,0.875,1,0.706,7,4.45,7153704127,1,1,0,0,1,0,0,0,0.0,2,1899719.0,1,0,2,2,3843890.0,2497592.06,64.98,0,0,999,prospect,0,0
organic,services,startup,10.52,2,0.1,36,0.01,4,2.11,59447064,2,0,0,0,1,1,0,0,0.0,1,1730962.0,1,0,2,0,0.0,0.0,0.0,0,0,999,churned,0,1
referral,other,startup,2.01,1,0.0,16,0.401,0,4.31,66806927,2,0,0,0,0,0,0,0,0.0,2,1550464.0,0,0,0,0,0.0,0.0,0.0,1,0,139,lead,0,0
manual,technology,enterprise,2.16,1,0.0526,18,0.464,1,4.03,44773132342,0,0,0,0,0,2,2,0,1.0,2,1798677.0,2,0,1,1,4736405.0,2059872.87,43.49,0,0,999,prospect,0,0
organic,finance,medium,0.0,2,0.4615,14,0.874,12,3.97,1255270266,1,0,1,0,0,2,2,0,1.0,3,2953681.0,2,0,2,1,3143767.0,2015848.26,64.12,0,0,999,prospect,0,0
referral,technology,medium,7.91,0,0.0588,32,0.231,2,2.65,1284064181,0,0,0,0,0,0,0,0,0.0,2,792646.0,1,0,0,0,0.0,0.0,0.0,0,0,999,lead,0,0
manual,manufacturing,medium,2.45,0,0.4667,8,0.474,7,4.19,1329055835,1,1,0,0,0,1,0,0,0.0,1,1350404.0,1,1,2,0,0.0,0.0,0.0,0,0,999,prospect,0,0
manual,finance,large,4.9,1,0.1,9,0.804,1,4.8,7810428002,1,0,0,0,0,2,1,0,0.5,1,1906074.0,1,1,1,1,3279038.0,2117133.81,64.57,0,1,999,prospect,0,0
manual,retail,large,2.87,0,0.4286,12,0.489,9,3.91,3609401858,2,0,0,0,0,2,2,0,1.0,5,2510259.0,2,0,3,0,0.0,0.0,0.0,0,0,999,prospect,0,0
organic,education,startup,6.12,1,0.0,28,0.481,0,3.21,74310611,2,0,0,0,0,0,0,0,0.0,2,303099.0,0,1,1,0,0.0,0.0,0.0,0,0,999,lead,0,0
manual,manufacturing,medium,0.0,0,0.4286,8,0.589,6,3.44,1340173974,2,0,0,0,0,2,1,0,0.5,1,1564761.0,1,0,2,0,0.0,0.0,0.0,0,0,999,prospect,0,0
other,technology,small,0.0,3,0.2778,13,0.434,5,3.42,320276196,0,0,0,1,0,3,1,0,0.333,0,0.0,0,0,1,1,5211413.0,2115879.8,40.6,0,0,999,lead,0,0
organic,retail,large,6.77,3,0.0714,13,0.099,1,2.21,2554436048,1,0,1,0,0,1,1,0,1.0,1,1259451.0,1,0,0,0,0.0,0.0,0.0,0,0,999,lead,0,0
referral,other,small,4.13,2,0.9167,1,0.825,11,3.54,238687504,0,0,0,0,0,1,1,0,1.0,2,1540220.0,2,1,1,1,3548380.0,2127162.27,59.95,0,0,999,customer,1,0
organic,retail,large,4.15,3,0.875,2,0.74,14,2.79,6495015649,2,0,0,0,0,1,0,0,0.0,4,3107060.0,3,0,4,2,8388964.0,3666405.27,43.71,1,0,82,customer,1,0
meta_ads,other,small,5.55,2,0.1538,22,0.398,4,2.73,325265755,3,0,0,0,0,1,0,0,0.0,0,0.0,0,0,3,1,2413472.0,618863.04,25.64,0,0,999,lead,0,0
referral,manufacturing,medium,4.1,0,1.0,0,0.974,9,4.8,1710167213,1,0,0,0,0,0,0,0,0.0,1,3645539.0,1,1,0,0,0.0,0.0,0.0,0,0,999,customer,1,0
manual,finance,medium,5.88,2,0.1765,14,0.408,3,4.45,1682599296,0,0,0,0,0,1,0,1,0.0,0,0.0,0,0,0,0,0.0,0.0,0.0,0,0,999,lead,0,0
organic,education,small,10.58,1,0.0698,40,0.59,3,2.77,334241667,1,0,0,0,0,2,1,0,0.5,1,942692.0,1,0,2,0,0.0,0.0,0.0,0,0,999,lead,0,0
meta_ads,retail,medium,0.8,2,0.2308,10,0.619,3,4.78,1936969029,0,1,0,0,0,0,0,0,0.0,0,0.0,0,0,4,3,4029599.0,1268751.94,31.49,1,1,19,customer,1,0
referral,finance,small,0.0,3,0.6364,4,0.828,7,4.24,120938871,0,1,0,0,0,1,0,0,0.0,5,1566790.0,1,0,0,0,0.0,0.0,0.0,0,0,999,customer,1,0
meta_ads,retail,medium,13.19,0,0.0488,78,0.673,4,3.15,1074093786,0,0,0,0,1,0,0,0,0.0,1,651681.0,0,0,2,0,0.0,0.0,0.0,0,1,999,churned,0,1
referral,technology,large,11.28,3,0.3,14,0.556,6,2.84,5314616112,1,0,0,0,0,0,0,0,0.0,1,869268.0,1,0,0,0,0.0,0.0,0.0,0,0,999,lead,0,0
organic,retail,large,0.0,1,0.5882,7,0.587,10,3.52,4764961351,1,0,1,0,0,2,2,0,1.0,2,3100201.0,2,0,1,1,1225445.0,653596.55,53.34,0,0,999,customer,1,0
organic,technology,medium,7.1,0,0.0909,20,0.606,2,3.81,1795145021,2,0,0,0,0,0,0,0,0.0,1,1351172.0,1,0,1,0,0.0,0.0,0.0,0,0,999,lead,0,0
manual,retail,small,2.19,1,0.75,3,0.585,9,4.62,469797713,0,0,0,0,0,1,1,0,1.0,0,0.0,0,0,0,0,0.0,0.0,0.0,0,0,999,prospect,0,0
referral,services,large,0.0,3,0.7857,3,0.893,11,3.57,2073324401,2,0,1,0,0,2,0,0,0.0,3,3913209.0,1,1,4,1,3507096.0,1528503.26,43.58,1,0,95,customer,1,0
other,finance,medium,9.13,0,0.0857,32,0.139,3,2.48,1836801196,2,0,0,0,0,0,0,0,0.0,0,0.0,0,0,0,0,0.0,0.0,0.0,1,0,88,lead,0,0
referral,finance,small,11.5,0,0.0,55,0.0,0,2.01,399890298,2,0,0,0,0,0,0,0,0.0,0,0.0,0,0,3,0,0.0,0.0,0.0,0,1,999,churned,0,1
manual,technology,small,4.99,3,0.2941,12,0.529,5,3.58,296277738,0,1,1,0,0,1,0,0,0.0,3,1926523.0,2,1,2,1,3419186.0,1972324.2,57.68,0,0,999,prospect,0,0
referral,other,startup,10.43,0,0.0638,44,0.331,3,2.24,57873967,1,0,0,1,0,0,0,1,0.0,0,0.0,0,0,1,0,0.0,0.0,0.0,1,1,69,churned,0,1
manual,other,startup,3.67,1,0.2105,15,0.659,4,4.95,48715831,0,0,0,1,0,0,0,0,0.0,0,0.0,0,0,0,0,0.0,0.0,0.0,0,0,999,lead,0,0
meta_ads,retail,large,0.78,0,0.3571,9,0.707,5,3.01,7043340947,1,0,1,0,0,0,0,0,0.0,1,2184110.0,1,0,2,0,0.0,0.0,0.0,0,0,999,prospect,0,0
organic,finance,large,0.0,0,0.2667,22,0.525,8,4.27,6147943799,2,0,0,0,0,3,3,0,1.0,0,0.0,0,0,2,2,4796848.0,1854479.27,38.66,1,0,137,prospect,0,0
manual,other,medium,5.98,0,1.0,0,0.389,1,3.46,1278744559,1,0,0,0,0,0,0,0,0.0,2,3302880.0,1,1,2,0,0.0,0.0,0.0,0,0,999,prospect,0,0
meta_ads,technology,medium,0.63,0,0.1429,12,0.351,2,2.63,1358611588,1,0,0,0,0,3,1,0,0.333,2,1338704.0,1,1,2,1,3117337.0,951367.7,30.52,1,0,1,prospect,0,0
meta_ads,education,startup,2.71,2,0.8421,3,0.72,16,4.43,13165716,0,0,1,0,0,1,1,0,1.0,2,4130286.0,1,0,6,1,2582541.0,1418891.3,54.94,0,1,999,customer,1,0
manual,technology,large,1.86,0,0.6667,4,0.215,8,5.0,5573916202,1,0,0,0,0,0,0,0,0.0,1,2881093.0,1,0,2,0,0.0,0.0,0.0,1,0,122,customer,1,0
meta_ads,manufacturing,large,1.72,0,0.0143,69,0.249,1,2.43,6491823549,1,0,0,0,1,2,1,0,0.5,0,0.0,0,0,2,0,0.0,0.0,0.0,0,1,999,churned,0,1
manual,other,small,7.48,0,0.3846,8,0.433,5,4.36,261861496,2,0,0,0,0,1,1,0,1.0,1,2880134.0,1,0,3,1,2931872.0,1124621.66,38.36,1,0,14,prospect,0,0
meta_ads,other,small,3.41,2,0.56,11,0.664,14,3.27,332318731,2,0,0,0,0,1,0,0,0.0,3,2184811.0,2,1,3,0,0.0,0.0,0.0,0,0,999,customer,1,0
meta_ads,services,medium,1.59,1,0.3571,9,0.653,5,2.99,943734077,0,0,0,0,0,1,0,0,0.0,3,1246284.0,1,0,3,1,3557421.0,924730.27,25.99,1,0,49,prospect,0,0
organic,other,startup,9.5,2,0.2353,13,0.503,4,3.49,90142261,0,0,0,0,0,0,0,0,0.0,0,0.0,0,0,0,0,0.0,0.0,0.0,0,0,999,lead,0,0
organic,education,startup,11.08,0,0.0625,45,0.68,3,2.68,14809114,2,0,0,0,1,0,0,0,0.0,2,1801001.0,1,0,2,0,0.0,0.0,0.0,0,0,999,churned,0,1
organic,health,medium,4.54,0,1.0,0,0.303,1,2.64,523780318,0,0,0,0,1,1,0,0,0.0,2,2511818.0,0,0,0,0,0.0,0.0,0.0,0,0,999,lead,0,0
other,finance,medium,1.41,2,0.25,9,0.491,3,3.32,1369751357,0,0,1,0,0,1,1,0,1.0,3,2323584.0,2,0,4,1,651136.0,409537.49,62.9,0,0,999,prospect,0,0
other,finance,startup,5.1,1,0.0,33,0.0,0,3.07,40694308,2,1,0,0,0,2,1,1,0.5,2,969769.0,0,1,0,0,0.0,0.0,0.0,0,0,999,lead,0,0
organic,manufacturing,medium,3.32,0,0.04,48,0.0,2,2.63,1766603514,1,0,0,1,0,1,1,0,1.0,2,1866652.0,0,0,1,0,0.0,0.0,0.0,0,0,999,lead,0,0
meta_ads,manufacturing,medium,3.49,3,0.3636,7,0.787,4,3.68,1074604054,1,0,0,0,1,2,2,0,1.0,0,0.0,0,0,0,0,0.0,0.0,0.0,0,0,999,prospect,0,0
manual,health,small,4.01,0,0.1935,25,0.239,6,4.25,249859687,1,0,1,0,0,0,0,0,0.0,2,417619.0,1,0,0,0,0.0,0.0,0.0,0,0,999,lead,0,0
meta_ads,finance,small,3.43,3,0.4286,4,0.679,3,4.68,296245430,1,0,0,1,0,1,1,0,1.0,5,2209141.0,2,1,2,0,0.0,0.0,0.0,1,0,51,customer,1,0
organic,retail,large,6.38,0,0.1,36,0.155,4,2.44,8180180734,0,0,0,0,0,2,2,0,1.0,5,692874.0,0,1,1,1,1956479.0,517467.97,26.45,0,0,999,lead,0,0
organic,education,startup,4.85,2,0.5385,6,0.528,7,2.95,71949768,0,0,0,0,0,0,0,0,0.0,2,1383287.0,2,1,0,0,0.0,0.0,0.0,0,0,999,prospect,0,0
other,health,medium,3.97,1,0.25,9,0.435,3,3.93,955244347,2,0,0,0,0,1,1,0,1.0,1,2665905.0,1,1,1,1,0.0,0.0,32.28,0,0,999,prospect,0,0
referral,manufacturing,large,5.51,2,0.2,12,0.455,3,2.8,4152417829,2,0,0,0,0,1,1,0,1.0,0,0.0,0,0,1,1,0.0,0.0,42.46,0,0,999,lead,0,0
meta_ads,retail,medium,2.41,0,0.1364,19,0.622,3,4.41,603761285,3,0,0,0,0,1,0,0,0.0,1,3469113.0,1,1,2,0,0.0,0.0,0.0,0,0,999,prospect,0,0
referral,technology,startup,0.0,0,0.4583,13,0.645,11,4.0,82105435,1,0,0,0,0,3,1,0,0.333,3,1467245.0,2,1,2,2,7769040.0,1800613.72,23.18,0,0,999,customer,1,0
other,manufacturing,small,0.0,0,0.1875,13,0.272,3,3.51,450148505,1,0,0,1,0,1,0,0,0.0,1,1459910.0,0,0,0,0,0.0,0.0,0.0,0,0,999,lead,0,0
referral,manufacturing,small,6.77,1,0.0,18,0.123,0,4.01,177917521,1,0,1,1,1,0,0,0,0.0,0,0.0,0,0,0,0,0.0,0.0,0.0,0,0,999,lead,0,0
organic,education,medium,9.93,0,0.2174,18,0.612,5,3.12,1350518488,2,0,0,0,0,0,0,0,0.0,0,0.0,0,0,0,0,0.0,0.0,0.0,0,0,999,lead,0,0
organic,finance,startup,0.0,1,0.2917,17,0.229,7,3.37,63039848,1,0,0,0,0,1,0,0,0.0,1,2209134.0,0,0,2,1,1875685.0,1295187.93,69.05,0,0,999,lead,0,0
referral,other,medium,4.51,3,0.2,4,0.99,1,3.78,1214031060,0,0,0,0,1,3,1,0,0.333,3,2783781.0,2,0,1,1,2924580.0,1346584.78,46.04,0,0,999,prospect,0,0
referral,education,medium,3.47,2,1.0,0,0.571,13,3.66,542506175,1,0,0,0,0,1,1,0,1.0,0,0.0,0,0,2,0,0.0,0.0,0.0,0,1,999,customer,1,0
manual,health,medium,0.44,1,0.1538,11,0.527,2,3.63,1855426804,1,0,0,0,0,2,2,0,1.0,5,2807356.0,1,1,0,0,0.0,0.0,0.0,1,0,134,customer,1,0
referral,health,small,0.8,2,1.0,0,0.815,6,3.3,415945848,1,0,1,0,0,2,0,0,0.0,1,127021.0,1,0,4,0,0.0,0.0,0.0,0,0,999,prospect,0,0
meta_ads,education,large,4.92,1,0.2941,24,0.291,10,3.62,9654685340,0,0,0,0,0,0,0,2,0.0,1,1900426.0,1,0,2,1,2468696.0,1012089.72,41.0,0,0,999,prospect,0,0
meta_ads,services,medium,0.0,0,0.1111,8,0.76,1,3.7,1120889087,1,0,0,0,0,0,0,2,0.0,4,1255076.0,0,0,2,0,0.0,0.0,0.0,0,0,999,lead,0,0
meta_ads,manufacturing,startup,4.18,2,0.4706,9,0.912,8,3.38,12029429,1,0,1,0,0,2,0,0,0.0,0,0.0,0,0,2,1,2600805.0,922407.06,35.47,1,0,123,prospect,0,0
manual,education,small,4.77,1,1.0,0,0.53,7,3.08,487283171,0,0,0,0,0,3,2,0,0.667,2,2403443.0,1,1,1,1,2916980.0,1072470.09,36.77,0,0,999,customer,1,0
referral,services,small,4.61,0,0.5667,13,0.517,17,4.1,138276046,2,0,1,0,0,0,0,0,0.0,1,911570.0,1,1,1,1,2304403.0,1241625.13,53.88,1,0,82,customer,1,0
meta_ads,health,small,2.34,2,0.0,0,0.612,0,4.19,407368428,1,0,0,1,0,2,1,0,0.5,1,2284835.0,1,0,0,0,0.0,0.0,0.0,0,0,999,prospect,0,0
meta_ads,technology,small,0.97,0,0.5263,9,0.593,10,3.76,247857247,2,0,0,0,0,2,1,0,0.5,1,2027780.0,1,0,0,0,0.0,0.0,0.0,0,0,999,prospect,0,0
referral,retail,medium,0.0,0,1.0,0,0.62,15,5.0,1830659768,1,0,0,0,0,0,0,0,0.0,4,2499063.0,1,1,1,0,0.0,0.0,0.0,0,0,999,customer,1,0
other,retail,medium,7.67,1,1.0,0,0.89,8,3.37,1318853838,1,0,0,0,0,0,0,0,0.0,1,632782.0,1,0,2,2,8467783.0,4770200.75,56.33,0,0,999,customer,1,0
referral,finance,small,11.21,0,0.0,68,0.118,0,2.2,185897800,1,0,0,1,1,0,0,0,0.0,0,0.0,0,0,3,0,0.0,0.0,0.0,0,0,999,churned,0,1
referral,manufacturing,large,2.31,0,0.7,3,0.649,7,4.19,3843958698,2,1,0,0,0,3,2,0,0.667,2,3977493.0,2,1,2,0,0.0,0.0,0.0,1,0,29,customer,1,0
meta_ads,education,startup,3.79,1,0.3333,8,0.647,4,2.63,26643341,1,1,0,0,0,3,2,0,0.667,4,1824835.0,2,1,1,1,2023315.0,869620.19,42.98,1,0,167,prospect,0,0
other,other,enterprise,4.15,0,1.0,0,0.456,5,4.24,73265279375,0,0,1,0,0,0,0,0,0.0,0,0.0,0,0,0,0,0.0,0.0,0.0,0,1,999,lead,0,0
organic,manufacturing,small,4.8,1,0.0,19,0.782,0,4.25,117952406,1,0,0,0,1,0,0,0,0.0,2,2525524.0,1,0,0,0,0.0,0.0,0.0,1,0,47,lead,0,0
manual,technology,large,5.33,2,0.2143,11,0.155,3,2.85,9506892802,1,0,0,0,0,0,0,0,0.0,1,1502520.0,0,0,0,0,0.0,0.0,0.0,1,0,140,lead,0,0
other,retail,small,2.38,2,0.4118,10,0.455,7,4.05,111139911,2,0,0,0,0,1,0,0,0.0,1,2691977.0,1,1,2,1,3966467.0,1321147.72,33.31,0,1,999,prospect,0,0
referral,education,small,2.95,1,0.0909,20,0.381,2,2.06,330783660,1,0,0,0,0,0,0,0,0.0,4,1315909.0,0,1,0,0,0.0,0.0,0.0,0,0,999,lead,0,0
meta_ads,manufacturing,medium,0.0,3,0.4,6,0.823,4,2.55,1058791179,2,0,0,0,0,3,2,0,0.667,1,2702713.0,1,0,2,1,0.0,0.0,44.91,0,0,999,prospect,0,0
meta_ads,manufacturing,medium,4.44,3,0.0714,13,0.734,1,4.31,1489168488,0,0,1,0,0,1,0,1,0.0,1,2814312.0,1,0,2,0,0.0,0.0,0.0,0,0,999,prospect,0,0
other,retail,small,15.83,0,0.1364,19,0.358,3,3.62,365519356,0,0,0,0,0,1,0,0,0.0,2,1657682.0,1,1,1,1,1031846.0,546939.81,53.01,0,0,999,lead,0,0
referral,health,large,2.57,1,1.0,0,0.596,5,3.46,7780893798,0,0,0,0,0,2,1,0,0.5,2,3191210.0,2,1,1,0,0.0,0.0,0.0,0,0,999,customer,1,0
other,education,large,4.64,1,0.0566,50,0.748,3,1.42,3781193881,1,0,0,0,0,0,0,0,0.0,2,1689746.0,1,0,0,0,0.0,0.0,0.0,0,0,999,lead,0,0
referral,technology,large,6.98,0,0.2308,20,0.543,6,2.83,5800631840,0,0,0,0,1,1,1,0,1.0,1,729122.0,0,0,0,0,0.0,0.0,0.0,0,0,999,lead,0,0
other,manufacturing,small,4.95,1,0.2353,13,0.245,4,2.3,484004752,2,1,1,0,0,0,0,0,0.0,1,1262732.0,1,0,0,0,0.0,0.0,0.0,0,0,999,lead,0,0
referral,manufacturing,small,5.35,0,1.0,0,0.281,2,2.53,431377815,1,0,0,0,1,1,0,0,0.0,0,0.0,0,0,2,0,0.0,0.0,0.0,0,1,999,churned,0,1
referral,finance,large,4.77,0,0.2273,17,0.743,5,4.72,5220891506,1,1,0,0,0,0,0,0,0.0,2,1316185.0,0,0,0,0,0.0,0.0,0.0,0,0,999,lead,0,0
referral,finance,large,0.0,1,1.0,0,0.255,1,3.69,4855498383,2,0,0,0,0,0,0,0,0.0,1,943068.0,1,0,1,1,4365142.0,2277904.25,52.18,0,0,999,lead,0,0
meta_ads,services,small,7.46,4,0.5294,8,0.501,9,3.43,304809355,1,0,0,0,0,2,0,0,0.0,2,1363224.0,2,0,2,2,3992494.0,2604314.0,65.23,0,0,999,prospect,0,0
meta_ads,technology,small,6.26,0,0.0833,22,0.412,2,2.85,386590505,2,0,0,0,1,0,0,0,0.0,0,0.0,0,0,0,0,0.0,0.0,0.0,0,0,999,lead,0,0
referral,finance,startup,0.0,1,0.8333,2,0.759,10,3.28,59201154,1,0,1,0,0,3,2,0,0.667,2,3037394.0,1,0,3,2,0.0,0.0,51.69,1,0,103,customer,1,0
manual,technology,startup,0.81,0,0.1333,13,0.426,2,2.67,57386750,0,0,1,1,0,1,1,1,1.0,2,1968660.0,0,0,2,0,0.0,0.0,0.0,0,1,999,lead,0,0
other,finance,medium,1.3,0,0.0333,29,0.277,1,1.99,935964453,1,1,0,0,0,0,0,0,0.0,1,359706.0,0,0,1,1,2356988.0,1429728.1,60.66,0,0,999,lead,0,0
other,health,small,13.92,1,0.0,76,0.0,0,1.32,434122584,0,0,0,0,1,2,0,0,0.0,1,1211256.0,1,0,2,0,0.0,0.0,0.0,0,0,999,churned,0,1
organic,finance,medium,0.0,1,0.9,1,0.536,9,2.57,1335266619,0,0,0,1,0,2,1,0,0.5,2,1955174.0,1,0,2,2,0.0,0.0,66.67,0,1,999,prospect,0,0
referral,other,startup,8.46,2,0.1111,8,0.296,1,3.6,64370406,0,0,0,0,0,1,0,0,0.0,2,1155458.0,1,0,1,0,0.0,0.0,0.0,0,0,999,lead,0,0
referral,retail,medium,6.28,1,0.3333,6,0.274,3,2.9,1836493061,2,0,1,0,0,0,0,0,0.0,1,2107124.0,1,0,1,1,2436274.0,905216.44,37.16,0,0,999,prospect,0,0
meta_ads,technology,medium,0.0,0,0.0,32,0.308,0,3.23,1681911381,1,0,0,0,0,0,0,0,0.0,2,1046701.0,1,0,1,0,0.0,0.0,0.0,0,0,999,lead,0,0
other,other,medium,6.59,0,0.0702,53,0.189,4,2.49,658586840,1,0,0,0,0,0,0,0,0.0,1,1746845.0,1,0,2,0,0.0,0.0,0.0,0,1,999,churned,0,1
referral,retail,large,8.69,0,0.7143,4,0.557,10,2.7,4873294594,1,0,0,0,0,2,1,0,0.5,3,607104.0,3,1,3,1,970094.0,554652.47,57.18,0,0,999,customer,1,0
referral,technology,small,4.56,2,0.5,8,0.343,8,3.8,302547895,1,0,0,0,0,1,1,0,1.0,2,1544962.0,2,1,0,0,0.0,0.0,0.0,0,0,999,prospect,0,0
meta_ads,education,medium,4.56,0,0.55,9,0.784,11,3.22,1406919070,2,0,1,0,0,1,0,0,0.0,2,1717529.0,1,0,4,1,4474718.0,1502071.25,33.57,1,0,117,customer,1,0
referral,services,medium,2.76,1,0.4167,7,0.452,5,4.79,885154273,0,1,1,0,0,3,0,0,0.0,3,2527429.0,2,1,4,0,0.0,0.0,0.0,0,0,999,prospect,0,0
meta_ads,finance,small,1.06,0,0.4762,11,0.782,10,3.95,451121919,3,0,0,0,0,2,2,2,1.0,3,3156738.0,3,0,3,1,1132735.0,251159.22,22.17,1,0,86,customer,1,0
referral,manufacturing,large,3.28,0,0.4286,4,0.563,3,4.75,5851061693,2,0,0,1,0,1,1,0,1.0,1,1415213.0,1,0,4,1,1261203.0,600650.24,47.63,0,0,999,prospect,0,0
manual,other,large,3.0,0,0.1143,31,0.633,4,3.15,7751255556,0,0,0,0,0,0,0,1,0.0,0,0.0,0,0,0,0,0.0,0.0,0.0,0,0,999,lead,0,0
meta_ads,education,large,5.92,1,0.1186,52,0.093,7,2.28,6839526505,0,0,0,0,0,0,0,0,0.0,1,667479.0,1,0,1,0,0.0,0.0,0.0,0,1,999,churned,0,1
meta_ads,retail,medium,4.26,1,0.122,36,0.245,5,2.12,1702408514,1,0,0,0,0,1,1,0,1.0,3,2202397.0,1,0,0,0,0.0,0.0,0.0,0,0,999,lead,0,0
meta_ads,services,medium,0.0,3,1.0,0,0.463,6,2.61,987699392,0,0,0,0,1,0,0,0,0.0,4,1741611.0,2,0,1,0,0.0,0.0,0.0,0,0,999,prospect,0,0
meta_ads,health,medium,2.02,0,0.8333,3,0.74,15,3.37,1508351224,2,1,0,0,0,1,1,0,1.0,0,0.0,0,0,2,2,5868149.0,1931085.1,32.91,0,0,999,customer,1,0
organic,other,medium,6.75,0,0.1481,23,0.232,4,2.87,1179152194,1,0,0,0,0,1,0,0,0.0,1,1963158.0,0,0,0,0,0.0,0.0,0.0,0,0,999,lead,0,0
meta_ads,health,small,5.64,1,0.4615,7,0.254,6,2.44,488838397,1,0,0,0,1,0,0,2,0.0,4,2633567.0,1,0,0,0,0.0,0.0,0.0,0,0,999,lead,0,0
referral,health,small,2.21,0,1.0,0,0.817,9,4.3,180306691,2,1,0,0,0,1,1,0,1.0,4,3251912.0,2,1,1,1,4527720.0,2780154.87,61.4,0,0,999,customer,1,0
organic,other,startup,2.51,1,0.0,16,0.043,0,3.83,47660211,1,1,1,0,0,0,0,0,0.0,2,3039121.0,2,1,1,0,0.0,0.0,0.0,1,1,65,prospect,0,0
referral,other,medium,0.4,1,0.25,3,0.491,1,2.99,1615443017,3,0,0,0,0,2,1,0,0.5,0,0.0,0,0,1,0,0.0,0.0,0.0,0,0,999,lead,0,0
referral,other,startup,5.52,2,0.2941,12,0.241,5,1.33,59104761,2,0,0,0,0,1,0,0,0.0,0,0.0,0,0,0,0,0.0,0.0,0.0,0,0,999,lead,0,0
meta_ads,education,large,0.0,0,0.75,3,0.394,9,3.91,9379484888,2,0,1,0,0,0,0,1,0.0,4,2066649.0,1,0,1,1,1722449.0,437608.28,25.41,0,0,999,prospect,0,0
manual,manufacturing,medium,5.01,2,0.0,14,0.644,0,4.28,589007346,1,1,1,0,0,0,0,0,0.0,2,1020378.0,1,0,1,1,1285279.0,764847.84,59.51,0,0,999,prospect,0,0
referral,manufacturing,enterprise,3.26,0,1.0,0,0.466,4,4.67,12576807445,2,0,1,0,0,1,1,0,1.0,2,2886102.0,1,0,2,1,2243414.0,1369728.07,61.06,0,0,999,prospect,0,0
manual,manufacturing,medium,4.2,0,0.3333,8,0.45,4,4.85,1654093665,1,0,0,0,0,0,0,0,0.0,1,2158645.0,1,1,3,0,0.0,0.0,0.0,0,1,999,prospect,0,0
manual,education,large,2.72,3,0.4444,15,0.981,12,4.06,9145889177,1,0,1,0,0,1,1,0,1.0,3,1930955.0,1,0,1,1,4149204.0,2573438.95,62.02,1,0,43,customer,1,0
organic,health,small,1.15,1,0.8571,3,0.76,18,4.0,133170861,1,0,0,0,0,0,0,0,0.0,5,1191457.0,1,1,1,0,0.0,0.0,0.0,1,0,168,customer,1,0
meta_ads,services,small,4.06,0,0.0303,32,0.477,1,2.27,141303523,1,0,0,0,0,1,1,0,1.0,1,614006.0,1,1,1,0,0.0,0.0,0.0,0,0,999,lead,0,0
organic,services,startup,4.62,3,1.0,0,0.319,7,5.0,13352849,1,1,0,0,0,1,1,0,1.0,6,3663072.0,3,1,0,0,0.0,0.0,0.0,0,0,999,customer,1,0
referral,education,small,3.32,0,0.3125,22,0.23,10,3.98,136127424,2,0,0,0,0,1,0,0,0.0,1,1539473.0,0,0,0,0,0.0,0.0,0.0,1,0,95,lead,0,0
meta_ads,education,enterprise,10.82,0,0.4545,6,0.234,5,2.72,57233507532,0,0,0,0,0,0,0,0,0.0,1,1491184.0,0,0,0,0,0.0,0.0,0.0,0,0,999,lead,0,0
organic,health,medium,3.02,2,0.5333,7,0.925,8,3.45,1113715681,1,1,0,0,0,1,1,0,1.0,1,3354563.0,1,0,4,0,0.0,0.0,0.0,1,0,78,customer,1,0
organic,other,startup,0.64,2,0.05,19,0.263,1,4.88,45722073,1,0,0,0,0,2,2,0,1.0,0,0.0,0,0,3,3,0.0,0.0,39.12,0,0,999,lead,0,0
meta_ads,retail,small,9.1,1,0.02,98,0.14,2,4.18,392254768,2,0,0,0,0,1,0,2,0.0,0,0.0,0,0,2,0,0.0,0.0,0.0,0,1,999,churned,0,1
meta_ads,manufacturing,small,4.61,1,0.4615,7,0.744,6,3.46,438688796,1,0,1,0,0,1,1,0,1.0,1,2280203.0,1,1,0,0,0.0,0.0,0.0,0,0,999,prospect,0,0
meta_ads,finance,medium,0.0,4,0.6111,7,0.412,11,4.91,765562161,0,0,0,0,0,1,1,0,1.0,1,2038217.0,1,1,3,1,2482701.0,552474.94,22.25,0,0,999,customer,1,0
other,technology,medium,0.0,1,1.0,0,0.613,6,5.0,840305774,1,0,0,1,0,0,0,2,0.0,1,1312102.0,1,0,1,0,0.0,0.0,0.0,0,0,999,lead,0,0
organic,manufacturing,medium,0.0,2,0.125,7,0.518,1,2.15,1149876114,0,0,0,0,0,1,1,0,1.0,0,0.0,0,0,0,0,0.0,0.0,0.0,0,0,999,lead,0,0
other,other,large,0.0,0,0.0,11,0.398,0,3.25,7602450831,0,0,0,0,0,2,0,0,0.0,2,308652.0,0,0,1,0,0.0,0.0,0.0,0,0,999,lead,0,0
referral,retail,medium,5.11,1,1.0,0,0.587,17,4.18,1968655091,1,0,0,0,0,1,0,0,0.0,1,2629472.0,1,1,2,1,4951575.0,1238467.78,25.01,0,0,999,customer,1,0
meta_ads,education,medium,8.73,0,0.0337,86,0.39,3,1.61,1107734310,1,0,0,0,0,0,0,0,0.0,0,0.0,0,0,2,0,0.0,0.0,0.0,0,1,999,churned,0,1
other,education,small,0.17,2,0.6818,7,0.721,15,3.01,102288372,1,0,1,0,0,1,1,0,1.0,0,0.0,0,0,0,0,0.0,0.0,0.0,0,0,999,prospect,0,0
manual,retail,small,7.51,0,1.0,0,0.337,4,2.16,229507590,2,0,0,0,0,0,0,0,0.0,2,1901409.0,0,0,1,1,958815.0,555524.72,57.94,0,0,999,lead,0,0
meta_ads,retail,small,5.12,2,0.375,15,0.833,9,3.75,185535555,2,0,0,0,0,2,1,0,0.5,2,2103948.0,1,0,1,1,3206314.0,2021023.14,63.03,0,1,999,prospect,0,0
manual,other,small,2.91,3,1.0,0,0.531,15,2.86,481206470,2,1,1,1,0,2,2,0,1.0,3,2453777.0,1,1,1,0,0.0,0.0,0.0,0,1,999,prospect,0,0
manual,technology,large,0.94,3,0.0,14,0.233,0,2.95,3057147025,1,0,0,1,0,0,0,0,0.0,1,1063373.0,1,0,0,0,0.0,0.0,0.0,0,1,999,lead,0,0
manual,services,small,2.37,2,0.0909,30,0.81,3,2.58,347215009,3,0,1,0,0,2,1,0,0.5,1,865378.0,1,0,0,0,0.0,0.0,0.0,0,0,999,lead,0,0
organic,other,medium,4.66,1,0.2222,14,0.532,4,3.07,1791089993,3,0,0,0,0,2,2,0,1.0,1,2303046.0,0,0,0,0,0.0,0.0,0.0,0,0,999,lead,0,0
meta_ads,services,large,4.7,0,0.0,5,0.561,0,3.58,9535795457,1,0,0,0,0,2,1,0,0.5,1,1282535.0,1,1,0,0,0.0,0.0,0.0,0,1,999,prospect,0,0
referral,services,small,0.0,3,1.0,0,0.572,6,3.32,324672555,0,0,0,0,0,1,0,0,0.0,2,1235755.0,1,0,3,3,279942.0,72770.08,25.99,1,0,156,customer,1,0
manual,health,startup,3.56,0,0.1515,28,0.376,5,2.68,34754900,0,0,0,0,0,0,0,0,0.0,0,0.0,0,0,0,0,0.0,0.0,0.0,0,0,999,lead,0,0
organic,other,small,2.3,1,1.0,0,0.495,7,3.68,192386539,1,0,0,0,0,3,3,0,1.0,3,1700347.0,2,1,3,1,2361963.0,649415.04,27.49,0,0,999,prospect,0,0
organic,other,small,3.0,0,0.3333,10,0.53,5,3.49,446715439,1,0,1,0,1,0,0,0,0.0,2,1829419.0,1,0,0,0,0.0,0.0,0.0,0,0,999,lead,0,0
manual,other,startup,6.53,0,0.0,29,0.499,0,4.42,12079616,1,0,0,0,0,0,0,0,0.0,1,1708438.0,1,0,1,0,0.0,0.0,0.0,0,0,999,lead,0,0
manual,services,medium,5.12,2,0.1562,27,0.195,5,3.18,1875312243,1,0,0,0,0,0,0,0,0.0,0,0.0,0,0,0,0,0.0,0.0,0.0,0,1,999,lead,0,0
referral,finance,medium,7.58,0,0.2174,18,0.727,5,2.9,1129508438,1,0,0,0,0,2,0,0,0.0,2,2035104.0,0,0,0,0,0.0,0.0,0.0,0,0,999,lead,0,0
meta_ads,education,medium,4.54,1,0.8235,3,0.458,14,4.26,720910712,1,0,0,0,0,0,0,0,0.0,2,1912205.0,1,1,2,1,419848.0,215670.61,51.37,0,0,999,customer,1,0
meta_ads,technology,medium,6.55,0,0.0,46,0.128,0,2.62,1830360086,1,0,0,0,1,1,1,2,1.0,0,0.0,0,0,1,0,0.0,0.0,0.0,0,1,999,churned,0,1
meta_ads,health,medium,4.88,1,0.0385,25,0.327,1,2.39,548179634,1,0,0,0,0,1,0,0,0.0,2,1772945.0,1,0,0,0,0.0,0.0,0.0,0,0,999,lead,0,0
manual,technology,startup,0.0,2,0.0,5,0.703,0,4.52,51274439,1,1,0,0,0,0,0,0,0.0,1,2531287.0,1,0,2,0,0.0,0.0,0.0,0,0,999,prospect,0,0
other,technology,enterprise,4.12,3,0.3846,8,0.714,5,5.0,17531288942,2,1,0,0,0,2,1,0,0.5,0,0.0,0,0,4,2,8222494.0,5220332.05,63.49,0,0,999,prospect,0,0
referral,education,small,3.26,1,0.2917,17,0.401,7,4.91,337548722,0,0,1,0,0,1,1,2,1.0,3,639955.0,1,0,2,2,6393239.0,2102276.4,32.88,0,0,999,prospect,0,0
manual,technology,large,3.77,1,0.0333,29,0.168,1,2.4,8445095402,2,0,0,0,1,0,0,0,0.0,0,0.0,0,0,1,0,0.0,0.0,0.0,0,0,999,churned,0,1
organic,other,large,3.98,1,0.3333,18,0.276,9,3.52,7725411840,1,0,0,0,0,4,1,0,0.25,2,1532096.0,1,1,3,1,406964.0,284592.06,69.93,1,0,58,prospect,0,0
referral,retail,small,0.0,0,0.1667,10,0.745,2,3.46,378320925,1,0,1,0,0,3,3,0,1.0,1,2196705.0,1,1,0,0,0.0,0.0,0.0,0,0,999,customer,1,0
manual,services,medium,6.42,0,0.5,6,0.98,6,4.95,999155819,1,0,0,0,0,1,1,0,1.0,0,0.0,0,0,0,0,0.0,0.0,0.0,1,0,162,prospect,0,0
meta_ads,education,medium,5.17,3,0.44,14,0.368,11,2.86,1174026975,1,0,0,0,0,1,1,0,1.0,1,1785066.0,1,0,2,2,8786736.0,5680756.44,64.65,0,1,999,prospect,0,0
organic,other,startup,10.96,0,0.0119,83,0.276,1,1.32,31553984,1,0,0,0,0,1,1,0,1.0,2,1739063.0,0,1,1,0,0.0,0.0,0.0,0,0,999,churned,0,1
referral,manufacturing,startup,2.78,1,0.129,27,0.659,4,4.37,75337190,1,0,0,0,0,1,1,0,1.0,1,1836626.0,1,0,1,1,2939065.0,841538.59,28.63,0,0,999,prospect,0,0
organic,manufacturing,small,9.67,0,1.0,0,0.314,4,4.41,310699140,1,0,0,0,0,0,0,0,0.0,0,0.0,0,0,0,0,0.0,0.0,0.0,0,0,999,lead,0,0
manual,services,large,7.77,0,0.2727,16,0.448,6,3.41,8424993329,0,0,1,0,0,0,0,0,0.0,1,2855263.0,1,1,2,0,0.0,0.0,0.0,0,1,999,prospect,0,0
organic,health,small,5.75,0,0.0769,48,0.358,4,2.85,482926740,1,0,0,1,0,1,0,1,0.0,1,754956.0,1,0,2,1,0.0,0.0,58.58,0,0,999,churned,0,1
referral,retail,medium,0.45,1,0.5556,4,0.729,5,4.1,636257271,2,0,1,1,0,0,0,0,0.0,6,2152679.0,2,0,1,1,434558.0,269759.94,62.08,0,0,999,prospect,0,0
meta_ads,technology,large,1.27,1,0.5385,6,0.507,7,3.1,5742959309,1,0,1,0,0,1,1,0,1.0,3,2518088.0,2,0,3,2,3033782.0,1875955.29,61.84,0,0,999,prospect,0,0
manual,other,medium,5.67,0,0.1,45,0.425,5,3.13,1513617882,2,0,0,1,0,0,0,0,0.0,1,1612626.0,1,1,1,1,4227657.0,2945379.42,69.67,0,0,999,lead,0,0
meta_ads,services,small,6.11,2,0.2692,19,0.502,7,4.86,231926323,0,0,0,0,0,2,1,0,0.5,3,2138909.0,2,1,1,1,3176459.0,1628871.74,51.28,0,0,999,prospect,0,0
manual,retail,large,10.15,0,0.0323,30,0.229,1,4.34,2430896915,1,0,0,0,0,1,1,0,1.0,0,0.0,0,0,0,0,0.0,0.0,0.0,0,0,999,lead,0,0
meta_ads,services,large,1.18,3,0.375,10,0.61,6,3.74,3891789738,2,1,0,0,0,2,1,0,0.5,2,3477139.0,2,0,3,1,1438253.0,976233.86,67.88,0,1,999,customer,1,0
referral,manufacturing,small,3.31,0,0.2727,8,0.488,3,3.76,294976189,1,0,0,0,0,2,1,0,0.5,1,2754441.0,1,1,1,1,2034637.0,1312660.71,64.52,0,0,999,customer,1,0
meta_ads,technology,large,1.62,3,0.7273,3,0.412,8,3.74,9390617650,2,0,0,0,0,3,3,0,1.0,3,2129474.0,1,0,0,0,0.0,0.0,0.0,0,0,999,prospect,0,0
organic,manufacturing,startup,9.0,1,0.2222,7,0.819,2,3.31,16602468,1,0,0,0,0,1,0,0,0.0,3,1422189.0,1,1,0,0,0.0,0.0,0.0,1,0,33,prospect,0,0
meta_ads,manufacturing,enterprise,3.98,1,0.1667,5,0.846,1,4.27,36952004165,1,1,0,0,1,2,0,0,0.0,2,2198738.0,2,0,2,2,4978811.0,2550975.74,51.24,0,0,999,prospect,0,0
meta_ads,other,large,0.84,2,0.75,4,0.387,12,4.71,5928543597,1,0,0,0,0,2,1,0,0.5,3,1852829.0,3,1,2,1,3458689.0,886474.26,25.63,1,0,82,customer,1,0
manual,technology,enterprise,4.63,1,0.3077,18,0.55,8,4.14,89415688128,1,0,0,0,0,0,0,0,0.0,0,0.0,0,0,1,1,862706.0,510410.58,59.16,0,0,999,prospect,0,0
meta_ads,health,startup,3.71,1,0.6667,1,0.254,2,2.75,64781988,1,0,0,1,0,2,1,0,0.5,2,2044479.0,1,0,2,1,4451955.0,2531131.49,56.85,0,0,999,prospect,0,0
meta_ads,other,medium,0.0,0,0.0333,29,0.467,1,3.36,1292087632,2,0,0,0,0,0,0,0,0.0,1,2022479.0,1,0,1,0,0.0,0.0,0.0,0,1,999,lead,0,0
meta_ads,other,enterprise,18.16,0,0.04,24,0.257,1,1.43,37351078927,1,0,1,0,0,1,0,0,0.0,1,854932.0,1,0,3,0,0.0,0.0,0.0,0,1,999,churned,0,1
manual,health,large,4.17,0,0.0385,25,0.569,1,1.19,5631462258,1,1,0,0,0,2,0,2,0.0,0,0.0,0,0,1,1,2265585.0,791969.73,34.96,0,0,999,lead,0,0
referral,services,large,0.0,3,0.2778,13,0.813,5,3.87,8453718144,1,0,0,0,0,0,0,1,0.0,3,3198898.0,1,1,1,1,3441088.0,1062830.02,30.89,0,1,999,prospect,0,0
manual,education,small,4.64,1,0.0,31,0.116,0,4.45,288008083,1,0,0,0,0,1,1,0,1.0,1,882233.0,0,0,0,0,0.0,0.0,0.0,0,0,999,lead,0,0
manual,other,small,5.79,1,0.2667,11,0.231,4,3.79,140430596,3,0,0,0,0,0,0,0,0.0,1,2419269.0,1,0,0,0,0.0,0.0,0.0,0,0,999,lead,0,0
organic,technology,medium,2.21,1,0.55,9,0.804,11,4.01,1903701464,2,0,0,0,0,1,1,0,1.0,1,4476880.0,1,0,0,0,0.0,0.0,0.0,0,1,999,customer,1,0
referral,services,medium,1.46,3,0.5556,4,0.609,5,4.18,1351758119,0,1,1,0,0,2,1,0,0.5,3,3455372.0,1,0,1,0,0.0,0.0,0.0,1,0,162,customer,1,0
organic,education,large,9.55,0,0.2222,14,0.335,4,4.08,7278506562,1,0,0,0,0,0,0,0,0.0,0,0.0,0,0,2,0,0.0,0.0,0.0,0,0,999,lead,0,0
referral,retail,small,5.94,0,0.25,21,0.293,7,1.69,416785996,1,0,1,0,0,0,0,2,0.0,0,0.0,0,0,3,0,0.0,0.0,0.0,0,0,999,lead,0,0
meta_ads,other,medium,8.87,1,0.2,20,0.309,5,2.61,1945662773,1,0,1,0,1,2,0,0,0.0,0,0.0,0,0,0,0,0.0,0.0,0.0,0,0,999,lead,0,0
meta_ads,education,medium,1.6,5,0.7647,4,0.706,13,4.95,1642512358,1,1,0,0,0,0,0,0,0.0,2,2740964.0,2,1,0,0,0.0,0.0,0.0,0,0,999,customer,1,0
manual,education,medium,1.87,1,0.0909,10,0.109,1,1.99,1236858163,1,0,0,0,0,0,0,0,0.0,0,0.0,0,0,0,0,0.0,0.0,0.0,0,0,999,lead,0,0
meta_ads,manufacturing,medium,5.06,0,0.0274,71,0.28,2,3.11,720272253,0,0,0,0,1,0,0,0,0.0,0,0.0,0,0,2,0,0.0,0.0,0.0,0,1,999,churned,0,1
meta_ads,technology,small,3.71,0,0.5862,12,0.739,17,3.52,291396343,1,0,1,0,0,0,0,0,0.0,3,1537488.0,1,0,0,0,0.0,0.0,0.0,0,0,999,prospect,0,0
organic,education,medium,11.61,0,0.0267,73,0.361,2,1.87,1499457984,0,0,0,1,0,3,1,0,0.333,0,0.0,0,0,1,1,5247293.0,1151708.29,21.95,0,0,999,churned,0,1
referral,education,large,6.06,3,1.0,0,0.537,13,2.88,8326565254,2,1,0,0,0,1,1,0,1.0,3,2816313.0,3,0,3,2,3401491.0,1160972.49,34.13,0,0,999,customer,1,0
manual,manufacturing,small,0.95,2,1.0,0,0.607,10,3.48,144193528,0,0,0,0,0,1,1,0,1.0,1,1705279.0,1,0,0,0,0.0,0.0,0.0,0,0,999,prospect,0,0
referral,manufacturing,startup,0.0,2,0.3333,8,0.307,4,4.35,13164464,3,1,0,1,0,1,1,2,1.0,2,3877466.0,2,1,0,0,0.0,0.0,0.0,0,0,999,prospect,0,0
organic,education,large,2.69,0,0.2727,8,0.234,3,4.39,5317861090,2,0,0,1,0,1,0,0,0.0,0,0.0,0,0,1,1,412025.0,195144.56,47.36,0,0,999,lead,0,0
other,manufacturing,large,0.32,2,0.5,8,0.692,8,3.83,5408006484,1,0,0,1,0,1,1,0,1.0,2,2567640.0,1,1,3,0,0.0,0.0,0.0,0,0,999,prospect,0,0
meta_ads,finance,large,3.9,0,0.1053,51,0.286,6,2.43,9555903038,2,0,0,0,1,0,0,0,0.0,0,0.0,0,0,1,1,2305198.0,562202.59,24.39,0,0,999,churned,0,1
referral,health,small,2.05,1,0.4667,8,0.418,7,4.0,316978322,2,0,0,0,0,0,0,0,0.0,3,1839139.0,1,1,0,0,0.0,0.0,0.0,0,1,999,prospect,0,0
manual,education,small,0.0,0,1.0,0,0.444,1,4.43,133167008,1,0,0,0,0,1,0,0,0.0,2,298714.0,1,0,1,1,747029.0,280613.31,37.56,0,0,999,lead,0,0
referral,education,medium,1.95,3,0.7778,2,0.758,7,3.95,1773704954,3,0,0,0,1,4,3,0,0.75,1,2335193.0,1,1,0,0,0.0,0.0,0.0,0,0,999,prospect,0,0
manual,retail,small,2.83,1,0.1875,13,0.101,3,1.41,179638557,2,0,0,0,1,2,0,0,0.0,2,757783.0,1,0,1,0,0.0,0.0,0.0,0,0,999,churned,0,1
referral,other,enterprise,2.79,1,0.5556,4,0.372,5,3.13,48828832033,2,1,0,0,0,2,0,0,0.0,2,2056564.0,1,0,1,1,4875476.0,2058974.97,42.23,1,0,51,prospect,0,0
organic,retail,startup,6.45,0,0.2632,14,0.578,5,4.92,68711162,2,0,0,0,0,1,0,0,0.0,1,693900.0,1,0,0,0,0.0,0.0,0.0,0,0,999,lead,0,0
referral,retail,small,2.15,4,0.6364,4,0.552,7,3.28,328564557,3,1,0,0,0,0,0,0,0.0,4,2049759.0,1,0,1,1,2280339.0,1483576.24,65.06,0,0,999,customer,1,0
referral,health,startup,1.11,1,0.1,36,0.375,4,1.8,21837270,1,0,1,0,0,2,1,0,0.5,1,2566527.0,0,0,1,0,0.0,0.0,0.0,0,0,999,lead,0,0
manual,finance,small,0.0,2,0.2143,11,0.516,3,3.42,223443072,1,0,1,0,0,1,0,0,0.0,3,1981997.0,2,0,1,0,0.0,0.0,0.0,0,0,999,prospect,0,0
manual,manufacturing,startup,11.64,1,0.0,17,0.599,0,2.37,75365781,1,0,0,0,1,1,0,0,0.0,0,0.0,0,0,0,0,0.0,0.0,0.0,0,0,999,lead,0,0
organic,retail,medium,0.92,3,0.4706,9,0.832,8,4.19,1869343970,0,0,0,0,0,2,2,0,1.0,2,2271567.0,2,0,1,0,0.0,0.0,0.0,1,0,162,customer,1,0
manual,education,enterprise,3.19,0,0.5385,6,0.313,7,4.05,44988818690,2,1,0,0,0,1,0,0,0.0,5,1782707.0,1,0,1,1,2635876.0,1576709.49,59.82,1,0,118,prospect,0,0
manual,health,large,7.63,0,0.3333,18,0.445,9,2.66,7980597088,1,0,0,0,0,0,0,0,0.0,0,0.0,0,0,0,0,0.0,0.0,0.0,0,0,999,lead,0,0
referral,retail,large,2.45,2,0.6,6,0.683,9,4.07,7293765379,2,0,1,0,0,1,1,1,1.0,0,0.0,0,0,1,1,0.0,0.0,50.61,0,0,999,prospect,0,0
organic,health,large,6.77,0,0.0385,25,0.339,1,2.86,4517511790,2,0,1,0,0,0,0,0,0.0,0,0.0,0,0,0,0,0.0,0.0,0.0,0,0,999,lead,0,0
meta_ads,technology,small,5.69,2,0.125,7,0.331,1,3.79,397403660,2,0,0,0,0,0,0,1,0.0,2,1308931.0,1,0,1,0,0.0,0.0,0.0,0,1,999,lead,0,0
other,services,medium,3.88,2,0.1842,31,0.0,7,4.62,1771886243,1,0,0,0,0,1,1,0,1.0,0,0.0,0,0,1,0,0.0,0.0,0.0,0,0,999,lead,0,0
meta_ads,manufacturing,medium,4.61,1,0.6,2,0.611,3,3.65,1531659553,3,0,0,0,0,1,0,0,0.0,2,2369952.0,1,1,3,1,1672132.0,659790.14,39.46,0,0,999,customer,1,0
manual,health,medium,4.64,0,1.0,0,0.706,9,3.22,1249106842,2,1,1,0,0,1,0,0,0.0,1,2270173.0,1,0,1,1,4043637.0,2742652.7,67.83,0,0,999,customer,1,0
referral,education,small,0.28,1,0.6364,8,0.937,14,4.37,154216405,3,0,0,0,0,1,1,0,1.0,1,1848816.0,1,0,4,1,2444790.0,521776.72,21.34,1,1,135,customer,1,0
organic,retail,large,8.99,2,0.0,28,0.597,0,2.0,8423936142,1,0,0,1,0,0,0,0,0.0,3,752952.0,1,0,1,1,3203902.0,1919430.26,59.91,0,0,999,lead,0,0
meta_ads,education,small,6.59,0,0.0,6,0.309,0,3.96,311163679,2,0,0,0,0,2,2,0,1.0,0,0.0,0,0,0,0,0.0,0.0,0.0,0,0,999,lead,0,0
organic,technology,medium,2.65,3,0.2857,10,0.225,4,3.88,1944463913,0,0,1,0,0,0,0,0,0.0,1,2071883.0,1,1,2,1,3531853.0,1984539.85,56.19,0,1,999,prospect,0,0
referral,retail,large,2.13,2,0.0,23,0.595,0,2.56,2354753700,0,0,1,0,0,1,0,0,0.0,0,0.0,0,0,1,1,2244664.0,866017.32,38.58,1,1,146,prospect,0,0
meta_ads,finance,medium,3.45,3,0.1333,52,0.35,8,3.29,1580571966,2,0,0,1,1,2,0,0,0.0,1,1592414.0,0,0,0,0,0.0,0.0,0.0,0,0,999,lead,0,0
manual,services,large,2.6,2,1.0,0,0.589,12,5.0,2561572891,2,1,0,0,0,1,1,0,1.0,3,2396562.0,1,0,0,0,0.0,0.0,0.0,0,0,999,customer,1,0
meta_ads,technology,large,0.23,3,0.5,5,0.627,5,4.22,9797895552,0,0,0,0,0,0,0,0,0.0,0,0.0,0,0,1,1,3802978.0,819346.22,21.54,0,0,999,lead,0,0
meta_ads,education,large,11.46,0,0.119,37,0.282,5,3.03,5394705118,2,0,0,0,0,3,3,0,1.0,2,1602126.0,0,1,1,0,0.0,0.0,0.0,0,0,999,lead,0,0
organic,education,medium,1.8,3,1.0,0,0.0,1,2.49,745981957,1,0,0,1,0,0,0,0,0.0,1,1168246.0,0,1,1,0,0.0,0.0,0.0,0,0,999,lead,0,0
manual,manufacturing,large,0.35,1,0.5789,8,0.645,11,5.0,5935523060,2,0,0,0,0,1,1,0,1.0,1,1592970.0,1,1,0,0,0.0,0.0,0.0,0,0,999,prospect,0,0
meta_ads,education,medium,8.66,1,0.375,10,0.325,6,5.0,663783494,2,0,0,0,0,0,0,0,0.0,1,554215.0,0,1,0,0,0.0,0.0,0.0,0,0,999,lead,0,0
manual,education,small,8.58,0,0.1923,21,0.492,5,3.69,125327698,2,0,0,1,1,1,0,0,0.0,1,998583.0,1,0,1,0,0.0,0.0,0.0,0,0,999,churned,0,1
organic,finance,small,2.58,2,0.3333,6,0.73,3,4.21,156297345,2,0,0,0,1,1,0,1,0.0,4,1380129.0,2,0,3,1,1955118.0,643106.87,32.89,1,0,52,prospect,0,0
other,technology,small,0.0,0,0.0909,20,0.547,2,3.22,324759241,2,1,1,0,0,2,1,0,0.5,2,3174068.0,2,0,0,0,0.0,0.0,0.0,0,0,999,prospect,0,0
meta_ads,health,large,7.78,0,0.0597,63,0.0,4,3.75,6195913500,2,0,0,0,0,1,0,0,0.0,1,1762036.0,1,0,0,0,0.0,0.0,0.0,0,0,999,churned,0,1
meta_ads,health,large,2.12,2,0.6111,7,0.589,11,3.72,5466935589,0,1,0,0,0,2,0,0,0.0,1,2537909.0,1,0,1,0,0.0,0.0,0.0,0,0,999,prospect,0,0
meta_ads,other,small,5.74,0,0.0909,40,0.412,4,3.18,192606827,2,0,1,1,0,1,1,0,1.0,0,0.0,0,0,0,0,0.0,0.0,0.0,0,0,999,lead,0,0
referral,technology,small,5.45,1,0.5385,6,0.658,7,3.86,361515860,1,0,0,0,0,0,0,0,0.0,6,2124216.0,2,0,5,4,13182762.0,5561219.54,42.19,1,0,123,customer,1,0
other,finance,medium,0.0,3,0.75,2,0.858,6,3.63,1285764618,0,0,0,0,0,2,1,0,0.5,4,1360023.0,3,0,1,0,0.0,0.0,0.0,0,1,999,customer,1,0
other,services,startup,0.56,0,0.4,9,0.814,6,4.78,13433824,1,0,0,0,0,2,1,0,0.5,0,0.0,0,0,0,0,0.0,0.0,0.0,0,0,999,prospect,0,0
organic,education,medium,8.83,0,0.0667,14,0.425,1,2.97,1007728787,1,0,0,0,0,0,0,0,0.0,0,0.0,0,0,0,0,0.0,0.0,0.0,0,0,999,lead,0,0
organic,health,small,2.05,3,0.619,8,0.608,13,3.03,145729245,2,0,1,0,0,1,1,0,1.0,1,2627575.0,1,1,2,0,0.0,0.0,0.0,0,0,999,customer,1,0
meta_ads,manufacturing,small,8.52,0,0.3043,16,0.706,7,2.62,128759767,2,0,1,0,1,0,0,0,0.0,1,1292507.0,1,0,0,0,0.0,0.0,0.0,0,0,999,lead,0,0
meta_ads,manufacturing,medium,8.48,0,0.0,68,0.0,0,1.49,963811604,2,0,0,1,0,3,1,0,0.333,1,1005746.0,0,0,1,0,0.0,0.0,0.0,0,1,999,churned,0,1
referral,other,medium,5.06,2,0.5556,4,0.668,5,3.77,961624274,1,0,1,0,1,0,0,0,0.0,1,2926858.0,1,0,3,2,1636812.0,442508.29,27.03,0,0,999,prospect,0,0
meta_ads,manufacturing,startup,4.67,0,0.1081,33,0.63,4,4.36,67623464,0,0,0,1,1,1,0,0,0.0,3,1244762.0,1,0,1,0,0.0,0.0,0.0,1,0,155,lead,0,0
manual,other,medium,2.06,0,0.0247,79,0.0,2,2.7,1833821020,1,0,0,0,0,1,0,2,0.0,1,724948.0,1,0,3,1,2779140.0,859363.09,30.92,0,0,999,churned,0,1
meta_ads,services,large,6.24,0,1.0,0,0.456,15,1.75,7785131444,0,0,0,0,0,1,1,0,1.0,1,1642400.0,1,0,1,1,4640725.0,2495846.54,53.78,1,0,130,prospect,0,0
manual,manufacturing,large,4.58,0,0.0323,30,0.352,1,1.34,7259952474,3,1,0,0,0,3,0,2,0.0,3,1412125.0,1,0,1,0,0.0,0.0,0.0,0,0,999,churned,0,1
manual,retail,small,5.36,0,0.4545,18,0.345,15,3.99,343892541,1,0,0,0,0,0,0,0,0.0,1,1440663.0,1,0,2,2,4567548.0,2802178.53,61.35,0,0,999,prospect,0,0
organic,education,medium,2.23,1,0.7273,3,0.741,8,4.26,1826291706,0,1,0,0,0,1,1,0,1.0,8,2961694.0,1,1,2,1,2276324.0,1407836.97,61.85,1,0,43,customer,1,0
meta_ads,retail,medium,0.0,0,0.0366,79,0.309,3,1.0,1948187267,1,0,0,0,1,0,0,0,0.0,0,0.0,0,0,1,1,697397.0,282549.54,40.51,0,1,999,churned,0,1
organic,services,large,4.27,0,1.0,0,0.552,7,4.94,3398695323,2,0,0,0,0,1,0,0,0.0,4,3349352.0,1,1,2,1,2136777.0,559939.1,26.2,0,1,999,customer,1,0
manual,education,small,2.51,2,0.2381,16,0.243,5,4.64,145728828,1,1,0,0,1,1,0,0,0.0,1,2466497.0,1,0,2,1,860677.0,452618.8,52.59,1,0,34,prospect,0,0
organic,manufacturing,startup,3.12,1,0.0,27,0.695,0,2.37,16238463,2,0,0,0,0,0,0,0,0.0,0,0.0,0,0,0,0,0.0,0.0,0.0,0,0,999,lead,0,0
organic,retail,large,0.0,0,0.8462,2,0.421,11,4.27,7215634759,2,0,0,0,0,2,0,0,0.0,2,914282.0,2,0,1,1,4757794.0,1547232.98,32.52,0,0,999,prospect,0,0
referral,other,small,5.84,5,1.0,0,0.519,12,4.61,116939898,1,0,0,0,0,2,1,0,0.5,2,3063172.0,1,0,0,0,0.0,0.0,0.0,0,0,999,customer,1,0
referral,education,large,3.8,4,1.0,0,0.524,9,3.74,5534371923,0,0,0,0,0,0,0,0,0.0,1,3015319.0,1,1,1,1,3451035.0,1089027.38,31.56,0,0,999,prospect,0,0
manual,technology,small,6.01,2,0.4545,6,0.45,5,1.38,313863826,1,0,0,1,0,0,0,0,0.0,0,0.0,0,0,0,0,0.0,0.0,0.0,1,0,18,lead,0,0
referral,technology,medium,2.21,2,0.6667,2,0.655,4,3.58,711061746,1,0,0,0,0,1,1,0,1.0,3,2676420.0,1,1,2,1,1597750.0,468464.61,29.32,0,0,999,customer,1,0
referral,finance,medium,9.59,0,0.3636,7,0.02,4,2.66,692024097,1,0,0,0,0,0,0,0,0.0,2,1626369.0,1,0,5,2,6354651.0,3780958.89,59.5,0,0,999,prospect,0,0
manual,manufacturing,small,4.33,1,0.0476,20,0.104,1,2.19,379571064,1,0,0,0,0,1,0,0,0.0,1,2070954.0,0,0,1,1,2026981.0,698845.07,34.48,0,0,999,lead,0,0
manual,other,small,0.0,2,0.7273,3,0.601,8,2.69,212461205,1,0,0,0,0,2,0,1,0.0,1,856294.0,1,1,0,0,0.0,0.0,0.0,0,0,999,prospect,0,0
meta_ads,technology,startup,11.5,0,0.0417,46,0.435,2,2.24,57386405,3,0,0,1,1,0,0,0,0.0,0,0.0,0,0,0,0,0.0,0.0,0.0,0,1,999,churned,0,1
organic,services,enterprise,9.85,0,0.1379,25,0.26,4,3.09,90312420274,2,0,0,1,0,0,0,0,0.0,2,1971422.0,0,0,1,1,3726315.0,1507989.74,40.47,0,0,999,lead,0,0
other,finance,large,7.31,0,0.3333,4,0.671,2,4.71,5001411186,2,0,0,0,0,0,0,0,0.0,1,1226806.0,1,0,0,0,0.0,0.0,0.0,0,0,999,lead,0,0
meta_ads,technology,small,7.14,0,0.0,5,0.152,0,1.97,318995373,1,0,0,0,1,1,0,0,0.0,1,1694306.0,0,0,1,0,0.0,0.0,0.0,0,0,999,lead,0,0
organic,technology,medium,6.03,0,0.0,23,0.026,0,2.57,988365249,1,0,0,1,0,1,1,0,1.0,1,322778.0,1,1,0,0,0.0,0.0,0.0,1,0,179,churned,0,1
manual,retail,large,9.64,2,1.0,0,0.213,10,4.68,4240901618,2,0,0,0,0,2,1,0,0.5,2,2118537.0,2,0,3,1,795761.0,530089.14,66.61,0,0,999,prospect,0,0
organic,retail,small,1.95,0,0.2,12,0.326,3,3.09,312832228,1,0,0,0,0,0,0,0,0.0,1,1429911.0,1,0,1,1,3522014.0,2389835.62,67.85,0,1,999,lead,0,0
organic,manufacturing,small,0.0,0,0.9048,2,0.338,19,3.58,305708598,1,0,0,0,0,0,0,0,0.0,1,2500847.0,1,1,5,1,2498971.0,1315362.48,52.64,0,0,999,customer,1,0
manual,finance,medium,0.0,2,0.48,13,0.7,12,4.27,1319752570,2,1,0,0,0,2,1,0,0.5,1,1057976.0,1,0,0,0,0.0,0.0,0.0,0,0,999,prospect,0,0
meta_ads,services,medium,5.42,0,0.4211,11,0.395,8,3.74,779198231,0,0,0,0,1,1,0,0,0.0,5,2832436.0,1,1,2,1,3724122.0,1943309.55,52.18,0,0,999,prospect,0,0
manual,other,small,9.12,2,1.0,0,0.346,2,3.93,257736317,0,0,0,1,0,1,0,2,0.0,0,0.0,0,0,2,0,0.0,0.0,0.0,0,0,999,lead,0,0
meta_ads,retail,large,0.84,1,0.0,16,0.277,0,2.78,5186051273,0,1,0,0,0,0,0,0,0.0,1,1856610.0,0,0,1,0,0.0,0.0,0.0,0,0,999,lead,0,0
referral,services,medium,0.0,2,1.0,0,0.779,8,1.05,1215421649,1,0,0,0,0,0,0,0,0.0,3,782091.0,0,0,0,0,0.0,0.0,0.0,0,0,999,lead,0,0
referral,health,small,0.0,0,0.5,4,0.641,4,4.41,458935586,1,0,1,0,0,1,0,0,0.0,2,2735675.0,1,0,0,0,0.0,0.0,0.0,1,0,81,prospect,0,0
meta_ads,services,small,2.63,1,0.4091,13,0.671,9,4.04,334657204,0,0,0,0,0,1,1,0,1.0,1,3349171.0,1,0,1,0,0.0,0.0,0.0,1,0,115,prospect,0,0
other,health,large,3.03,0,0.7857,3,0.821,11,3.78,2795062231,2,0,1,0,0,1,1,0,1.0,2,1256784.0,2,0,2,0,0.0,0.0,0.0,0,0,999,prospect,0,0
meta_ads,health,medium,3.24,2,0.3,7,0.666,3,3.5,1498066563,2,0,0,0,0,1,0,1,0.0,0,0.0,0,0,1,0,0.0,0.0,0.0,0,0,999,lead,0,0
organic,services,small,4.26,0,0.2857,5,0.145,2,1.94,358373673,2,0,0,0,0,0,0,0,0.0,2,1833329.0,0,1,1,0,0.0,0.0,0.0,0,0,999,lead,0,0
organic,health,large,1.87,0,0.2917,17,0.491,7,2.7,7812470297,2,0,0,0,0,0,0,0,0.0,0,0.0,0,0,2,0,0.0,0.0,0.0,0,0,999,lead,0,0
manual,manufacturing,large,1.89,1,0.4286,12,0.746,9,3.62,4584709978,1,1,0,0,0,1,1,0,1.0,4,3608277.0,1,1,3,0,0.0,0.0,0.0,1,0,140,customer,1,0
referral,health,large,4.0,0,0.1034,26,0.256,3,3.78,3343031208,1,0,0,1,0,0,0,0,0.0,2,1551124.0,1,1,0,0,0.0,0.0,0.0,0,0,999,lead,0,0
manual,technology,medium,1.29,0,0.0882,31,0.043,3,2.35,870532805,1,0,1,0,0,0,0,0,0.0,1,1257661.0,0,1,0,0,0.0,0.0,0.0,0,0,999,lead,0,0
other,education,small,8.0,0,0.1818,27,0.084,6,2.81,200887357,1,0,0,0,0,0,0,0,0.0,0,0.0,0,0,0,0,0.0,0.0,0.0,0,0,999,lead,0,0
referral,retail,small,1.35,3,0.8333,1,0.351,5,2.66,188595890,1,0,1,0,0,2,1,0,0.5,1,2600861.0,1,0,1,1,3047772.0,721879.66,23.69,0,0,999,prospect,0,0
referral,health,large,7.19,2,0.4706,9,0.463,8,3.78,2060731329,3,0,0,1,0,1,0,0,0.0,2,1912603.0,1,0,2,2,8107749.0,2649081.77,32.67,0,0,999,prospect,0,0
organic,services,startup,4.21,2,1.0,0,0.512,11,3.17,48588535,2,1,0,0,0,1,0,0,0.0,5,2455403.0,1,0,3,1,2210562.0,681884.44,30.85,0,0,999,customer,1,0
organic,finance,large,3.91,0,0.0,24,0.53,0,3.64,3408536288,1,0,0,0,0,2,0,0,0.0,1,1997223.0,1,0,0,0,0.0,0.0,0.0,0,0,999,lead,0,0
referral,services,small,7.55,2,0.0889,41,0.436,4,2.75,439515435,1,0,0,0,0,1,1,2,1.0,1,1472309.0,1,0,0,0,0.0,0.0,0.0,0,0,999,lead,0,0
meta_ads,education,startup,0.0,0,0.4706,9,0.528,8,3.01,28513386,0,0,0,0,0,2,1,0,0.5,0,0.0,0,0,1,0,0.0,0.0,0.0,0,0,999,prospect,0,0
manual,manufacturing,medium,6.64,2,0.5,2,0.436,2,4.46,990230198,1,0,0,0,0,1,1,0,1.0,1,1757701.0,1,0,0,0,0.0,0.0,0.0,0,0,999,lead,0,0
manual,education,enterprise,3.48,2,0.2,8,0.73,2,2.36,70900188009,2,0,1,0,0,0,0,0,0.0,2,2477420.0,2,0,1,1,610468.0,254152.3,41.63,1,1,145,prospect,0,0
meta_ads,retail,startup,8.18,0,0.0571,66,0.565,4,4.18,84036243,1,0,0,1,0,0,0,0,0.0,2,719823.0,1,0,0,0,0.0,0.0,0.0,0,0,999,churned,0,1
referral,finance,small,0.0,1,0.1613,26,0.277,5,3.29,414718683,2,0,0,0,0,1,0,0,0.0,0,0.0,0,0,1,0,0.0,0.0,0.0,0,0,999,lead,0,0
other,retail,large,3.16,2,0.3,14,0.686,6,4.03,7660294653,0,0,0,0,0,1,1,0,1.0,2,1452474.0,1,0,2,1,1809151.0,399007.62,22.05,0,0,999,prospect,0,0
manual,health,large,2.52,2,0.4706,9,0.639,8,2.9,9285421919,2,0,0,0,0,2,1,0,0.5,2,548003.0,2,0,1,0,0.0,0.0,0.0,0,1,999,prospect,0,0
manual,technology,small,2.15,3,0.7273,3,0.731,8,4.34,224401125,0,0,0,0,0,1,1,2,1.0,2,3278939.0,2,1,1,0,0.0,0.0,0.0,0,0,999,customer,1,0
manual,other,large,3.24,1,1.0,0,0.346,4,4.12,3644307765,1,0,0,0,1,1,1,0,1.0,3,2406223.0,1,0,3,3,2163665.0,697886.66,32.25,0,0,999,prospect,0,0
organic,technology,small,4.16,3,0.4762,11,0.582,10,3.88,125583158,1,0,0,0,0,2,2,0,1.0,1,2031038.0,1,1,2,2,5832494.0,1621914.37,27.81,1,0,17,customer,1,0
referral,health,startup,4.08,3,1.0,0,0.689,1,5.0,23475300,2,0,0,0,0,2,2,0,1.0,2,2808309.0,1,1,0,0,0.0,0.0,0.0,0,0,999,prospect,0,0
organic,retail,small,4.48,0,0.0625,15,0.53,1,2.89,226533563,1,0,0,0,0,2,0,0,0.0,1,452558.0,1,0,0,0,0.0,0.0,0.0,0,0,999,lead,0,0
organic,retail,startup,2.35,0,0.0545,52,0.738,3,3.63,13357049,3,0,0,1,0,1,0,2,0.0,0,0.0,0,0,0,0,0.0,0.0,0.0,0,1,999,churned,0,1
meta_ads,other,enterprise,3.41,0,0.0357,27,0.222,1,2.92,14915938284,1,0,0,0,1,1,0,0,0.0,2,1616580.0,1,0,2,1,5381307.0,2537142.4,47.15,0,1,999,churned,0,1
referral,technology,startup,3.12,3,0.25,18,0.788,6,4.05,51968099,1,0,0,0,0,3,0,1,0.0,2,3517152.0,1,1,1,1,4150993.0,1563754.85,37.67,0,0,999,prospect,0,0
organic,other,startup,9.45,1,0.2174,18,0.936,5,2.66,95539801,1,0,0,0,1,0,0,2,0.0,1,2983800.0,0,1,1,1,3156928.0,2126375.17,67.36,0,0,999,lead,0,0
manual,other,large,4.99,1,0.2041,39,0.689,10,3.67,9528216661,1,0,1,0,0,0,0,0,0.0,1,2279462.0,0,0,2,0,0.0,0.0,0.0,0,0,999,lead,0,0
meta_ads,retail,small,1.83,2,0.6364,4,0.592,7,4.12,431833788,2,0,0,0,0,0,0,0,0.0,4,3105324.0,1,0,1,1,3259698.0,2162471.15,66.34,0,0,999,prospect,0,0
meta_ads,finance,small,0.49,0,0.4783,12,0.691,11,4.27,276524444,0,1,0,0,0,2,2,0,1.0,1,2257388.0,1,0,1,1,1665301.0,1005940.89,60.41,0,0,999,prospect,0,0
manual,retail,medium,4.29,2,0.1739,19,0.524,4,3.22,730739865,1,0,0,0,0,3,2,0,0.667,4,2493859.0,2,0,1,1,2883917.0,1444171.14,50.08,0,0,999,prospect,0,0
organic,technology,enterprise,1.51,2,0.0882,31,0.575,3,3.68,62525099452,2,0,0,0,0,0,0,0,0.0,2,1600090.0,0,1,0,0,0.0,0.0,0.0,0,0,999,lead,0,0
meta_ads,manufacturing,enterprise,2.34,2,0.4118,10,0.494,7,4.12,48584455826,1,1,1,0,0,1,0,0,0.0,2,1547912.0,1,1,3,1,2144654.0,1372809.63,64.01,0,0,999,prospect,0,0
meta_ads,services,medium,3.67,0,0.0116,85,0.467,1,2.57,1719726801,1,0,0,1,1,1,0,0,0.0,1,1408357.0,1,0,3,0,0.0,0.0,0.0,0,1,999,churned,0,1
organic,services,large,2.84,0,1.0,0,0.42,5,3.35,8900713930,2,1,0,0,0,1,0,2,0.0,0,0.0,0,0,3,0,0.0,0.0,0.0,0,0,999,prospect,0,0
manual,finance,small,6.44,2,1.0,0,0.317,1,2.14,165759609,1,0,0,0,0,0,0,0,0.0,0,0.0,0,0,0,0,0.0,0.0,0.0,0,0,999,lead,0,0
manual,education,medium,2.7,2,0.5,11,0.717,11,2.54,1649264599,2,0,1,0,0,2,2,0,1.0,2,2577007.0,2,1,1,1,1880264.0,1212736.74,64.5,0,0,999,prospect,0,0
manual,finance,startup,8.45,0,0.0,39,0.511,0,4.87,12913168,1,0,1,1,0,2,0,0,0.0,2,1247962.0,1,0,2,0,0.0,0.0,0.0,0,1,999,churned,0,1
meta_ads,manufacturing,large,3.19,2,0.2857,10,0.227,4,4.58,4536710298,1,0,0,0,0,1,1,0,1.0,2,4593819.0,1,0,1,0,0.0,0.0,0.0,0,1,999,customer,1,0
organic,retail,medium,5.09,1,0.1765,14,0.32,3,3.15,533670450,2,1,0,0,0,1,1,0,1.0,1,1719078.0,0,0,1,1,3348608.0,819797.02,24.48,0,0,999,lead,0,0
other,technology,medium,3.09,4,0.1724,24,0.55,5,3.46,1701821281,1,0,0,1,1,1,0,0,0.0,3,1466737.0,1,1,1,1,2221149.0,1320219.53,59.44,1,0,115,prospect,0,0
meta_ads,health,medium,2.88,0,0.0,13,0.432,0,3.52,1778561146,0,0,1,0,0,0,0,0,0.0,1,915829.0,1,1,0,0,0.0,0.0,0.0,0,0,999,lead,0,0
organic,education,large,0.33,3,0.6923,8,0.769,18,4.12,6920679731,2,0,0,0,0,0,0,0,0.0,4,1194612.0,3,0,2,0,0.0,0.0,0.0,0,0,999,customer,1,0
meta_ads,manufacturing,small,2.32,0,0.15,17,0.267,3,2.88,232179079,1,0,1,0,0,0,0,0,0.0,1,1233021.0,0,0,1,1,1119125.0,297966.49,26.62,0,0,999,lead,0,0
referral,health,small,5.53,2,0.5714,6,0.464,8,4.58,196215157,1,0,0,0,0,1,1,0,1.0,3,957109.0,2,1,3,1,3048357.0,1120504.74,36.76,0,0,999,customer,1,0
referral,education,startup,4.5,2,0.1905,17,0.436,4,4.92,97246010,2,1,1,0,0,1,1,0,1.0,1,88918.0,1,0,0,0,0.0,0.0,0.0,0,0,999,prospect,0,0
referral,manufacturing,medium,4.4,0,0.0,27,0.118,0,3.06,1191469680,1,0,1,0,1,0,0,0,0.0,0,0.0,0,0,0,0,0.0,0.0,0.0,1,0,101,lead,0,0
referral,services,small,8.73,3,0.8,2,0.391,8,4.03,326959707,2,0,0,0,0,1,0,0,0.0,3,458196.0,1,1,2,2,10756750.0,4804460.41,44.66,1,0,10,prospect,0,0
referral,education,medium,0.0,3,0.5625,7,0.82,9,3.93,1191530741,1,1,1,1,0,3,3,0,1.0,1,3139732.0,1,1,1,0,0.0,0.0,0.0,1,0,42,customer,1,0
referral,finance,medium,2.95,0,0.1613,26,0.478,5,3.45,1213974582,1,0,0,0,0,1,1,0,1.0,1,1420423.0,0,0,0,0,0.0,0.0,0.0,0,0,999,lead,0,0
manual,finance,medium,16.15,0,0.0,8,0.474,0,2.39,711712702,1,0,0,1,0,2,1,0,0.5,0,0.0,0,0,0,0,0.0,0.0,0.0,0,0,999,lead,0,0
organic,other,startup,0.9,0,0.4118,10,0.541,7,3.91,22567455,0,0,0,0,0,0,0,1,0.0,2,1406785.0,1,1,2,1,4697320.0,990785.43,21.09,0,0,999,prospect,0,0
referral,health,small,8.31,1,0.0,20,0.663,0,2.93,398821632,0,0,1,1,1,1,0,0,0.0,0,0.0,0,0,1,0,0.0,0.0,0.0,0,0,999,lead,0,0
manual,retail,startup,3.21,0,0.4706,9,0.602,8,5.0,46073119,2,0,0,0,0,1,1,0,1.0,4,2287181.0,1,0,0,0,0.0,0.0,0.0,0,0,999,prospect,0,0
referral,finance,startup,1.2,2,1.0,0,0.868,7,3.24,54152549,1,0,0,1,0,3,2,0,0.667,1,4513004.0,1,1,2,1,2352380.0,585269.28,24.88,0,0,999,customer,1,0
other,services,medium,0.9,2,1.0,0,0.518,7,4.53,1053346915,1,0,0,0,0,3,3,0,1.0,4,1880622.0,2,1,2,0,0.0,0.0,0.0,1,1,104,customer,1,0
organic,retail,medium,3.4,4,0.2857,5,0.59,2,1.96,1054218085,1,0,0,0,0,0,0,0,0.0,3,2463165.0,2,1,1,0,0.0,0.0,0.0,0,1,999,customer,1,0
referral,finance,small,0.43,0,0.0286,34,0.449,1,3.75,497939922,0,0,1,0,0,0,0,0,0.0,1,1570736.0,0,0,0,0,0.0,0.0,0.0,0,0,999,lead,0,0
organic,health,medium,8.93,0,0.0,19,0.513,0,2.51,1805901263,2,0,0,0,0,0,0,0,0.0,0,0.0,0,0,2,0,0.0,0.0,0.0,0,0,999,lead,0,0
manual,manufacturing,large,2.31,2,1.0,0,0.606,8,2.74,5338731786,1,0,0,0,0,0,0,0,0.0,0,0.0,0,0,2,2,0.0,0.0,53.97,0,0,999,prospect,0,0
meta_ads,other,medium,0.63,2,0.1765,14,0.589,3,3.82,1681955401,2,0,0,0,0,3,0,0,0.0,3,994537.0,1,0,2,1,2971467.0,1794607.86,60.39,0,0,999,prospect,0,0
organic,education,medium,0.0,0,0.3684,12,0.333,7,2.01,616974249,1,0,0,0,0,1,1,0,1.0,1,635927.0,1,1,3,0,0.0,0.0,0.0,0,0,999,lead,0,0
meta_ads,manufacturing,large,4.29,0,0.3125,11,0.766,5,3.51,3838956729,1,0,0,0,0,0,0,0,0.0,1,2341743.0,0,0,2,0,0.0,0.0,0.0,0,0,999,lead,0,0
organic,technology,large,2.14,0,0.4286,8,0.564,6,3.19,7971351517,1,0,1,0,0,3,2,0,0.667,1,1629144.0,1,0,0,0,0.0,0.0,0.0,1,1,20,prospect,0,0
meta_ads,other,large,2.73,1,0.2727,8,0.568,3,3.31,8317842333,1,0,0,0,0,1,1,0,1.0,2,2558819.0,1,1,2,0,0.0,0.0,0.0,0,0,999,prospect,0,0
meta_ads,health,large,6.06,0,0.0,39,0.397,0,2.59,2850913064,2,0,0,1,1,1,0,0,0.0,1,958110.0,0,0,3,0,0.0,0.0,0.0,0,1,999,churned,0,1
meta_ads,services,medium,3.07,1,0.4211,11,0.746,8,5.0,1708360179,1,0,1,0,1,2,1,0,0.5,2,1774235.0,1,1,0,0,0.0,0.0,0.0,0,1,999,prospect,0,0
manual,technology,small,5.8,1,0.5,11,0.42,11,4.27,275494883,1,0,0,0,1,1,0,0,0.0,4,2301324.0,2,0,2,2,1344669.0,389256.05,28.95,0,0,999,prospect,0,0
other,finance,medium,0.9,0,0.2941,12,0.508,5,3.5,536100557,1,0,0,0,0,3,2,0,0.667,2,2559827.0,2,0,3,0,0.0,0.0,0.0,0,0,999,prospect,0,0
referral,manufacturing,small,1.06,5,1.0,0,0.528,11,4.29,478055054,1,1,0,0,0,2,2,0,1.0,4,3031996.0,2,1,2,2,7470152.0,2798017.33,37.46,0,0,999,customer,1,0
organic,education,enterprise,2.18,1,0.3158,13,1.0,6,4.1,61652569956,0,1,0,0,0,0,0,0,0.0,1,3599909.0,1,0,5,3,6707430.0,3001885.1,44.75,0,0,999,customer,1,0
meta_ads,technology,small,2.31,0,0.6818,7,0.876,15,4.07,159450753,1,1,1,0,0,0,0,0,0.0,1,1569165.0,1,0,1,1,901175.0,210179.48,23.32,0,0,999,prospect,0,0
organic,manufacturing,large,3.67,0,1.0,0,0.765,1,3.31,9322223831,0,0,1,0,0,1,1,0,1.0,4,2677863.0,2,0,0,0,0.0,0.0,0.0,0,0,999,prospect,0,0
manual,services,small,4.56,3,0.1351,32,0.086,5,2.36,121566673,2,0,0,1,0,2,1,0,0.5,0,0.0,0,0,1,0,0.0,0.0,0.0,0,0,999,lead,0,0
meta_ads,other,small,2.8,1,0.2632,14,0.362,5,2.98,175039100,3,0,0,0,0,0,0,0,0.0,0,0.0,0,0,0,0,0.0,0.0,0.0,0,0,999,lead,0,0
manual,retail,startup,5.61,1,0.1579,16,0.653,3,4.7,67846019,0,0,1,0,0,3,1,2,0.333,1,2849153.0,1,0,1,1,1955569.0,449046.01,22.96,1,0,124,prospect,0,0
organic,technology,medium,5.5,0,0.5,8,0.755,8,3.23,781292071,1,0,0,0,0,0,0,0,0.0,0,0.0,0,0,0,0,0.0,0.0,0.0,0,0,999,lead,0,0
meta_ads,finance,small,4.14,1,0.25,12,0.701,4,2.03,272817085,1,0,0,0,0,2,2,0,1.0,1,2428569.0,1,0,1,1,343769.0,86834.05,25.26,0,1,999,prospect,0,0
manual,manufacturing,large,9.65,3,0.24,19,0.177,6,3.59,7726301570,1,0,0,1,0,0,0,2,0.0,1,1589559.0,0,0,1,1,4892842.0,1077247.22,22.02,0,0,999,lead,0,0
meta_ads,health,large,6.14,2,0.12,22,0.637,3,1.81,2076493702,1,0,0,0,0,0,0,0,0.0,0,0.0,0,0,1,0,0.0,0.0,0.0,0,0,999,lead,0,0
meta_ads,health,medium,1.75,2,0.2368,29,0.502,9,3.18,1005393008,0,0,0,0,0,2,2,0,1.0,1,1299866.0,1,0,3,3,11054189.0,4313699.38,39.02,1,1,93,prospect,0,0
meta_ads,finance,large,6.49,0,0.0476,40,0.65,2,2.67,9757277972,3,0,0,0,0,1,1,0,1.0,2,1154706.0,1,1,1,0,0.0,0.0,0.0,0,0,999,lead,0,0
manual,other,startup,0.67,2,0.1905,17,0.413,4,5.0,21695941,2,0,0,0,0,0,0,0,0.0,3,1787488.0,2,1,3,0,0.0,0.0,0.0,0,0,999,prospect,0,0
organic,technology,enterprise,0.29,2,0.3529,11,0.481,6,3.03,23049283780,2,0,0,0,0,0,0,0,0.0,2,0.0,1,0,2,2,11336268.0,6884394.96,60.73,0,0,999,prospect,0,0
organic,education,medium,1.62,0,0.9167,1,0.724,11,3.42,1260565305,2,0,1,0,0,0,0,0,0.0,2,2774638.0,2,1,4,0,0.0,0.0,0.0,1,0,35,customer,1,0
manual,retail,medium,0.16,2,0.1935,25,0.562,6,3.25,653619684,0,0,0,0,0,1,0,0,0.0,1,1493034.0,0,0,0,0,0.0,0.0,0.0,0,0,999,lead,0,0
referral,services,large,0.0,0,0.1053,34,0.272,4,4.17,4586560829,2,0,1,1,1,1,0,0,0.0,0,0.0,0,0,1,0,0.0,0.0,0.0,0,0,999,churned,0,1
manual,education,medium,4.74,0,1.0,0,0.759,7,3.68,1941686602,1,0,0,0,0,1,1,0,1.0,3,2339689.0,1,0,3,2,7626969.0,2897346.22,37.99,0,0,999,prospect,0,0
meta_ads,education,medium,0.77,0,0.7647,4,0.572,13,3.69,1003933311,1,0,0,0,0,1,0,0,0.0,1,2397899.0,1,1,2,1,2223631.0,1157342.35,52.05,0,0,999,customer,1,0
organic,health,small,0.36,1,0.2222,7,0.704,2,3.66,365135040,1,1,0,0,0,0,0,0,0.0,2,1888185.0,1,0,2,1,3464212.0,2116884.47,61.11,0,0,999,customer,1,0
manual,technology,startup,4.47,3,0.75,2,0.685,6,3.53,21135527,2,1,0,0,0,0,0,0,0.0,5,915714.0,2,0,0,0,0.0,0.0,0.0,0,0,999,prospect,0,0
organic,other,startup,1.78,1,0.5,5,0.472,5,3.45,54319803,2,0,0,0,0,0,0,0,0.0,1,2720214.0,1,0,2,2,7870420.0,4627401.89,58.79,0,1,999,prospect,0,0
other,health,small,0.15,2,0.5,11,0.458,11,3.83,392500662,1,0,0,0,0,1,0,0,0.0,2,2046534.0,2,1,2,2,6973223.0,2011366.68,28.84,1,0,5,prospect,0,0
other,retail,small,1.1,2,1.0,0,0.833,14,3.48,125663144,2,0,0,0,0,3,2,0,0.667,4,4448788.0,2,0,1,1,497476.0,176072.37,35.39,0,0,999,customer,1,0
organic,technology,startup,12.19,0,0.0182,54,0.009,1,4.27,32545143,2,0,0,1,0,1,0,0,0.0,0,0.0,0,0,1,0,0.0,0.0,0.0,0,1,999,churned,0,1
organic,retail,medium,1.81,5,0.2727,8,0.434,3,3.82,782314064,2,0,0,0,0,0,0,0,0.0,1,1490868.0,1,0,1,0,0.0,0.0,0.0,0,1,999,prospect,0,0
other,health,small,5.74,1,0.1818,9,0.647,2,4.38,100244654,2,0,0,1,0,2,0,0,0.0,1,1555055.0,1,0,1,1,1696647.0,1090858.84,64.29,0,0,999,lead,0,0
organic,health,startup,4.24,0,0.0,22,0.579,0,3.03,11088821,2,0,0,1,1,1,1,0,1.0,2,750754.0,1,0,0,0,0.0,0.0,0.0,0,0,999,lead,0,0
manual,education,enterprise,2.83,2,0.0,39,0.493,0,2.46,95659085650,0,0,0,0,1,0,0,0,0.0,0,0.0,0,0,0,0,0.0,0.0,0.0,0,0,999,lead,0,0
other,technology,startup,0.57,2,0.1034,26,0.302,3,3.39,86752549,0,0,0,0,1,1,1,1,1.0,0,0.0,0,0,1,0,0.0,0.0,0.0,0,0,999,lead,0,0
meta_ads,health,enterprise,1.18,0,0.0556,34,0.333,2,1.48,48320368845,2,0,0,1,1,1,1,0,1.0,4,1910317.0,0,0,0,0,0.0,0.0,0.0,0,0,999,lead,0,0
meta_ads,other,enterprise,0.5,1,0.32,17,0.349,8,3.75,74487445859,0,0,0,0,1,0,0,0,0.0,1,1173233.0,0,0,1,1,2707109.0,1060530.38,39.18,0,0,999,lead,0,0
referral,manufacturing,large,8.11,0,0.0465,41,0.291,2,4.87,7592617466,1,0,0,0,0,2,1,0,0.5,0,0.0,0,0,1,0,0.0,0.0,0.0,0,0,999,lead,0,0
manual,education,medium,10.28,0,0.1818,18,0.142,4,3.86,755321952,1,0,0,0,0,0,0,0,0.0,2,1205786.0,1,0,1,0,0.0,0.0,0.0,0,0,999,lead,0,0
organic,health,enterprise,8.84,0,0.1515,28,0.527,5,2.12,88348821679,0,0,0,0,0,0,0,0,0.0,0,0.0,0,0,1,0,0.0,0.0,0.0,0,0,999,lead,0,0
meta_ads,technology,medium,4.36,1,0.0,13,0.356,0,2.9,1285631516,0,0,0,1,0,0,0,0,0.0,0,0.0,0,0,0,0,0.0,0.0,0.0,0,0,999,lead,0,0
meta_ads,health,small,8.19,2,0.375,5,0.043,3,3.96,449618365,2,0,0,0,0,1,0,0,0.0,0,0.0,0,0,0,0,0.0,0.0,0.0,0,0,999,lead,0,0
manual,health,small,7.86,1,0.0323,30,0.292,1,1.8,122242605,1,0,0,0,1,1,0,0,0.0,2,612257.0,0,0,1,1,2689081.0,922021.78,34.29,0,1,999,churned,0,1
organic,education,startup,0.65,2,0.0741,25,0.54,2,2.93,16932402,0,1,0,0,0,1,0,0,0.0,0,0.0,0,0,1,0,0.0,0.0,0.0,0,0,999,lead,0,0
referral,technology,small,3.59,3,1.0,0,0.826,10,4.58,419560925,2,0,0,0,0,1,1,0,1.0,3,3859794.0,1,1,2,0,0.0,0.0,0.0,1,0,46,customer,1,0
meta_ads,education,startup,4.41,1,1.0,0,0.566,9,4.1,90719136,2,0,0,0,0,1,0,0,0.0,1,3057201.0,1,0,2,1,2130565.0,626942.24,29.43,1,0,175,prospect,0,0
organic,finance,medium,9.31,1,0.0417,46,0.38,2,4.29,1035491791,3,0,0,0,1,1,0,0,0.0,1,1969138.0,1,0,1,0,0.0,0.0,0.0,0,0,999,churned,0,1
referral,retail,startup,2.05,3,0.8889,1,0.558,8,2.74,36316404,1,0,0,0,0,0,0,0,0.0,0,0.0,0,0,2,0,0.0,0.0,0.0,1,0,46,prospect,0,0
organic,retail,medium,10.97,2,0.1667,25,0.545,5,3.47,1323188468,2,0,0,0,0,0,0,0,0.0,1,1977013.0,1,0,0,0,0.0,0.0,0.0,0,0,999,lead,0,0
meta_ads,retail,large,0.32,3,0.1379,25,0.381,4,3.22,6573677215,2,0,0,0,0,1,0,0,0.0,2,1401825.0,0,0,0,0,0.0,0.0,0.0,0,0,999,lead,0,0
other,technology,small,0.0,3,0.4545,6,0.628,5,3.57,373389037,1,1,0,0,0,0,0,0,0.0,0,0.0,0,0,0,0,0.0,0.0,0.0,0,0,999,prospect,0,0
referral,health,medium,2.38,2,0.3214,19,0.542,9,3.67,1550458388,2,1,0,0,0,2,1,0,0.5,2,2469284.0,1,0,1,1,573324.0,152661.42,26.63,0,0,999,prospect,0,0
meta_ads,retail,small,3.93,1,0.4167,14,0.579,10,4.82,141413594,1,0,0,0,0,1,1,0,1.0,3,3163944.0,2,1,1,1,4451645.0,1536034.44,34.5,0,1,999,prospect,0,0
manual,manufacturing,medium,7.43,0,0.0,22,0.633,0,2.92,527870501,1,1,1,1,0,0,0,0,0.0,1,1894083.0,1,0,2,0,0.0,0.0,0.0,0,0,999,lead,0,0
manual,other,medium,0.87,0,1.0,0,0.935,2,3.8,1267756046,1,0,0,0,0,1,0,0,0.0,2,1951236.0,2,0,2,0,0.0,0.0,0.0,0,0,999,prospect,0,0
manual,health,medium,7.16,1,0.16,21,0.456,4,3.24,1834394694,1,0,0,0,0,0,0,0,0.0,1,1850835.0,0,1,0,0,0.0,0.0,0.0,0,0,999,lead,0,0
meta_ads,retail,medium,0.96,2,0.3333,8,0.656,4,3.76,986937085,1,0,1,0,0,1,1,0,1.0,4,1680084.0,1,0,2,1,2209475.0,658455.66,29.8,1,0,24,customer,1,0
meta_ads,education,medium,9.16,3,1.0,0,0.543,5,3.81,974753209,1,0,1,0,0,2,1,0,0.5,3,1957247.0,1,1,4,0,0.0,0.0,0.0,0,0,999,prospect,0,0
manual,manufacturing,large,4.54,0,0.0645,29,0.041,2,4.54,6664741947,0,0,0,0,0,2,1,0,0.5,1,2392368.0,0,0,0,0,0.0,0.0,0.0,0,0,999,lead,0,0
organic,education,startup,4.25,3,0.6842,6,0.475,13,4.26,95181228,2,0,0,0,1,1,0,0,0.0,2,1083892.0,2,1,0,0,0.0,0.0,0.0,1,1,74,customer,1,0
meta_ads,health,large,5.1,0,0.25,9,0.678,3,2.18,8278185625,2,0,0,0,0,0,0,0,0.0,1,1358682.0,0,0,0,0,0.0,0.0,0.0,0,0,999,lead,0,0
organic,technology,startup,8.25,0,0.2,16,0.359,4,4.55,57069304,1,0,0,0,0,0,0,1,0.0,0,0.0,0,0,0,0,0.0,0.0,0.0,0,0,999,lead,0,0
organic,services,small,10.95,0,0.0625,60,0.488,4,2.86,349545016,2,1,0,1,0,1,1,0,1.0,0,0.0,0,0,3,0,0.0,0.0,0.0,0,1,999,churned,0,1
other,finance,enterprise,11.66,1,0.0588,48,0.217,3,4.06,57120883985,1,0,0,1,0,0,0,0,0.0,0,0.0,0,0,4,0,0.0,0.0,0.0,0,1,999,churned,0,1
manual,retail,small,2.28,1,0.7778,2,0.816,7,2.62,142988561,2,1,1,0,0,2,1,1,0.5,1,1770093.0,1,1,3,0,0.0,0.0,0.0,0,0,999,prospect,0,0
organic,education,medium,9.63,0,0.0192,51,0.322,1,3.07,612692662,0,0,0,0,1,2,0,0,0.0,0,0.0,0,0,1,0,0.0,0.0,0.0,0,0,999,churned,0,1
manual,education,medium,3.57,2,0.2941,12,0.714,5,4.19,1249343233,1,0,0,1,0,2,0,0,0.0,2,1749649.0,1,0,0,0,0.0,0.0,0.0,0,0,999,lead,0,0
meta_ads,finance,large,6.69,0,0.5,6,0.708,6,4.78,9589669725,1,0,0,0,0,4,2,0,0.5,0,0.0,0,0,3,1,1666899.0,430113.1,25.8,0,0,999,prospect,0,0
referral,other,startup,0.0,3,1.0,0,0.439,9,4.44,30997205,1,0,0,0,0,0,0,0,0.0,2,1854178.0,2,1,1,1,1047925.0,697676.88,66.58,1,1,124,customer,1,0
referral,education,medium,1.59,0,0.3333,8,0.451,4,4.91,851478662,1,0,0,0,0,2,2,2,1.0,1,1717151.0,1,1,1,1,3532521.0,1437576.06,40.7,0,0,999,prospect,0,0
meta_ads,retail,small,3.16,3,0.5455,10,0.432,12,3.71,413947324,0,0,0,0,0,2,2,2,1.0,4,3003391.0,2,0,1,0,0.0,0.0,0.0,0,0,999,customer,1,0
organic,technology,small,4.1,2,0.3333,8,0.655,4,4.8,188599258,1,0,0,0,0,2,1,0,0.5,2,2742599.0,2,1,1,1,1483412.0,894787.51,60.32,1,1,129,customer,1,0
referral,finance,startup,0.0,1,0.0882,31,0.722,3,2.07,18918680,2,0,0,0,0,0,0,2,0.0,0,0.0,0,0,0,0,0.0,0.0,0.0,0,0,999,lead,0,0
meta_ads,finance,small,3.28,2,0.5556,8,0.996,10,4.46,101441695,1,0,1,0,0,1,1,0,1.0,3,2740791.0,2,0,1,0,0.0,0.0,0.0,0,0,999,prospect,0,0
referral,technology,small,1.42,0,0.6316,7,0.594,12,4.17,158282100,1,1,0,0,0,0,0,0,0.0,3,1813290.0,1,1,3,1,2085842.0,1405825.65,67.4,1,0,27,customer,1,0
meta_ads,technology,small,8.4,1,1.0,0,0.266,5,4.56,171551495,0,0,0,0,1,1,0,0,0.0,2,1061973.0,1,0,1,1,1207578.0,718799.44,59.52,0,0,999,lead,0,0
meta_ads,manufacturing,large,9.75,2,0.0571,33,0.844,2,3.26,4571485962,1,1,1,1,0,1,0,0,0.0,1,86351.0,0,1,0,0,0.0,0.0,0.0,1,0,107,lead,0,0
meta_ads,technology,startup,1.7,3,0.4762,11,0.821,10,5.0,23248221,0,0,0,0,0,2,2,0,1.0,3,3782483.0,1,0,4,1,3830889.0,2274507.25,59.37,0,0,999,customer,1,0
manual,other,large,6.02,0,0.25,12,0.577,4,3.25,4544051355,2,0,0,1,0,1,0,2,0.0,1,793889.0,1,0,1,1,0.0,0.0,65.55,1,0,115,prospect,0,0
meta_ads,finance,enterprise,0.97,1,0.3684,12,0.596,7,2.34,57549122340,0,0,0,0,0,2,0,0,0.0,1,2513274.0,1,0,2,0,0.0,0.0,0.0,0,1,999,prospect,0,0
referral,technology,medium,5.1,0,0.8824,2,0.859,15,3.54,567301194,0,1,1,0,0,1,1,0,1.0,2,1975534.0,1,1,4,1,2636353.0,970350.04,36.81,0,0,999,customer,1,0
meta_ads,other,small,4.89,0,0.0357,27,0.279,1,3.64,405434085,2,0,0,0,0,1,0,0,0.0,1,1280740.0,0,1,0,0,0.0,0.0,0.0,0,0,999,lead,0,0
referral,other,small,2.38,0,0.069,54,0.538,4,3.36,148130662,1,1,0,0,0,1,0,0,0.0,0,0.0,0,0,1,0,0.0,0.0,0.0,0,1,999,churned,0,1
manual,manufacturing,startup,9.21,0,0.0,28,0.515,0,3.81,13635971,2,0,1,1,0,0,0,0,0.0,3,1381392.0,1,0,1,1,2339649.0,925262.81,39.55,1,0,71,lead,0,0
organic,technology,medium,4.3,1,0.0,0,0.42,0,3.36,1315544537,1,0,0,0,0,2,0,0,0.0,1,1245494.0,0,0,2,0,0.0,0.0,0.0,0,0,999,lead,0,0
organic,education,small,3.08,0,0.0566,50,0.0,3,2.4,316707201,1,0,0,0,1,0,0,0,0.0,1,1200828.0,0,0,0,0,0.0,0.0,0.0,0,0,999,churned,0,1
organic,services,small,6.23,1,0.4286,8,0.285,6,2.54,185249120,2,0,0,0,0,0,0,0,0.0,0,0.0,0,0,0,0,0.0,0.0,0.0,0,0,999,lead,0,0
manual,other,startup,3.57,0,0.12,22,0.204,3,3.7,46388513,1,0,0,0,1,0,0,0,0.0,0,0.0,0,0,0,0,0.0,0.0,0.0,0,0,999,lead,0,0
manual,services,small,9.55,0,0.32,17,0.665,8,2.34,315310895,2,0,0,0,0,0,0,0,0.0,0,0.0,0,0,2,0,0.0,0.0,0.0,0,0,999,lead,0,0
organic,services,medium,4.7,0,0.0,107,0.334,0,3.71,1775155741,2,0,0,1,0,2,1,0,0.5,1,1142010.0,1,0,2,0,0.0,0.0,0.0,0,1,999,churned,0,1
referral,manufacturing,large,3.95,0,1.0,0,0.62,6,4.15,7405679086,1,0,0,0,0,1,1,0,1.0,1,2307833.0,1,1,1,1,3896518.0,2623349.19,67.33,1,1,89,customer,1,0
meta_ads,technology,large,2.08,3,0.25,12,0.399,4,2.87,8277119315,1,0,0,0,0,1,0,0,0.0,0,0.0,0,0,0,0,0.0,0.0,0.0,1,1,178,lead,0,0
referral,other,startup,5.78,2,0.45,11,0.769,9,4.48,42353510,1,0,1,0,0,2,1,0,0.5,0,0.0,0,0,0,0,0.0,0.0,0.0,0,0,999,prospect,0,0
organic,services,small,0.33,1,0.4583,13,0.553,11,5.0,137933045,0,0,0,1,1,2,1,0,0.5,1,1781220.0,1,1,1,1,3830205.0,1171566.97,30.59,1,1,101,customer,1,0
other,education,startup,7.09,1,0.0,34,0.327,0,4.03,13877579,2,0,0,0,0,0,0,0,0.0,2,2121079.0,0,0,0,0,0.0,0.0,0.0,0,0,999,lead,0,0
manual,other,startup,3.46,3,0.0952,19,0.433,2,2.38,99304032,2,0,1,1,0,0,0,2,0.0,1,1831075.0,1,0,0,0,0.0,0.0,0.0,0,0,999,lead,0,0
organic,other,small,2.62,0,0.7333,4,0.636,11,3.65,226332598,1,0,0,0,0,1,1,0,1.0,4,2385180.0,3,0,2,2,754298.0,387093.07,51.32,0,0,999,customer,1,0
meta_ads,health,medium,10.46,0,0.0714,26,0.136,2,3.38,742742991,1,0,0,0,0,1,0,0,0.0,0,0.0,0,0,1,1,2840971.0,1425464.86,50.18,0,0,999,churned,0,1
meta_ads,health,startup,0.27,3,0.0556,17,0.495,1,3.37,54793562,1,0,1,0,0,1,0,0,0.0,3,1704468.0,1,0,2,0,0.0,0.0,0.0,0,1,999,prospect,0,0
manual,finance,small,0.57,0,0.9474,1,0.786,18,4.51,462940508,0,1,0,0,0,1,1,0,1.0,2,3354529.0,2,1,3,3,11826122.0,6804680.47,57.54,1,0,74,customer,1,0
manual,other,enterprise,0.84,4,0.8333,2,0.747,10,4.6,50573747031,0,0,1,0,0,1,1,0,1.0,2,3398375.0,1,1,0,0,0.0,0.0,0.0,1,0,80,customer,1,0
other,technology,small,7.17,0,0.0606,31,0.293,2,3.43,304441722,2,0,0,0,0,2,1,0,0.5,1,2556901.0,0,0,1,0,0.0,0.0,0.0,0,0,999,lead,0,0
referral,health,large,2.62,0,0.0323,30,0.359,1,5.0,2102684811,1,0,0,1,1,0,0,0,0.0,0,0.0,0,0,4,0,0.0,0.0,0.0,0,0,999,churned,0,1
meta_ads,other,small,2.29,2,0.5882,7,0.959,10,3.65,299823604,2,0,1,0,0,0,0,0,0.0,3,2875951.0,2,1,1,1,3953148.0,1429560.21,36.16,1,0,102,customer,1,0
meta_ads,health,medium,7.66,0,0.0,55,0.226,0,1.0,723951798,2,0,0,1,1,1,0,2,0.0,1,1162067.0,0,0,0,0,0.0,0.0,0.0,0,0,999,churned,0,1
organic,education,small,5.12,1,0.4167,7,0.402,5,4.49,329771038,0,0,0,0,0,1,1,0,1.0,1,2151599.0,1,1,3,0,0.0,0.0,0.0,0,0,999,prospect,0,0
referral,education,large,5.41,3,0.0741,25,0.289,2,2.32,3610108818,1,0,0,0,0,0,0,0,0.0,3,1665259.0,0,0,1,1,697402.0,446554.39,64.03,0,0,999,lead,0,0
manual,technology,startup,0.04,1,0.5455,5,0.618,6,4.31,74204326,2,0,0,0,0,1,0,0,0.0,6,2891805.0,1,1,4,3,3951494.0,2231116.96,56.46,0,1,999,customer,1,0
meta_ads,education,large,8.96,0,0.1923,21,0.366,5,3.69,3436350966,2,0,0,1,0,0,0,0,0.0,1,1267370.0,1,0,0,0,0.0,0.0,0.0,0,0,999,lead,0,0
organic,retail,large,2.19,1,0.6875,5,0.485,11,3.91,2383184171,0,0,0,0,0,2,2,0,1.0,2,1495269.0,1,1,1,0,0.0,0.0,0.0,0,0,999,prospect,0,0
referral,services,small,8.0,0,0.2,16,0.264,4,1.97,220124462,1,0,0,0,0,1,0,0,0.0,1,807718.0,1,0,0,0,0.0,0.0,0.0,0,0,999,lead,0,0
referral,other,medium,3.42,3,0.7857,3,0.677,11,4.95,1331025528,1,0,0,0,0,1,0,0,0.0,1,2486669.0,1,1,1,1,1973571.0,1116374.23,56.57,0,0,999,customer,1,0
manual,manufacturing,medium,3.37,0,0.7778,2,0.741,7,4.17,1950567580,0,0,0,0,0,2,1,0,0.5,3,3846659.0,3,0,1,1,895321.0,340262.48,38.0,0,0,999,customer,1,0
organic,services,medium,4.65,0,0.4444,5,0.46,4,4.81,1871400866,1,0,0,0,0,1,0,0,0.0,3,1423936.0,1,1,1,0,0.0,0.0,0.0,0,0,999,prospect,0,0
manual,retail,small,0.0,1,0.2105,15,0.019,4,3.52,409888866,1,0,1,0,0,1,0,0,0.0,1,1305709.0,1,0,2,0,0.0,0.0,0.0,0,0,999,lead,0,0
other,health,medium,6.02,3,1.0,0,1.0,6,3.4,574538125,0,0,0,0,0,3,3,0,1.0,1,2563755.0,1,1,2,1,1592688.0,1035002.68,64.98,0,0,999,customer,1,0
manual,other,medium,2.2,0,0.381,13,0.652,8,3.78,1967235313,3,0,1,1,0,3,2,0,0.667,2,3569941.0,2,0,0,0,0.0,0.0,0.0,0,0,999,customer,1,0
meta_ads,health,large,5.69,2,0.25,15,0.399,5,4.94,4694320926,1,0,0,0,0,1,0,0,0.0,2,1988762.0,1,0,1,1,0.0,0.0,44.43,0,0,999,prospect,0,0
referral,health,medium,0.0,1,0.875,1,0.391,7,3.78,1687510040,0,0,0,0,0,2,1,0,0.5,1,2358383.0,1,0,1,1,465137.0,231901.93,49.86,0,0,999,prospect,0,0
meta_ads,education,small,4.01,1,0.5,7,0.702,7,4.39,405850756,0,0,0,1,0,1,0,0,0.0,0,0.0,0,0,0,0,0.0,0.0,0.0,0,0,999,prospect,0,0
organic,services,large,4.56,3,0.8333,1,0.817,5,3.59,5565988984,1,0,0,0,0,3,1,0,0.333,3,2150155.0,1,0,2,0,0.0,0.0,0.0,0,1,999,customer,1,0
other,services,large,1.9,0,0.1667,25,0.265,5,4.28,3679419418,2,1,0,0,0,1,1,0,1.0,1,2649845.0,1,0,0,0,0.0,0.0,0.0,0,0,999,lead,0,0
manual,manufacturing,medium,2.99,2,1.0,0,0.774,12,4.21,1679327345,0,1,0,0,0,3,2,0,0.667,4,1230778.0,3,1,4,1,4673939.0,2407182.91,51.5,1,0,115,customer,1,0
organic,health,medium,2.72,1,0.3182,15,0.191,7,3.57,1699679287,3,0,0,0,0,3,2,0,0.667,1,1099889.0,1,1,4,1,1629468.0,916739.13,56.26,0,0,999,prospect,0,0
referral,retail,startup,1.72,3,0.2143,22,0.682,6,3.19,79411299,1,0,1,0,0,3,1,0,0.333,1,1201018.0,1,0,2,1,1931524.0,786610.71,40.72,0,0,999,prospect,0,0
referral,technology,enterprise,5.02,0,1.0,0,0.47,6,4.6,11778069626,0,0,0,0,0,1,1,0,1.0,4,549478.0,1,0,0,0,0.0,0.0,0.0,1,0,101,prospect,0,0
meta_ads,other,small,11.25,0,0.0615,61,0.198,4,3.93,467296200,1,0,1,0,1,1,0,0,0.0,0,0.0,0,0,0,0,0.0,0.0,0.0,0,1,999,churned,0,1
referral,other,small,0.06,1,0.5556,8,0.414,10,3.83,432057346,1,0,0,0,0,3,2,0,0.667,1,2583064.0,1,1,2,0,0.0,0.0,0.0,0,0,999,customer,1,0
meta_ads,education,startup,3.97,4,1.0,0,0.54,6,3.64,27764710,2,0,0,0,0,2,2,0,1.0,2,1606108.0,1,1,1,1,1513928.0,318252.67,21.02,0,0,999,prospect,0,0
referral,technology,startup,4.45,0,0.0,26,0.405,0,3.47,45196199,2,0,0,1,0,2,0,0,0.0,1,1393287.0,1,1,1,0,0.0,0.0,0.0,0,0,999,prospect,0,0
manual,services,small,1.19,3,0.4545,12,0.696,10,5.0,181513821,1,0,0,0,0,0,0,0,0.0,2,3514030.0,1,1,4,2,6554058.0,3481801.89,53.12,1,0,141,customer,1,0
other,retail,large,8.37,0,0.033,88,0.0,3,3.44,9452669250,1,0,0,0,0,0,0,0,0.0,0,0.0,0,0,0,0,0.0,0.0,0.0,0,0,999,churned,0,1
organic,manufacturing,startup,3.62,3,1.0,0,0.31,7,4.87,66246716,1,0,0,1,0,2,1,0,0.5,3,3336890.0,2,1,1,1,5332166.0,3495589.11,65.56,1,0,13,customer,1,0
other,health,small,6.55,0,0.0,77,0.0,0,3.62,367998349,2,0,0,1,1,1,0,0,0.0,1,474763.0,0,0,0,0,0.0,0.0,0.0,0,1,999,churned,0,1
meta_ads,technology,large,8.86,0,0.1481,23,0.0,4,1.77,6350218470,0,0,0,1,0,0,0,0,0.0,0,0.0,0,0,1,0,0.0,0.0,0.0,1,0,59,lead,0,0
meta_ads,manufacturing,small,5.14,1,0.2,20,0.102,5,5.0,394482390,2,0,0,1,0,0,0,0,0.0,0,0.0,0,0,1,0,0.0,0.0,0.0,0,0,999,lead,0,0
meta_ads,health,startup,7.46,0,0.0,46,0.546,0,2.44,91013927,2,0,0,0,0,0,0,0,0.0,1,2086000.0,0,0,2,2,8691453.0,4181559.11,48.11,0,0,999,lead,0,0
referral,technology,enterprise,0.0,5,0.6,6,0.843,9,3.97,86400900767,0,0,0,0,0,0,0,0,0.0,6,3065027.0,1,1,1,1,3106599.0,2082919.85,67.05,1,0,156,customer,1,0
referral,retail,small,11.19,0,0.093,39,0.377,4,1.78,245936424,1,0,0,0,0,1,0,0,0.0,1,915184.0,0,0,1,1,2010374.0,860362.76,42.8,0,0,999,churned,0,1
referral,technology,medium,3.36,1,0.5769,11,0.302,15,4.05,920277201,1,0,0,0,0,2,2,0,1.0,1,1284293.0,1,1,5,1,1962042.0,824530.05,42.02,1,0,120,customer,1,0
meta_ads,manufacturing,startup,5.95,2,0.3333,4,0.557,2,4.18,71539301,0,0,0,1,0,0,0,0,0.0,2,1208813.0,1,0,1,1,3896723.0,2127834.7,54.61,0,0,999,lead,0,0
manual,manufacturing,startup,0.0,3,0.0811,34,0.181,3,3.04,16235641,1,0,0,0,1,1,0,0,0.0,1,2322464.0,1,0,0,0,0.0,0.0,0.0,0,0,999,lead,0,0
referral,finance,small,0.81,1,0.5,3,0.431,3,4.37,494470754,0,0,0,0,0,0,0,0,0.0,3,589219.0,1,0,1,1,4520431.0,2838637.57,62.8,0,0,999,prospect,0,0
meta_ads,retail,medium,2.3,0,0.6471,6,0.717,11,4.2,795595301,0,0,0,0,0,2,0,0,0.0,2,3222857.0,1,0,1,1,1395658.0,903641.05,64.75,0,0,999,customer,1,0
manual,services,medium,7.08,0,0.0526,36,0.174,2,1.29,1739725911,1,0,0,1,0,0,0,0,0.0,4,933752.0,0,0,1,1,2198798.0,1524635.16,69.34,0,1,999,churned,0,1
referral,education,enterprise,0.99,1,0.2857,15,0.74,6,4.73,39989145078,2,0,1,0,0,1,1,0,1.0,3,1694935.0,2,0,2,1,1617518.0,886752.35,54.82,0,0,999,prospect,0,0
meta_ads,services,large,1.33,2,0.6818,7,0.688,15,4.17,5615059949,1,0,0,0,0,4,4,0,1.0,3,4518696.0,2,0,2,1,697912.0,397605.02,56.97,0,0,999,customer,1,0
organic,other,startup,0.0,1,0.8,2,0.409,8,3.97,26077773,0,0,0,0,0,1,1,0,1.0,2,1932970.0,2,1,0,0,0.0,0.0,0.0,0,0,999,customer,1,0
manual,services,small,10.45,1,0.2069,23,0.364,6,2.26,143252788,1,0,0,0,0,1,1,0,1.0,1,1150242.0,1,0,1,1,1855486.0,977592.85,52.69,0,0,999,lead,0,0
referral,other,enterprise,6.1,1,0.0,5,0.452,0,3.64,10295361031,1,0,0,0,0,0,0,0,0.0,1,1693759.0,1,0,0,0,0.0,0.0,0.0,0,0,999,lead,0,0
organic,other,small,5.24,0,0.381,13,0.439,8,4.02,298482351,0,0,0,0,0,1,0,0,0.0,0,0.0,0,0,1,0,0.0,0.0,0.0,0,0,999,lead,0,0
other,other,small,10.84,0,0.0167,59,0.237,1,3.86,213684234,0,0,0,0,1,1,0,0,0.0,0,0.0,0,0,0,0,0.0,0.0,0.0,0,1,999,churned,0,1
organic,education,startup,3.9,1,0.7647,4,0.557,13,3.86,19428747,2,1,1,0,0,1,0,0,0.0,1,1517103.0,1,0,1,1,5275388.0,1818820.09,34.48,1,0,116,customer,1,0
meta_ads,retail,large,1.95,1,0.3636,7,0.454,4,3.52,3646714295,1,0,0,0,0,2,1,0,0.5,2,3099318.0,1,0,3,1,3534074.0,2021283.67,57.19,0,0,999,customer,1,0
organic,other,startup,4.44,0,0.5556,4,0.528,5,4.1,53692283,0,0,0,1,0,0,0,2,0.0,1,2346187.0,0,0,1,1,1699682.0,726189.14,42.73,0,0,999,lead,0,0
meta_ads,services,startup,9.1,0,0.25,21,0.394,7,2.86,42292349,2,0,1,0,0,0,0,0,0.0,1,190739.0,1,1,0,0,0.0,0.0,0.0,0,0,999,lead,0,0
organic,manufacturing,large,6.72,2,0.5417,11,0.552,13,4.87,8858650961,0,1,1,0,0,2,0,0,0.0,4,1321791.0,1,0,1,1,4158002.0,933124.13,22.44,0,0,999,customer,1,0
meta_ads,retail,large,10.84,0,0.1714,29,0.491,6,1.0,5598917562,1,0,0,0,0,2,1,0,0.5,2,2276780.0,1,0,3,1,3403751.0,1239347.67,36.41,0,0,999,lead,0,0
meta_ads,education,startup,2.82,0,0.2667,11,0.388,4,3.19,65626541,1,0,0,0,0,2,1,0,0.5,0,0.0,0,0,2,0,0.0,0.0,0.0,0,0,999,prospect,0,0
meta_ads,other,small,4.89,0,0.5714,6,0.459,8,3.4,148027964,1,1,0,0,0,2,1,0,0.5,2,1249840.0,1,0,2,2,3908956.0,1965064.69,50.27,0,1,999,prospect,0,0
meta_ads,education,small,1.87,2,1.0,0,0.522,3,3.38,108900050,1,1,0,0,0,2,0,0,0.0,3,2222026.0,1,1,1,1,970478.0,420853.89,43.37,0,0,999,prospect,0,0
meta_ads,services,startup,8.1,1,0.0,92,0.007,0,3.03,81114217,2,0,0,0,0,1,0,0,0.0,0,0.0,0,0,1,0,0.0,0.0,0.0,0,1,999,churned,0,1
organic,retail,startup,2.02,1,0.5455,10,0.478,12,5.0,72063756,1,0,0,0,0,1,0,0,0.0,4,2929280.0,3,1,2,1,1708319.0,1103436.09,64.59,1,0,120,customer,1,0
manual,technology,enterprise,4.03,0,0.2,16,0.412,4,2.49,75439254494,1,0,0,0,1,1,1,0,1.0,2,536620.0,0,0,1,0,0.0,0.0,0.0,0,0,999,lead,0,0
referral,retail,small,2.81,6,0.5556,8,0.79,10,4.36,280988020,2,0,0,0,0,0,0,0,0.0,1,2872690.0,1,0,0,0,0.0,0.0,0.0,0,0,999,prospect,0,0
manual,finance,small,0.5,3,1.0,0,0.523,14,4.86,380991113,1,0,1,0,0,1,1,0,1.0,4,1782824.0,2,0,0,0,0.0,0.0,0.0,1,0,48,customer,1,0
organic,technology,small,9.19,0,0.0,30,0.464,0,1.14,453754466,2,0,1,0,0,1,0,0,0.0,5,2102713.0,0,0,1,1,3879965.0,2360765.84,60.85,0,0,999,lead,0,0
referral,services,medium,4.47,2,0.2174,18,0.538,5,5.0,1443124779,0,0,0,0,0,1,0,0,0.0,4,3006065.0,1,0,4,1,4225919.0,1958534.71,46.35,0,0,999,prospect,0,0
referral,retail,large,0.0,2,0.5,6,0.719,6,4.17,7378189232,3,0,0,0,0,1,0,0,0.0,1,812479.0,1,1,3,1,551795.0,270911.29,49.1,0,0,999,prospect,0,0
meta_ads,health,medium,6.22,0,0.1667,25,0.084,5,2.54,1906455455,3,0,0,0,1,1,1,0,1.0,0,0.0,0,0,1,0,0.0,0.0,0.0,1,1,106,churned,0,1
organic,other,large,4.04,2,0.4667,8,0.281,7,2.71,2640116862,0,0,0,0,0,0,0,0,0.0,2,1092378.0,0,0,1,0,0.0,0.0,0.0,0,0,999,lead,0,0
organic,other,medium,4.51,1,0.1111,24,0.256,3,2.66,1317252732,0,0,1,0,0,2,0,0,0.0,0,0.0,0,0,0,0,0.0,0.0,0.0,0,0,999,lead,0,0
referral,technology,startup,7.8,0,0.04,24,0.567,1,3.34,90187177,2,0,0,0,0,0,0,0,0.0,1,1958453.0,1,1,1,0,0.0,0.0,0.0,0,0,999,lead,0,0
manual,health,small,4.95,3,0.75,2,0.969,6,3.7,257870864,0,0,0,1,0,1,0,0,0.0,0,0.0,0,0,2,0,0.0,0.0,0.0,0,0,999,lead,0,0
meta_ads,health,medium,6.76,0,1.0,0,0.259,5,3.05,771110459,1,0,0,0,0,1,1,0,1.0,3,1955842.0,0,0,0,0,0.0,0.0,0.0,0,0,999,lead,0,0
other,retail,large,0.32,0,0.8333,2,1.0,10,4.09,7565960716,1,0,0,0,1,1,0,0,0.0,3,3501602.0,2,1,2,1,4416842.0,1683764.72,38.12,1,0,138,customer,1,0
meta_ads,technology,medium,2.92,3,1.0,0,0.624,13,3.3,1576016777,1,0,0,0,0,0,0,0,0.0,1,3402920.0,1,0,0,0,0.0,0.0,0.0,1,0,174,customer,1,0
meta_ads,finance,large,0.0,1,0.8333,3,0.608,15,4.37,4413134771,1,0,1,0,0,2,2,0,1.0,0,0.0,0,0,1,1,18947.0,6619.19,34.94,0,0,999,customer,1,0
referral,education,medium,4.45,0,0.125,14,0.807,2,3.44,941634650,0,0,0,0,0,0,0,0,0.0,0,0.0,0,0,0,0,0.0,0.0,0.0,0,0,999,lead,0,0
meta_ads,health,medium,8.25,2,0.1591,37,0.205,7,4.59,1011262782,2,0,0,0,1,0,0,0,0.0,1,2305677.0,0,0,1,1,2245927.0,602569.9,26.83,0,0,999,lead,0,0
organic,finance,small,2.02,0,0.1591,37,0.402,7,3.69,102960535,1,0,0,0,0,3,1,0,0.333,0,0.0,0,0,1,1,0.0,0.0,43.61,0,1,999,prospect,0,0
manual,services,large,0.0,0,0.0822,67,0.159,6,3.58,8306619164,2,0,0,1,0,1,0,0,0.0,1,1331091.0,0,0,1,1,2521124.0,1568657.59,62.22,0,0,999,lead,0,0
meta_ads,technology,startup,5.23,0,0.0732,38,0.708,3,4.08,11202905,1,1,0,0,0,0,0,0,0.0,2,1470496.0,0,0,1,1,3013796.0,1639193.75,54.39,0,0,999,lead,0,0
meta_ads,retail,large,3.35,0,0.2381,16,0.128,5,4.74,4040691448,1,0,0,1,0,0,0,2,0.0,0,0.0,0,0,0,0,0.0,0.0,0.0,0,0,999,lead,0,0
organic,finance,startup,5.73,1,0.0556,68,0.0,4,2.61,72184770,0,0,0,0,1,1,0,1,0.0,1,1324517.0,0,0,1,0,0.0,0.0,0.0,0,1,999,churned,0,1
manual,technology,small,5.66,0,0.1852,22,0.376,5,2.29,349750382,1,0,1,0,0,0,0,0,0.0,2,1714367.0,0,0,1,1,4479995.0,1453720.79,32.45,0,1,999,lead,0,0
other,manufacturing,small,4.81,1,0.6923,4,0.643,9,4.02,240254432,1,1,0,0,0,4,3,0,0.75,0,0.0,0,0,1,1,3001053.0,1047677.22,34.91,0,0,999,prospect,0,0
meta_ads,finance,startup,1.06,0,0.1071,25,0.116,3,3.66,19550211,1,0,0,1,0,0,0,2,0.0,0,0.0,0,0,1,0,0.0,0.0,0.0,0,1,999,churned,0,1
other,other,startup,4.32,1,0.3333,10,0.455,5,4.19,46937448,0,0,0,0,0,2,2,0,1.0,2,1361079.0,2,1,7,1,1362922.0,477199.13,35.01,0,0,999,prospect,0,0
other,manufacturing,large,4.04,1,0.3333,4,0.392,2,4.31,9447720920,1,1,0,0,0,2,0,0,0.0,0,0.0,0,0,0,0,0.0,0.0,0.0,0,0,999,lead,0,0
organic,health,small,4.76,0,0.0476,20,0.116,1,3.83,239488939,2,0,1,0,0,1,0,1,0.0,2,1863151.0,1,0,1,1,1197737.0,739499.34,61.74,1,0,61,lead,0,0
organic,other,startup,2.81,0,1.0,0,0.0,1,4.11,50549928,2,0,1,0,0,0,0,0,0.0,2,3069321.0,1,0,0,0,0.0,0.0,0.0,0,0,999,lead,0,0
organic,manufacturing,small,9.55,0,0.0833,44,0.17,4,2.99,253037405,1,0,0,0,1,0,0,0,0.0,2,1955948.0,0,0,1,1,2001733.0,1071100.16,53.51,0,0,999,lead,0,0
other,education,medium,6.75,0,0.8333,1,0.42,5,4.67,1066944080,2,0,0,0,0,1,1,0,1.0,2,1239444.0,2,1,3,0,0.0,0.0,0.0,1,0,27,prospect,0,0
meta_ads,finance,medium,8.19,1,0.1613,26,0.435,5,3.7,1295953373,2,0,0,1,1,1,0,2,0.0,1,1930302.0,0,0,1,1,1653459.0,492076.84,29.76,0,0,999,lead,0,0
manual,retail,medium,4.22,3,0.3636,7,0.696,4,3.82,1346035690,2,1,0,0,0,0,0,0,0.0,3,2708718.0,2,1,2,0,0.0,0.0,0.0,1,1,168,customer,1,0
referral,health,medium,6.27,3,0.0938,29,0.606,3,2.95,1117774688,0,0,0,0,0,1,1,0,1.0,1,1857634.0,1,0,0,0,0.0,0.0,0.0,0,0,999,lead,0,0
organic,manufacturing,small,2.34,0,0.25,15,0.319,5,3.75,466180547,3,0,1,1,1,1,0,0,0.0,0,0.0,0,0,2,0,0.0,0.0,0.0,0,0,999,lead,0,0
referral,other,medium,0.0,3,0.4,9,0.615,6,4.04,1948745596,1,0,0,0,0,2,2,0,1.0,3,3355222.0,3,0,1,1,3900106.0,2703596.91,69.32,0,0,999,customer,1,0
meta_ads,other,startup,0.0,0,0.0909,40,0.249,4,2.18,79325132,2,0,0,0,1,0,0,0,0.0,1,389067.0,1,0,1,0,0.0,0.0,0.0,1,1,32,churned,0,1
referral,education,startup,0.0,0,0.5263,9,0.615,10,4.56,13768722,1,1,0,0,0,0,0,0,0.0,3,2469964.0,1,1,2,0,0.0,0.0,0.0,1,0,94,customer,1,0
other,manufacturing,small,7.21,0,0.3077,9,0.774,4,3.84,288626985,2,0,0,0,0,2,1,0,0.5,1,2509283.0,1,1,2,1,2276543.0,1471198.75,64.62,1,1,15,prospect,0,0
other,manufacturing,large,3.63,0,0.5556,4,0.475,5,3.47,7733374946,1,0,1,0,0,2,1,0,0.5,0,0.0,0,0,1,1,234760.0,97129.49,41.37,0,0,999,prospect,0,0
organic,services,enterprise,4.8,1,0.2222,7,0.574,2,5.0,57915585568,1,0,1,0,0,0,0,0,0.0,0,0.0,0,0,4,3,13553331.0,6187741.03,45.65,0,0,999,prospect,0,0
manual,other,small,6.01,1,0.4286,8,0.219,6,3.59,106965961,1,0,0,1,0,1,0,0,0.0,1,1081769.0,1,0,1,1,2791996.0,1097897.72,39.32,0,0,999,prospect,0,0
meta_ads,retail,enterprise,2.96,0,0.0833,11,0.405,1,3.06,62848191688,0,1,0,0,0,2,1,0,0.5,2,2582328.0,1,1,0,0,0.0,0.0,0.0,1,0,116,prospect,0,0
organic,retail,small,0.51,2,0.9375,1,0.692,15,3.93,445481561,2,0,0,0,0,1,0,0,0.0,6,2683480.0,1,0,1,1,4740692.0,1486585.03,31.36,1,0,115,customer,1,0
meta_ads,other,medium,4.79,0,0.3478,15,0.614,8,2.76,1189094868,1,0,0,0,1,0,0,0,0.0,0,0.0,0,0,1,0,0.0,0.0,0.0,0,0,999,lead,0,0
referral,retail,large,8.07,3,0.8333,1,0.992,5,3.85,9211820651,0,0,0,0,0,2,0,0,0.0,4,1118507.0,2,1,1,1,1944358.0,1138464.93,58.55,0,1,999,customer,1,0
meta_ads,other,small,2.05,1,0.0714,13,0.344,1,3.38,352975125,1,0,0,0,0,1,0,0,0.0,0,0.0,0,0,0,0,0.0,0.0,0.0,0,0,999,lead,0,0
organic,other,medium,8.46,1,0.0588,48,0.552,3,2.47,1241108866,0,0,1,0,1,1,0,0,0.0,1,839816.0,0,0,1,1,335719.0,201098.73,59.9,0,0,999,churned,0,1
manual,finance,enterprise,2.78,0,1.0,0,0.563,12,4.06,13438071549,2,1,0,0,0,3,1,0,0.333,1,1313239.0,1,0,0,0,0.0,0.0,0.0,1,0,150,prospect,0,0
referral,health,medium,5.11,3,0.2778,13,0.26,5,4.55,930584909,2,0,0,1,0,2,2,0,1.0,0,0.0,0,0,0,0,0.0,0.0,0.0,0,0,999,lead,0,0
meta_ads,retail,small,0.44,0,0.0851,43,0.192,4,5.0,131221583,3,0,0,0,0,1,0,0,0.0,0,0.0,0,0,1,0,0.0,0.0,0.0,0,0,999,lead,0,0
other,manufacturing,large,7.14,3,0.0,7,0.513,0,5.0,9677889795,1,0,0,0,1,0,0,0,0.0,0,0.0,0,0,1,0,0.0,0.0,0.0,0,0,999,lead,0,0
referral,retail,small,7.83,0,0.0408,47,0.123,2,1.42,237326717,0,0,0,1,1,0,0,0,0.0,1,1133941.0,0,0,3,0,0.0,0.0,0.0,0,0,999,churned,0,1
manual,services,large,5.31,0,0.1923,21,0.0,5,2.88,6814297315,1,1,0,1,0,0,0,0,0.0,1,1545715.0,0,0,0,0,0.0,0.0,0.0,0,0,999,lead,0,0
meta_ads,services,medium,10.87,2,0.4118,10,0.196,7,3.62,553552143,1,0,0,0,1,2,1,0,0.5,3,790327.0,0,1,0,0,0.0,0.0,0.0,0,0,999,lead,0,0
other,education,large,13.87,0,0.022,89,0.384,2,2.99,7830449592,1,0,0,0,0,1,0,0,0.0,1,1656363.0,0,0,0,0,0.0,0.0,0.0,0,1,999,churned,0,1
referral,technology,medium,1.61,0,1.0,0,0.561,12,4.07,1585305402,1,0,0,0,0,0,0,0,0.0,5,2253981.0,2,0,1,1,3419922.0,1829659.92,53.5,1,0,125,customer,1,0
manual,health,medium,4.63,0,0.3,14,0.203,6,3.51,596011778,1,1,0,0,0,2,1,0,0.5,1,1136414.0,1,0,0,0,0.0,0.0,0.0,0,0,999,prospect,0,0
referral,manufacturing,medium,3.0,6,0.7857,3,0.345,11,4.49,885938851,2,0,0,1,0,0,0,0,0.0,6,3422139.0,1,1,1,0,0.0,0.0,0.0,1,0,60,customer,1,0
manual,other,small,2.91,3,0.6316,7,0.706,12,3.72,244381453,0,1,0,1,0,1,0,0,0.0,6,2983342.0,3,0,2,1,5742727.0,3702301.85,64.47,1,0,45,customer,1,0
manual,services,startup,0.0,2,1.0,0,0.355,6,5.0,19041959,2,0,0,0,0,2,1,0,0.5,5,2271479.0,1,1,1,1,2152676.0,1180993.59,54.86,1,0,130,prospect,0,0
organic,manufacturing,small,12.58,0,0.0,8,0.764,0,5.0,484823379,0,0,0,0,0,1,1,0,1.0,0,0.0,0,0,0,0,0.0,0.0,0.0,0,0,999,lead,0,0
other,finance,medium,3.48,1,0.0412,93,0.39,4,2.93,929150056,0,0,0,0,0,1,1,0,1.0,0,0.0,0,0,2,2,4062368.0,1635762.47,40.27,0,1,999,churned,0,1
meta_ads,finance,startup,3.46,2,0.0,0,0.397,0,4.02,59986944,1,0,0,0,0,0,0,0,0.0,2,2906520.0,1,0,2,0,0.0,0.0,0.0,0,0,999,prospect,0,0
meta_ads,technology,medium,1.84,4,0.3636,7,0.937,4,4.14,1151425277,1,0,0,0,0,0,0,0,0.0,0,0.0,0,0,0,0,0.0,0.0,0.0,0,0,999,prospect,0,0
other,retail,medium,3.29,3,0.5714,3,0.736,4,3.56,1085174715,0,0,0,0,0,2,1,0,0.5,2,1078031.0,1,0,2,0,0.0,0.0,0.0,0,0,999,prospect,0,0
other,services,large,1.68,0,1.0,0,0.666,3,2.01,5238606467,1,0,0,1,0,1,1,0,1.0,0,0.0,0,0,1,0,0.0,0.0,0.0,0,0,999,lead,0,0
referral,education,medium,8.38,0,0.0469,61,0.189,3,1.79,1997195173,0,0,0,0,0,1,0,0,0.0,1,1243888.0,0,1,0,0,0.0,0.0,0.0,0,0,999,churned,0,1
other,finance,startup,2.35,2,0.2727,8,0.541,3,4.43,17740350,2,1,1,0,0,1,1,0,1.0,2,2433689.0,1,1,2,1,2278704.0,788456.72,34.6,0,0,999,customer,1,0
organic,finance,large,8.32,0,0.1395,37,0.352,6,3.92,3308167609,3,0,1,1,0,1,0,0,0.0,2,1517021.0,1,0,1,1,0.0,0.0,22.42,0,1,999,lead,0,0
other,finance,small,0.41,1,1.0,0,0.652,10,2.4,285339615,3,0,0,1,0,2,1,1,0.5,2,3309441.0,1,0,2,2,5246871.0,1147113.42,21.86,1,0,17,customer,1,0
referral,retail,medium,1.54,0,0.2333,23,0.38,7,4.39,1187618784,2,1,0,0,0,1,0,0,0.0,0,0.0,0,0,0,0,0.0,0.0,0.0,0,0,999,lead,0,0
other,retail,large,10.76,0,0.0,42,0.432,0,1.0,6825930571,0,0,0,0,0,0,0,2,0.0,1,243360.0,1,0,0,0,0.0,0.0,0.0,1,0,106,churned,0,1
manual,services,large,11.45,1,0.0,23,0.015,0,1.6,5982071512,0,0,0,0,0,1,0,0,0.0,1,1539344.0,1,0,0,0,0.0,0.0,0.0,0,1,999,churned,0,1
manual,health,large,4.49,2,0.4444,10,0.536,8,3.9,8908315078,0,0,0,1,0,1,0,0,0.0,5,3766095.0,2,0,2,2,5254393.0,1415488.29,26.94,0,0,999,customer,1,0
meta_ads,retail,large,2.13,1,0.5,5,0.613,5,4.86,5639789560,3,0,0,0,0,0,0,0,0.0,0,0.0,0,0,1,1,1374078.0,562420.26,40.93,0,0,999,prospect,0,0
meta_ads,retail,small,5.5,0,0.125,14,0.38,2,1.0,273188158,0,0,0,0,0,0,0,0,0.0,0,0.0,0,0,1,0,0.0,0.0,0.0,1,1,99,churned,0,1
meta_ads,other,large,2.31,0,0.0,64,0.182,0,1.94,8075894421,3,0,0,1,0,0,0,0,0.0,2,1493759.0,0,0,2,0,0.0,0.0,0.0,0,1,999,churned,0,1
meta_ads,services,large,8.06,0,0.1923,21,0.286,5,2.19,5109335572,1,0,1,0,0,2,2,0,1.0,0,0.0,0,0,1,1,2544432.0,1598953.29,62.84,1,0,27,lead,0,0
referral,manufacturing,small,2.91,4,0.0,52,0.528,0,3.13,143913730,1,0,0,0,0,2,0,1,0.0,1,1872320.0,1,0,4,1,835669.0,309853.5,37.08,0,0,999,lead,0,0
referral,retail,large,1.63,1,0.24,19,0.224,6,2.77,6896875275,0,0,0,0,1,1,0,0,0.0,1,2128527.0,1,0,1,0,0.0,0.0,0.0,1,0,87,lead,0,0
organic,other,enterprise,2.94,2,0.1538,22,0.412,4,3.08,30768884693,3,0,0,1,0,0,0,0,0.0,0,0.0,0,0,2,0,0.0,0.0,0.0,0,0,999,lead,0,0
organic,education,medium,4.83,0,0.381,13,0.393,8,4.19,926015857,1,0,0,0,0,0,0,0,0.0,6,1349416.0,3,0,0,0,0.0,0.0,0.0,0,0,999,customer,1,0
other,services,startup,2.36,0,0.3846,16,0.474,10,3.48,65675076,1,0,0,0,1,1,0,0,0.0,3,1678559.0,2,0,0,0,0.0,0.0,0.0,0,0,999,prospect,0,0
manual,technology,large,4.09,1,0.1,18,0.261,2,3.34,8187992274,2,1,0,0,0,1,1,0,1.0,1,2464570.0,0,0,3,2,6249189.0,3485671.2,55.78,0,0,999,lead,0,0
organic,health,startup,5.39,4,0.6,6,0.662,9,2.87,86907913,2,0,0,0,0,1,0,0,0.0,2,2853715.0,2,1,3,2,8383380.0,1923577.17,22.95,1,0,26,customer,1,0
referral,health,large,9.72,0,0.2632,14,0.421,5,2.86,2087578990,1,0,0,1,0,1,0,0,0.0,0,0.0,0,0,1,1,1837863.0,623444.1,33.92,0,0,999,lead,0,0
organic,manufacturing,large,7.94,2,0.0417,46,0.391,2,4.26,3166340116,0,0,0,0,0,1,0,0,0.0,0,0.0,0,0,1,0,0.0,0.0,0.0,0,0,999,lead,0,0
meta_ads,education,startup,0.45,3,0.3889,11,0.576,7,2.32,30400140,2,1,1,0,0,0,0,0,0.0,3,814767.0,2,1,1,1,2675931.0,1082778.94,40.46,0,0,999,prospect,0,0
manual,technology,startup,0.0,0,0.0526,36,0.371,2,4.22,31569506,1,0,0,0,0,1,1,0,1.0,2,2535871.0,1,0,0,0,0.0,0.0,0.0,0,0,999,lead,0,0
referral,services,small,6.05,1,0.0455,21,0.18,1,2.48,453273198,2,0,0,0,0,1,0,0,0.0,1,1101532.0,0,0,1,0,0.0,0.0,0.0,0,0,999,lead,0,0
organic,services,small,0.72,5,1.0,0,1.0,10,3.94,235628034,1,0,0,0,0,0,0,0,0.0,6,3467340.0,2,1,1,1,0.0,0.0,42.42,1,0,165,customer,1,0
other,finance,startup,6.02,2,0.5769,11,0.649,15,4.02,34138032,0,0,0,0,0,0,0,0,0.0,2,2362581.0,1,1,0,0,0.0,0.0,0.0,0,0,999,prospect,0,0
meta_ads,other,medium,4.26,1,0.6667,4,0.33,8,3.01,1088329330,1,0,0,0,0,1,0,0,0.0,3,1751297.0,2,1,0,0,0.0,0.0,0.0,0,0,999,prospect,0,0
other,health,small,8.55,1,0.0256,38,0.439,1,2.99,130655150,3,0,0,0,0,0,0,0,0.0,1,1594510.0,1,0,0,0,0.0,0.0,0.0,0,0,999,lead,0,0
organic,finance,medium,7.85,1,0.1,18,0.726,2,3.02,1404331083,2,0,1,0,0,0,0,0,0.0,3,844558.0,0,0,0,0,0.0,0.0,0.0,0,0,999,lead,0,0
manual,manufacturing,medium,6.14,1,0.1212,29,0.319,4,3.76,1457518699,1,0,0,0,0,0,0,0,0.0,2,893004.0,1,1,0,0,0.0,0.0,0.0,0,0,999,lead,0,0
organic,retail,small,1.97,2,0.4762,11,0.531,10,3.91,139943129,2,0,1,0,0,2,1,0,0.5,3,1894972.0,2,0,0,0,0.0,0.0,0.0,1,0,38,prospect,0,0
organic,finance,medium,5.68,2,0.1765,14,0.519,3,2.02,1080819182,2,1,1,0,0,0,0,0,0.0,0,0.0,0,0,4,0,0.0,0.0,0.0,1,0,17,prospect,0,0
organic,finance,startup,4.32,2,0.0,11,0.426,0,4.14,75863784,1,0,0,0,0,0,0,0,0.0,0,0.0,0,0,1,0,0.0,0.0,0.0,1,0,17,lead,0,0
manual,retail,medium,0.0,0,0.4286,4,0.442,3,2.53,1032127465,1,0,0,0,0,1,0,0,0.0,2,1369168.0,0,0,0,0,0.0,0.0,0.0,0,0,999,lead,0,0
meta_ads,manufacturing,small,0.0,4,1.0,0,0.527,8,2.73,444641205,2,0,0,1,0,2,1,0,0.5,2,1582637.0,1,0,1,1,2592755.0,1199747.65,46.27,0,0,999,prospect,0,0
referral,other,medium,3.53,1,1.0,0,0.971,15,3.52,1668607172,0,0,0,0,0,1,0,0,0.0,3,1651434.0,3,1,0,0,0.0,0.0,0.0,0,0,999,customer,1,0
organic,technology,small,6.8,3,0.4545,6,0.198,5,1.97,289112412,1,0,0,0,0,0,0,0,0.0,1,1073214.0,1,0,0,0,0.0,0.0,0.0,0,0,999,lead,0,0
meta_ads,retail,startup,2.92,0,0.4167,14,0.554,10,4.81,32610296,1,1,0,0,0,2,0,0,0.0,4,1822844.0,1,0,2,1,1441801.0,840074.66,58.27,0,0,999,prospect,0,0
meta_ads,services,small,1.21,2,0.5,11,0.601,11,2.97,126718425,2,0,1,0,1,0,0,0,0.0,0,0.0,0,0,1,1,3820395.0,1578974.49,41.33,1,0,82,prospect,0,0
manual,education,large,4.72,2,0.3529,11,0.799,6,2.21,3047412475,1,0,0,0,1,1,0,0,0.0,2,1655647.0,1,0,0,0,0.0,0.0,0.0,0,0,999,lead,0,0
manual,finance,small,10.08,1,0.1667,20,0.323,4,4.13,205905085,2,0,0,1,0,1,0,0,0.0,3,1146546.0,0,0,0,0,0.0,0.0,0.0,0,0,999,lead,0,0
meta_ads,education,small,0.42,2,0.6875,5,0.625,11,4.74,160998647,1,0,0,0,1,3,2,0,0.667,4,2098638.0,2,0,1,0,0.0,0.0,0.0,0,0,999,prospect,0,0
other,education,medium,1.95,1,0.0,5,0.654,0,3.87,1067676968,0,0,0,0,0,0,0,0,0.0,3,3117263.0,1,0,1,1,1683208.0,499829.75,29.7,0,0,999,prospect,0,0
manual,technology,medium,2.57,0,0.6,2,0.641,3,4.02,1164016811,2,1,0,0,0,0,0,0,0.0,1,1577909.0,0,0,0,0,0.0,0.0,0.0,0,0,999,lead,0,0
meta_ads,other,small,2.49,5,0.2963,19,0.504,8,4.89,241450998,1,0,1,0,0,1,1,0,1.0,1,1687805.0,1,0,4,0,0.0,0.0,0.0,0,0,999,prospect,0,0
other,manufacturing,small,4.53,2,0.15,17,0.477,3,2.96,224460631,1,0,0,0,0,1,1,0,1.0,1,1552055.0,1,0,1,0,0.0,0.0,0.0,0,0,999,lead,0,0
referral,retail,small,1.53,2,0.1538,11,0.625,2,3.58,462724296,1,0,0,0,0,0,0,0,0.0,0,0.0,0,0,0,0,0.0,0.0,0.0,0,0,999,lead,0,0
manual,health,medium,3.57,0,0.7333,4,0.733,11,3.89,604755429,3,1,0,0,0,2,2,0,1.0,1,1585637.0,1,0,3,0,0.0,0.0,0.0,0,0,999,prospect,0,0
other,education,medium,3.13,1,0.6667,3,0.595,6,4.03,1146066253,1,0,0,0,0,1,1,0,1.0,2,1423106.0,2,0,3,1,4760413.0,2343177.34,49.22,1,0,173,customer,1,0
referral,manufacturing,enterprise,0.0,1,0.5882,7,0.548,10,4.36,74569816715,1,0,0,0,1,1,0,0,0.0,1,2991643.0,1,1,2,1,2277181.0,913622.88,40.12,0,0,999,customer,1,0
organic,other,large,1.69,2,0.5,4,0.567,4,3.39,2257521198,1,0,1,0,0,0,0,0,0.0,6,1687461.0,2,1,1,1,1644446.0,1106881.46,67.31,0,0,999,prospect,0,0
organic,technology,startup,5.06,0,0.0833,11,0.388,1,1.71,11534549,1,0,0,0,0,0,0,0,0.0,4,1640742.0,1,0,3,1,3401624.0,1386930.21,40.77,0,0,999,lead,0,0
other,manufacturing,medium,6.55,0,0.2,12,0.457,3,4.45,1874038279,0,0,0,0,0,0,0,0,0.0,0,0.0,0,0,0,0,0.0,0.0,0.0,0,0,999,lead,0,0
manual,technology,large,3.67,1,0.1905,17,0.709,4,2.12,6993450471,2,0,0,0,0,1,1,0,1.0,1,1968993.0,0,1,2,0,0.0,0.0,0.0,0,0,999,lead,0,0
other,technology,small,4.46,1,0.0952,19,0.367,2,3.58,272278374,1,0,0,0,0,1,0,0,0.0,0,0.0,0,0,1,1,3574675.0,1776144.81,49.69,0,0,999,lead,0,0
meta_ads,technology,startup,6.75,2,0.2381,16,0.292,5,2.38,69502163,2,1,0,0,0,1,0,0,0.0,3,1809329.0,1,0,0,0,0.0,0.0,0.0,1,0,5,lead,0,0
manual,retail,small,1.18,1,0.25,12,0.676,4,4.53,436130423,0,0,0,0,0,2,2,0,1.0,1,1539072.0,1,0,0,0,0.0,0.0,0.0,0,0,999,prospect,0,0
manual,health,medium,7.09,1,0.5238,10,0.985,11,3.55,1371123164,1,1,0,0,0,2,2,0,1.0,0,0.0,0,0,2,1,601410.0,397860.98,66.15,0,0,999,prospect,0,0
meta_ads,health,medium,0.0,2,0.0,31,0.685,0,3.64,826921695,3,0,0,0,0,1,0,1,0.0,2,1293492.0,0,0,0,0,0.0,0.0,0.0,0,0,999,lead,0,0
meta_ads,health,medium,5.4,1,0.1429,18,0.338,3,3.12,979257550,1,0,0,0,0,0,0,0,0.0,0,0.0,0,0,1,0,0.0,0.0,0.0,0,0,999,lead,0,0
meta_ads,other,large,12.69,1,0.0455,21,0.266,1,1.92,9077947078,1,0,0,0,0,2,2,0,1.0,2,2253180.0,0,0,0,0,0.0,0.0,0.0,0,0,999,lead,0,0
referral,finance,startup,0.28,3,0.5217,11,0.519,12,4.78,59793326,2,0,1,0,0,3,0,0,0.0,1,2929389.0,1,1,0,0,0.0,0.0,0.0,0,0,999,prospect,0,0
meta_ads,manufacturing,small,3.81,2,0.3333,12,0.268,6,2.88,432859114,1,0,1,0,0,0,0,0,0.0,3,1515147.0,1,0,1,0,0.0,0.0,0.0,0,0,999,lead,0,0
organic,education,startup,6.59,0,0.0,33,0.181,0,4.37,46517691,1,0,0,0,0,0,0,0,0.0,1,916763.0,1,0,0,0,0.0,0.0,0.0,0,1,999,lead,0,0
referral,services,small,4.19,1,0.0227,43,0.508,1,2.48,224191293,1,0,0,0,1,2,0,0,0.0,2,2346663.0,1,1,1,0,0.0,0.0,0.0,0,0,999,lead,0,0
manual,education,large,3.81,0,1.0,0,0.51,5,3.47,2931791306,2,0,0,1,0,3,2,0,0.667,0,0.0,0,0,2,1,0.0,0.0,29.07,0,0,999,customer,1,0
organic,retail,medium,1.59,0,1.0,0,0.362,1,2.52,1041093476,1,0,0,0,1,2,1,0,0.5,1,980111.0,0,0,2,0,0.0,0.0,0.0,0,1,999,churned,0,1
referral,education,large,0.03,1,0.3636,7,0.494,4,4.34,6666289617,1,0,1,0,0,1,0,0,0.0,2,2109310.0,2,1,2,2,3816821.0,1909842.09,50.04,1,0,122,prospect,0,0
manual,services,startup,2.26,1,0.4286,8,0.49,6,2.45,40725028,0,0,0,0,0,3,2,0,0.667,0,0.0,0,0,0,0,0.0,0.0,0.0,0,0,999,lead,0,0
manual,technology,large,2.05,1,0.2857,10,0.521,4,3.03,3160919874,1,0,0,0,0,1,1,0,1.0,0,0.0,0,0,2,1,4245430.0,2957749.4,69.67,1,0,135,prospect,0,0
meta_ads,manufacturing,startup,1.91,1,0.5,5,0.431,5,4.02,90546974,2,0,0,0,0,1,1,0,1.0,1,2140486.0,1,0,0,0,0.0,0.0,0.0,0,0,999,prospect,0,0
meta_ads,other,medium,3.2,0,0.0,69,0.35,0,3.37,1336828889,1,0,1,0,0,1,0,0,0.0,1,1347296.0,1,0,2,1,0.0,0.0,56.0,0,0,999,churned,0,1
other,technology,medium,0.0,4,0.6875,5,0.871,11,4.1,774838800,2,0,0,0,0,0,0,0,0.0,3,1766086.0,1,1,2,1,4029205.0,1240971.32,30.8,0,0,999,customer,1,0
meta_ads,services,large,1.85,1,0.7857,3,0.61,11,3.84,3773493930,1,0,0,0,0,0,0,0,0.0,4,2305455.0,3,1,2,2,6866195.0,1929761.91,28.11,0,0,999,customer,1,0
referral,manufacturing,startup,6.96,0,0.1667,25,0.426,5,5.0,72773925,2,0,1,0,0,2,0,0,0.0,2,1466526.0,1,1,0,0,0.0,0.0,0.0,0,0,999,prospect,0,0
manual,other,large,3.12,0,0.5,12,0.675,12,3.41,2343167276,3,0,0,0,1,1,1,0,1.0,2,1819180.0,2,1,0,0,0.0,0.0,0.0,0,0,999,prospect,0,0
other,technology,small,1.86,0,0.0,33,0.422,0,2.18,317601329,1,0,0,0,0,0,0,1,0.0,1,1200916.0,1,0,0,0,0.0,0.0,0.0,0,0,999,lead,0,0
referral,manufacturing,medium,0.0,1,0.3571,9,0.352,5,3.42,1019081759,2,0,1,0,0,1,0,0,0.0,0,0.0,0,0,0,0,0.0,0.0,0.0,0,1,999,prospect,0,0
meta_ads,education,small,2.57,0,0.0682,41,0.153,3,2.11,391368519,1,0,0,1,0,1,1,0,1.0,0,0.0,0,0,0,0,0.0,0.0,0.0,0,0,999,churned,0,1
meta_ads,health,small,2.07,2,0.6,10,0.692,15,3.42,127522061,1,0,0,0,0,0,0,0,0.0,1,1423666.0,1,0,1,1,5196706.0,2710351.08,52.16,0,1,999,customer,1,0
referral,health,small,0.42,2,0.5,7,0.48,7,2.37,196143926,1,0,0,0,1,0,0,0,0.0,0,0.0,0,0,2,1,1809592.0,501594.83,27.72,0,0,999,lead,0,0
other,education,startup,7.0,0,0.3,7,0.005,3,3.42,63254300,1,0,0,0,0,2,1,0,0.5,1,1741065.0,0,0,0,0,0.0,0.0,0.0,0,0,999,lead,0,0
meta_ads,retail,small,0.0,0,0.0882,31,0.502,3,3.33,154696818,1,0,0,0,0,2,1,0,0.5,2,2045575.0,0,0,0,0,0.0,0.0,0.0,0,0,999,lead,0,0
manual,services,small,0.4,0,0.0658,71,0.237,5,2.79,370710380,0,0,0,0,1,0,0,0,0.0,1,1011470.0,1,0,1,0,0.0,0.0,0.0,0,0,999,churned,0,1
meta_ads,finance,large,0.0,1,0.7333,4,0.717,11,5.0,7134290381,0,0,0,0,0,3,1,0,0.333,3,3484730.0,3,1,1,0,0.0,0.0,0.0,1,0,75,customer,1,0
other,other,large,3.51,2,0.44,14,0.449,11,3.63,3468009498,3,0,0,0,0,1,0,0,0.0,5,1877685.0,2,0,2,1,1804926.0,884496.68,49.0,0,0,999,prospect,0,0
organic,manufacturing,small,0.95,0,0.4737,10,0.847,9,2.54,420616908,2,0,0,0,0,2,2,0,1.0,6,1888104.0,3,1,2,2,9274681.0,4030434.23,43.46,1,0,110,customer,1,0
manual,manufacturing,small,2.42,0,0.0,14,0.472,0,3.59,102468190,1,0,0,0,1,0,0,0,0.0,1,1555532.0,1,1,0,0,0.0,0.0,0.0,0,0,999,lead,0,0
manual,other,large,7.84,1,0.2222,14,0.526,4,3.29,7528540505,0,0,0,0,0,0,0,0,0.0,1,1556726.0,1,1,1,1,4419286.0,1967236.33,44.51,0,0,999,prospect,0,0
manual,services,medium,3.72,0,0.4,3,0.24,2,3.07,1542954066,0,0,0,0,0,1,1,0,1.0,2,1773134.0,0,0,0,0,0.0,0.0,0.0,0,1,999,lead,0,0
organic,technology,small,4.07,1,0.3462,17,0.525,9,3.25,108611120,1,0,0,1,0,0,0,0,0.0,0,0.0,0,0,0,0,0.0,0.0,0.0,0,0,999,prospect,0,0
manual,other,medium,5.92,0,0.0161,61,0.309,1,1.59,761958297,0,0,0,0,1,1,0,0,0.0,2,482912.0,1,1,2,0,0.0,0.0,0.0,0,0,999,churned,0,1
organic,other,large,5.22,1,0.6,8,0.8,12,5.0,2615639068,3,0,0,0,0,1,0,0,0.0,5,2588977.0,1,1,0,0,0.0,0.0,0.0,1,0,13,customer,1,0
referral,retail,medium,9.3,1,0.4118,10,0.069,7,2.48,1824130712,1,0,0,0,0,1,0,1,0.0,1,1185075.0,1,0,1,0,0.0,0.0,0.0,0,0,999,lead,0,0
manual,health,medium,1.59,0,0.3043,16,0.32,7,3.82,590077491,2,0,0,0,0,1,1,0,1.0,1,1020518.0,0,0,1,0,0.0,0.0,0.0,0,0,999,lead,0,0
referral,services,medium,3.21,0,0.3333,8,0.756,4,3.57,1575557151,1,0,0,0,0,0,0,0,0.0,1,2639411.0,1,0,0,0,0.0,0.0,0.0,1,0,177,customer,1,0
meta_ads,education,small,2.43,0,0.8333,1,0.747,5,4.05,297634417,1,1,0,0,0,1,1,0,1.0,5,1991807.0,1,0,1,1,544788.0,359452.79,65.98,0,0,999,customer,1,0
organic,manufacturing,large,8.04,0,1.0,0,0.693,5,1.79,4595260062,0,0,0,1,0,1,0,0,0.0,3,1537510.0,0,0,0,0,0.0,0.0,0.0,0,0,999,lead,0,0
meta_ads,finance,startup,3.8,0,0.3333,10,0.454,5,5.0,20924554,0,0,0,0,0,1,0,0,0.0,1,1783189.0,1,0,2,1,2838585.0,1954331.0,68.85,0,0,999,prospect,0,0
meta_ads,health,small,2.88,0,0.1429,36,0.733,6,3.55,319073602,1,0,0,0,0,0,0,0,0.0,1,926410.0,1,0,0,0,0.0,0.0,0.0,0,0,999,lead,0,0
referral,technology,medium,1.53,2,0.5,8,0.705,8,4.27,827416489,0,1,1,0,0,2,1,0,0.5,3,2330195.0,1,1,1,1,2335864.0,748279.91,32.03,1,0,173,customer,1,0
manual,manufacturing,small,9.67,0,0.0,55,0.319,0,1.8,429124467,2,0,0,1,0,1,0,0,0.0,1,1265238.0,1,0,1,0,0.0,0.0,0.0,0,0,999,churned,0,1
manual,finance,medium,2.02,2,0.6429,10,0.748,18,4.91,1550243187,2,1,1,0,0,2,1,0,0.5,3,2665328.0,1,1,0,0,0.0,0.0,0.0,1,0,132,customer,1,0
meta_ads,other,small,1.76,2,0.4444,10,0.46,8,2.97,489941072,1,0,0,0,0,2,0,0,0.0,0,0.0,0,0,1,1,5666587.0,2661875.11,46.97,0,0,999,prospect,0,0
organic,health,large,1.93,2,0.5,7,0.447,7,3.32,5325451763,2,0,1,1,0,1,0,0,0.0,1,1863828.0,1,0,0,0,0.0,0.0,0.0,0,0,999,prospect,0,0
organic,finance,large,5.25,1,1.0,0,0.836,9,3.9,7289330474,2,0,0,0,0,0,0,0,0.0,2,2167076.0,2,1,3,1,0.0,0.0,61.23,1,0,18,customer,1,0
referral,education,medium,2.86,2,0.8182,2,0.729,9,3.31,1020668385,1,0,0,0,0,2,1,0,0.5,4,1982134.0,1,0,4,1,3033505.0,1879289.53,61.95,0,0,999,customer,1,0
referral,technology,small,5.08,0,0.2353,13,0.852,4,3.19,264781719,1,0,0,0,1,1,0,0,0.0,0,0.0,0,0,1,1,1764950.0,842766.03,47.75,1,0,29,prospect,0,0
meta_ads,services,startup,0.0,2,0.2727,8,0.918,3,3.52,16818445,1,1,0,0,0,1,0,0,0.0,2,2745906.0,1,0,0,0,0.0,0.0,0.0,1,0,19,prospect,0,0
meta_ads,education,small,1.6,1,1.0,0,0.476,10,3.2,483273662,0,0,1,0,0,2,1,0,0.5,1,524534.0,1,0,0,0,0.0,0.0,0.0,0,0,999,prospect,0,0
manual,technology,medium,6.35,0,0.6667,4,0.64,8,3.08,909165550,1,0,0,1,0,2,2,0,1.0,1,2807661.0,1,1,2,2,5097278.0,1337380.77,26.24,1,1,117,prospect,0,0
organic,retail,medium,2.03,2,0.4444,10,0.712,8,4.96,900428011,1,1,0,0,0,0,0,0,0.0,1,2573396.0,1,1,1,1,4225233.0,1917996.52,45.39,0,0,999,customer,1,0
organic,retail,large,2.13,1,1.0,0,0.251,2,4.03,7846359612,1,0,0,0,0,0,0,0,0.0,2,819402.0,2,1,2,2,6659333.0,1609775.41,24.17,0,0,999,prospect,0,0
referral,health,small,3.15,1,0.0789,35,0.561,3,3.7,348921405,0,0,0,1,1,0,0,0,0.0,2,1240717.0,1,1,1,1,2682387.0,1531513.7,57.1,0,0,999,lead,0,0
organic,technology,medium,0.22,0,0.0,0,0.523,0,3.22,1307313330,1,1,0,0,0,3,1,0,0.333,1,4059927.0,1,1,2,1,4326795.0,2829556.53,65.4,1,0,140,prospect,0,0
organic,other,large,0.0,0,0.3571,9,0.65,5,3.96,2404135116,1,0,0,0,0,0,0,0,0.0,3,1927083.0,2,1,1,1,2601385.0,1409462.59,54.18,0,0,999,prospect,0,0
meta_ads,other,medium,2.33,0,0.0667,28,0.791,2,3.32,1585351355,1,0,0,0,0,1,0,2,0.0,0,0.0,0,0,0,0,0.0,0.0,0.0,0,0,999,lead,0,0
manual,services,medium,0.45,0,0.25,3,0.587,1,2.11,1369391297,0,0,1,0,0,0,0,0,0.0,1,1830629.0,1,1,2,1,4737932.0,2509048.4,52.96,0,0,999,prospect,0,0
referral,education,medium,6.14,1,0.72,7,0.549,18,4.61,1260886326,3,0,0,0,0,0,0,0,0.0,3,1556594.0,3,1,1,1,1581453.0,551344.23,34.86,0,0,999,customer,1,0
manual,technology,large,0.95,2,0.0,3,0.793,0,4.2,2803708869,1,0,0,0,1,1,0,0,0.0,0,0.0,0,0,0,0,0.0,0.0,0.0,0,0,999,lead,0,0
meta_ads,manufacturing,medium,4.77,4,1.0,0,0.4,11,3.97,511496029,1,0,0,0,0,2,2,0,1.0,3,2370053.0,2,1,1,1,2127616.0,1170691.3,55.02,1,0,75,customer,1,0
referral,other,small,3.94,3,0.75,2,0.626,6,3.7,355582006,2,1,0,0,0,0,0,0,0.0,2,1898515.0,2,1,2,2,5018356.0,1141050.21,22.74,1,0,110,customer,1,0
meta_ads,other,medium,13.81,0,1.0,0,0.152,4,2.07,593593104,1,0,1,1,0,0,0,0,0.0,2,1682345.0,1,0,1,1,2139679.0,649883.72,30.37,0,1,999,churned,0,1
meta_ads,other,large,3.44,2,0.3333,8,0.524,4,4.31,6078464646,2,1,1,0,0,1,0,0,0.0,1,2492108.0,1,1,2,0,0.0,0.0,0.0,1,0,122,prospect,0,0
other,other,medium,1.47,4,0.3529,11,0.723,6,4.63,1500612363,2,0,1,0,0,2,2,2,1.0,0,0.0,0,0,0,0,0.0,0.0,0.0,0,0,999,prospect,0,0
referral,other,small,4.9,3,0.0,7,0.813,0,4.41,289293964,1,0,0,0,0,0,0,0,0.0,2,2388866.0,2,1,1,1,1977391.0,1335207.6,67.52,1,0,179,customer,1,0
other,other,medium,4.12,0,0.6667,3,0.578,6,3.45,1941283513,0,1,0,0,0,2,2,0,1.0,1,2931271.0,1,0,1,1,3316795.0,780419.53,23.53,0,0,999,customer,1,0
other,education,large,7.84,0,0.3529,11,0.26,6,2.28,8136663097,1,0,0,1,1,0,0,0,0.0,1,871908.0,0,1,1,0,0.0,0.0,0.0,0,1,999,churned,0,1
other,manufacturing,large,10.82,1,0.2273,17,0.37,5,2.77,2856900907,0,0,0,0,0,1,1,0,1.0,3,983525.0,0,0,1,0,0.0,0.0,0.0,0,0,999,lead,0,0
organic,manufacturing,small,1.67,2,0.2593,20,0.725,7,3.22,212325018,2,0,1,0,0,2,0,0,0.0,5,2105888.0,2,0,2,1,5054615.0,2115912.78,41.86,0,0,999,prospect,0,0
meta_ads,education,medium,0.0,0,0.0926,49,0.039,5,3.25,1481881335,1,0,0,1,1,2,1,0,0.5,0,0.0,0,0,1,0,0.0,0.0,0.0,0,1,999,churned,0,1
organic,other,startup,11.94,2,0.1429,18,0.325,3,1.93,10861956,2,0,0,0,0,1,0,0,0.0,0,0.0,0,0,1,0,0.0,0.0,0.0,0,0,999,lead,0,0
meta_ads,technology,small,0.0,2,0.75,2,0.864,6,4.27,480025601,2,0,1,0,0,1,0,2,0.0,2,1109712.0,1,0,1,1,2728002.0,1398535.67,51.27,1,0,99,prospect,0,0
organic,services,small,3.72,0,0.1538,11,0.447,2,3.27,409323457,3,0,0,1,1,1,0,0,0.0,2,1298627.0,1,0,0,0,0.0,0.0,0.0,0,0,999,lead,0,0
manual,other,startup,11.93,1,0.0545,52,0.255,3,3.12,66382108,1,0,0,0,1,0,0,0,0.0,1,1713571.0,0,0,2,0,0.0,0.0,0.0,0,0,999,churned,0,1
referral,retail,large,0.0,4,0.6875,5,0.722,11,3.17,9217110917,0,1,0,0,0,1,1,0,1.0,2,3471360.0,2,1,1,0,0.0,0.0,0.0,1,0,120,customer,1,0
referral,services,startup,7.32,4,0.0,40,0.593,0,2.57,81735867,1,0,0,0,1,1,1,0,1.0,3,2143858.0,0,0,0,0,0.0,0.0,0.0,0,0,999,lead,0,0
manual,other,startup,3.62,2,1.0,0,0.14,3,3.57,31003446,1,0,1,0,0,0,0,0,0.0,3,1268791.0,1,1,2,0,0.0,0.0,0.0,1,0,147,prospect,0,0
other,finance,large,1.48,2,0.6471,6,0.67,11,4.61,6172222708,1,0,1,0,0,1,1,0,1.0,1,3053473.0,1,1,2,1,688174.0,304590.73,44.26,1,0,53,customer,1,0
referral,technology,enterprise,0.0,1,0.75,3,0.657,9,3.5,89822735897,1,1,0,0,0,2,2,0,1.0,1,2575439.0,1,1,3,2,4318663.0,3013360.13,69.78,1,0,73,customer,1,0
meta_ads,manufacturing,large,4.64,0,0.0,15,0.394,0,2.83,4193392708,1,0,0,0,0,1,0,0,0.0,1,2010147.0,1,0,1,0,0.0,0.0,0.0,0,0,999,lead,0,0
organic,other,large,5.12,1,0.0465,41,0.142,2,3.53,5319629853,1,0,0,0,1,0,0,0,0.0,0,0.0,0,0,0,0,0.0,0.0,0.0,0,0,999,churned,0,1
referral,other,small,3.26,1,1.0,0,0.348,4,3.51,462309031,1,0,1,0,0,0,0,0,0.0,1,1291609.0,1,0,1,1,260745.0,181436.68,69.58,0,0,999,prospect,0,0
manual,manufacturing,small,3.14,0,0.6429,5,0.828,9,4.08,290784179,2,0,0,0,0,2,1,0,0.5,1,1840812.0,1,1,1,0,0.0,0.0,0.0,0,0,999,prospect,0,0
meta_ads,other,medium,6.36,0,0.75,5,0.706,15,4.85,1468196819,0,0,0,0,0,2,2,0,1.0,2,2259820.0,2,1,1,1,4229816.0,1886920.92,44.61,0,0,999,customer,1,0
other,services,large,0.13,3,0.3889,11,0.744,7,3.34,9126442989,0,0,0,0,0,3,0,0,0.0,5,2067251.0,1,0,0,0,0.0,0.0,0.0,0,0,999,customer,1,0
meta_ads,manufacturing,startup,4.44,0,1.0,0,0.0,2,3.28,72625609,0,0,0,0,0,1,1,0,1.0,2,1277933.0,1,0,0,0,0.0,0.0,0.0,0,0,999,lead,0,0
meta_ads,services,startup,10.59,2,0.3182,15,0.058,7,1.26,37737468,1,0,0,1,1,1,0,0,0.0,0,0.0,0,0,1,0,0.0,0.0,0.0,0,0,999,lead,0,0
other,retail,medium,4.91,3,0.3103,20,0.715,9,5.0,1319484283,3,0,0,0,0,0,0,0,0.0,2,3207894.0,2,1,0,0,0.0,0.0,0.0,0,1,999,prospect,0,0
organic,health,startup,2.94,2,0.3913,14,0.72,9,3.84,63236959,2,1,1,0,0,1,0,0,0.0,4,1983963.0,2,1,3,1,4623139.0,1040619.46,22.51,0,0,999,prospect,0,0
other,manufacturing,startup,5.55,2,0.4,15,0.556,10,5.0,52183746,1,1,0,1,0,2,2,0,1.0,2,2014176.0,1,0,4,1,3700565.0,1844942.86,49.86,0,0,999,prospect,0,0
meta_ads,education,startup,4.63,4,0.7857,3,0.423,11,3.1,70560301,0,1,0,0,0,1,0,0,0.0,1,1643208.0,1,1,2,0,0.0,0.0,0.0,0,0,999,prospect,0,0
meta_ads,health,medium,7.66,0,0.1111,24,0.364,3,3.26,999220576,2,0,0,1,0,1,0,0,0.0,3,1697577.0,1,0,0,0,0.0,0.0,0.0,0,0,999,lead,0,0
referral,health,large,9.33,1,0.0156,63,0.168,1,3.64,9825158591,0,0,0,1,0,0,0,0,0.0,2,1007193.0,1,0,0,0,0.0,0.0,0.0,0,1,999,churned,0,1
meta_ads,services,medium,0.0,2,0.9091,1,0.747,10,4.31,1246961882,0,0,0,0,0,0,0,0,0.0,0,0.0,0,0,1,1,2004122.0,1037875.71,51.79,0,0,999,prospect,0,0
meta_ads,technology,startup,6.38,1,0.0,36,0.017,0,2.47,78509277,2,0,0,0,0,1,1,0,1.0,1,824182.0,0,0,6,0,0.0,0.0,0.0,0,1,999,churned,0,1
meta_ads,retail,medium,4.15,3,0.75,4,0.83,12,2.97,1167578778,0,0,0,0,0,1,0,0,0.0,3,1970608.0,3,0,2,2,5441425.0,3694327.74,67.89,1,0,155,customer,1,0
meta_ads,education,small,3.36,1,0.3333,6,0.552,3,3.26,377215940,2,1,0,0,0,1,1,0,1.0,2,4037454.0,2,0,1,0,0.0,0.0,0.0,0,0,999,customer,1,0
meta_ads,finance,large,3.6,0,0.2857,10,0.614,4,2.41,9640841623,1,0,0,1,0,0,0,0,0.0,3,2478118.0,0,0,0,0,0.0,0.0,0.0,0,0,999,lead,0,0
referral,retail,large,0.19,4,0.6667,1,0.746,2,3.65,8670582624,2,1,0,0,0,1,1,0,1.0,3,2683554.0,2,1,3,1,5254741.0,2487896.68,47.35,0,0,999,customer,1,0
other,manufacturing,startup,3.04,0,0.0132,75,0.437,1,3.01,90921439,2,0,0,1,1,0,0,0,0.0,2,926850.0,0,0,2,0,0.0,0.0,0.0,0,0,999,churned,0,1
meta_ads,other,medium,3.08,3,0.7692,3,0.689,10,4.28,1542182954,1,0,0,0,0,1,1,0,1.0,6,2747293.0,3,1,0,0,0.0,0.0,0.0,0,0,999,customer,1,0
meta_ads,services,medium,3.14,0,0.5833,5,0.276,7,4.38,1095131026,0,1,0,0,0,1,1,0,1.0,0,0.0,0,0,1,1,5118412.0,2823687.08,55.17,0,0,999,prospect,0,0
meta_ads,services,medium,4.06,1,0.1,27,0.249,3,5.0,846552200,0,0,0,0,0,2,2,0,1.0,1,1750391.0,0,0,1,1,703742.0,350051.32,49.74,0,0,999,lead,0,0
meta_ads,services,medium,6.34,0,0.2857,15,0.062,6,4.24,1587191934,0,0,0,0,0,1,0,0,0.0,0,0.0,0,0,0,0,0.0,0.0,0.0,0,0,999,lead,0,0
organic,technology,startup,4.63,2,0.0909,30,0.842,3,1.79,41019694,2,0,0,0,0,1,0,0,0.0,1,1426408.0,1,0,1,1,3279296.0,1350774.76,41.19,0,0,999,lead,0,0
meta_ads,retail,medium,5.94,1,0.037,26,0.082,1,3.51,1545084909,1,0,0,0,1,0,0,0,0.0,0,0.0,0,0,1,1,1368110.0,909871.51,66.51,0,1,999,churned,0,1
referral,other,large,3.47,3,0.75,3,0.913,9,4.04,4218576808,1,0,0,0,0,1,1,0,1.0,4,1427719.0,2,0,3,0,0.0,0.0,0.0,0,0,999,customer,1,0
manual,education,large,4.53,1,0.125,14,0.759,2,4.0,8808100609,1,0,1,0,0,2,0,2,0.0,2,1241333.0,2,1,1,1,457963.0,306155.13,66.85,1,0,98,prospect,0,0
meta_ads,manufacturing,startup,1.11,0,0.3,7,0.149,3,3.41,94558640,1,0,1,0,0,0,0,0,0.0,3,2772606.0,1,0,1,0,0.0,0.0,0.0,0,1,999,lead,0,0
manual,education,startup,6.37,0,0.2,4,0.502,1,1.0,89658050,1,0,0,0,0,1,1,0,1.0,2,1027591.0,0,0,2,0,0.0,0.0,0.0,0,0,999,lead,0,0
meta_ads,other,medium,7.6,0,0.0909,10,0.335,1,3.45,508434329,2,0,0,0,0,1,0,0,0.0,1,856739.0,1,0,0,0,0.0,0.0,0.0,0,0,999,lead,0,0
manual,finance,small,7.33,3,0.1429,18,0.505,3,4.08,220906656,1,0,1,0,0,0,0,0,0.0,1,1637369.0,1,0,0,0,0.0,0.0,0.0,0,0,999,lead,0,0
referral,other,small,9.37,0,0.0517,55,0.093,3,1.68,403501271,0,0,0,0,0,0,0,0,0.0,0,0.0,0,0,3,1,2527806.0,639522.99,25.3,0,0,999,churned,0,1
referral,health,small,3.03,2,0.619,8,0.519,13,3.88,154746743,0,0,0,1,0,2,1,0,0.5,1,2493347.0,1,0,2,2,7905283.0,3208639.53,40.59,1,0,125,customer,1,0
referral,technology,startup,1.57,0,0.0,0,0.333,0,3.37,70595600,0,0,0,0,0,1,0,0,0.0,0,0.0,0,0,2,1,2498039.0,550969.78,22.06,0,0,999,lead,0,0
referral,other,startup,3.13,3,0.2917,17,0.19,7,3.65,30498293,1,0,0,0,0,3,1,0,0.333,5,1224300.0,2,1,0,0,0.0,0.0,0.0,0,0,999,prospect,0,0
other,finance,startup,3.73,0,0.0299,65,0.131,2,3.29,51871830,1,0,0,0,0,2,0,0,0.0,0,0.0,0,0,2,0,0.0,0.0,0.0,0,0,999,churned,0,1
referral,manufacturing,small,3.38,3,0.6786,9,0.721,19,4.02,335096595,2,0,0,0,1,1,1,0,1.0,2,1577014.0,1,1,2,0,0.0,0.0,0.0,0,0,999,customer,1,0
meta_ads,finance,startup,10.03,0,0.0333,58,0.254,2,3.67,82157308,3,0,0,0,0,2,1,0,0.5,1,0.0,0,0,5,2,4523503.0,2163944.33,47.84,1,0,55,churned,0,1
manual,manufacturing,small,4.12,0,0.0,0,0.14,0,2.14,408411672,0,0,0,1,0,2,0,0,0.0,2,1889339.0,1,0,2,0,0.0,0.0,0.0,0,0,999,lead,0,0
referral,manufacturing,enterprise,5.8,1,0.0455,21,0.378,1,2.18,82855916596,2,1,0,0,0,0,0,0,0.0,1,1511871.0,1,0,0,0,0.0,0.0,0.0,0,1,999,lead,0,0
manual,manufacturing,startup,7.09,1,0.125,28,0.27,4,2.63,19161447,1,1,0,0,0,0,0,0,0.0,1,1751861.0,1,0,1,0,0.0,0.0,0.0,0,0,999,lead,0,0
meta_ads,retail,large,2.07,0,0.0909,10,0.455,1,1.33,4136744096,2,1,0,1,1,0,0,0,0.0,0,0.0,0,0,0,0,0.0,0.0,0.0,0,0,999,lead,0,0
meta_ads,finance,medium,3.7,3,0.8462,2,0.696,11,4.15,1582901179,0,0,0,0,0,1,1,0,1.0,6,2666581.0,2,1,2,0,0.0,0.0,0.0,0,0,999,customer,1,0
other,finance,medium,1.87,4,0.3571,18,0.453,10,3.83,1176100586,0,0,0,0,0,2,2,0,1.0,1,3317091.0,1,0,7,0,0.0,0.0,0.0,0,0,999,customer,1,0
meta_ads,technology,medium,5.28,2,0.9286,1,0.45,13,4.03,574990426,2,0,1,0,0,1,0,0,0.0,0,0.0,0,0,0,0,0.0,0.0,0.0,0,0,999,prospect,0,0
meta_ads,manufacturing,large,4.54,1,1.0,0,0.668,7,4.45,7771668703,1,1,0,0,0,2,2,0,1.0,4,2777831.0,2,1,1,1,3342053.0,710111.28,21.25,1,0,106,customer,1,0
organic,education,startup,3.24,1,0.0714,26,0.356,2,1.58,14607760,0,0,0,0,0,0,0,0,0.0,1,1600362.0,1,0,2,1,2538633.0,629628.5,24.8,0,1,999,lead,0,0
other,manufacturing,medium,5.12,0,0.0667,14,0.376,1,3.01,978705011,1,0,0,0,1,0,0,0,0.0,1,19231.0,1,0,2,0,0.0,0.0,0.0,0,1,999,churned,0,1
meta_ads,technology,enterprise,0.24,0,0.5556,4,0.592,5,5.0,14278526360,3,0,1,0,0,2,0,0,0.0,5,1555319.0,2,0,1,1,2289592.0,599073.13,26.17,0,0,999,prospect,0,0
referral,finance,enterprise,3.49,1,0.6667,8,0.421,16,2.87,32960886988,1,0,1,0,0,1,0,0,0.0,3,2198447.0,1,0,3,1,2122548.0,1430462.33,67.39,0,0,999,prospect,0,0
meta_ads,services,large,0.0,3,0.0,8,0.56,0,5.0,2949246964,1,0,0,0,1,2,0,0,0.0,3,1796879.0,1,0,2,1,1763839.0,931790.24,52.83,0,0,999,prospect,0,0
manual,services,medium,3.59,1,0.3889,11,0.517,7,3.59,1408606100,0,0,1,1,0,1,0,0,0.0,1,2251669.0,0,1,1,0,0.0,0.0,0.0,1,0,60,lead,0,0
manual,other,medium,4.62,0,0.2273,17,0.423,5,2.53,1929847544,2,0,0,0,0,2,1,0,0.5,4,508175.0,1,0,1,0,0.0,0.0,0.0,0,0,999,lead,0,0
meta_ads,technology,startup,0.0,0,0.6364,4,0.362,7,4.19,20200706,2,0,1,0,0,2,0,0,0.0,2,1642843.0,2,0,1,1,378087.0,204812.31,54.17,0,0,999,prospect,0,0
manual,technology,large,9.2,2,0.7273,3,0.655,8,4.43,4232838364,3,0,0,0,0,2,1,0,0.5,2,1999835.0,2,1,0,0,0.0,0.0,0.0,0,0,999,prospect,0,0
organic,services,small,4.58,0,0.35,13,0.809,7,4.24,448591576,0,0,0,0,0,2,1,0,0.5,2,1325077.0,1,1,2,0,0.0,0.0,0.0,0,0,999,prospect,0,0
other,health,enterprise,4.06,3,0.6923,4,0.5,9,3.39,99372464404,2,1,0,0,0,0,0,0,0.0,0,0.0,0,0,1,1,430477.0,221282.74,51.4,1,0,62,customer,1,0
manual,other,small,4.42,1,0.0,15,0.607,0,4.24,261455048,1,0,0,0,0,0,0,0,0.0,1,2290399.0,1,0,0,0,0.0,0.0,0.0,0,0,999,lead,0,0
manual,finance,medium,9.49,2,0.0286,34,0.155,1,1.5,1402654535,3,0,1,1,1,0,0,0,0.0,1,2104428.0,1,0,1,0,0.0,0.0,0.0,0,0,999,churned,0,1
organic,health,large,4.69,4,0.8571,2,0.724,12,3.49,7488767932,2,0,1,0,0,1,0,0,0.0,1,0.0,1,0,0,0,0.0,0.0,0.0,0,0,999,prospect,0,0
meta_ads,education,medium,3.76,2,0.1429,6,0.595,1,4.17,1866172185,1,0,0,0,1,2,1,0,0.5,1,1567684.0,1,0,2,2,4144731.0,2166549.29,52.27,0,0,999,prospect,0,0
referral,retail,large,8.54,1,0.1,27,0.438,3,2.33,6959790586,1,0,0,0,1,0,0,0,0.0,0,0.0,0,0,1,1,4222785.0,1044587.48,24.74,0,0,999,lead,0,0
meta_ads,other,medium,3.52,3,0.4706,9,0.542,8,4.8,880505876,1,0,0,0,0,0,0,0,0.0,2,1266522.0,2,0,2,1,2612005.0,1411984.1,54.06,0,1,999,customer,1,0
other,education,medium,0.0,2,0.1,18,0.442,2,2.42,1958820320,1,0,0,0,0,0,0,0,0.0,1,1544454.0,0,0,1,0,0.0,0.0,0.0,0,0,999,lead,0,0
manual,other,startup,3.44,0,0.0909,20,0.479,2,4.72,15538022,0,0,0,1,0,0,0,0,0.0,0,0.0,0,0,0,0,0.0,0.0,0.0,0,0,999,lead,0,0
meta_ads,services,startup,1.07,1,0.8333,2,0.768,10,4.12,19983163,1,0,0,1,0,1,1,0,1.0,0,0.0,0,0,3,1,1586165.0,331109.01,20.87,1,1,152,customer,1,0
other,finance,medium,6.34,3,0.0909,20,0.27,2,3.47,1990153927,0,0,0,1,0,0,0,0,0.0,0,0.0,0,0,2,0,0.0,0.0,0.0,0,1,999,lead,0,0
meta_ads,other,startup,0.0,2,0.25,15,0.591,5,3.28,91127994,1,1,0,0,0,1,1,0,1.0,1,2920124.0,1,0,1,1,2376983.0,1505864.31,63.35,0,0,999,prospect,0,0
other,education,enterprise,0.0,1,0.4545,6,0.842,5,3.89,72786903336,2,0,0,0,0,1,0,0,0.0,1,2917636.0,1,1,2,0,0.0,0.0,0.0,0,1,999,customer,1,0
meta_ads,technology,large,4.08,1,1.0,0,0.692,1,2.82,3355694081,0,0,0,0,0,2,2,0,1.0,1,2379272.0,1,1,1,1,4242866.0,2118143.15,49.92,1,0,50,prospect,0,0
other,retail,small,2.97,1,0.8333,1,0.85,5,2.79,176532012,2,0,0,0,0,1,1,0,1.0,2,1756990.0,2,0,1,1,2957538.0,1144717.56,38.71,0,0,999,customer,1,0
other,retail,large,0.28,0,1.0,0,0.731,6,4.87,7331093516,1,0,0,0,0,0,0,0,0.0,1,1400822.0,1,0,2,1,1171378.0,639919.83,54.63,0,0,999,prospect,0,0
manual,other,medium,7.64,0,0.2188,25,0.531,7,3.6,1409372089,1,0,0,1,0,0,0,0,0.0,3,1239760.0,1,0,1,1,3087189.0,929008.83,30.09,0,0,999,lead,0,0
manual,technology,small,4.96,1,0.7,3,0.218,7,4.75,462096775,0,0,0,0,0,1,0,0,0.0,2,2569532.0,2,0,1,1,4654853.0,1470539.38,31.59,0,0,999,prospect,0,0
manual,health,medium,3.67,0,0.0,16,0.265,0,3.01,1688514367,0,0,0,1,0,1,0,0,0.0,0,0.0,0,0,1,0,0.0,0.0,0.0,0,0,999,lead,0,0
meta_ads,health,startup,3.05,1,0.2143,11,0.617,3,4.23,25378214,1,0,0,0,0,1,1,0,1.0,1,2217006.0,1,1,5,0,0.0,0.0,0.0,0,0,999,prospect,0,0
referral,health,small,4.33,1,0.5385,6,0.946,7,4.26,149612972,0,1,1,0,0,1,0,0,0.0,1,2518572.0,1,1,1,0,0.0,0.0,0.0,0,0,999,prospect,0,0
referral,education,small,7.46,0,0.069,27,0.454,2,1.0,227412587,1,0,0,1,0,2,1,0,0.5,0,0.0,0,0,0,0,0.0,0.0,0.0,0,1,999,churned,0,1
manual,retail,startup,0.41,2,0.25,9,0.147,3,2.5,81835005,2,0,0,0,0,1,0,0,0.0,2,1591147.0,1,0,1,0,0.0,0.0,0.0,0,0,999,lead,0,0
other,education,small,12.27,0,0.0326,89,0.384,3,3.42,427271859,2,0,0,0,0,1,0,1,0.0,1,1852579.0,0,1,2,0,0.0,0.0,0.0,0,0,999,churned,0,1
organic,health,medium,1.35,0,0.75,5,0.444,15,3.78,1288568303,0,0,0,0,0,1,1,0,1.0,4,1329232.0,2,1,5,2,6413554.0,1939606.22,30.24,0,0,999,customer,1,0
meta_ads,manufacturing,medium,10.74,2,0.2,24,0.436,6,2.36,1002649545,1,0,1,0,1,2,1,0,0.5,1,1157936.0,1,0,0,0,0.0,0.0,0.0,0,0,999,lead,0,0
organic,retail,enterprise,3.26,2,0.625,6,0.734,10,4.67,68902700196,2,1,1,0,0,2,2,0,1.0,3,3585604.0,2,0,1,1,3392108.0,2261489.88,66.67,0,0,999,prospect,0,0
manual,retail,small,5.18,0,0.05,57,0.501,3,4.97,198323448,0,0,1,0,0,0,0,0,0.0,0,0.0,0,0,3,0,0.0,0.0,0.0,0,1,999,churned,0,1
organic,technology,medium,5.08,0,0.2353,13,0.294,4,3.57,1587647187,0,0,0,0,0,1,0,0,0.0,1,709078.0,1,0,0,0,0.0,0.0,0.0,0,0,999,lead,0,0
referral,services,small,0.0,3,0.5294,8,1.0,9,3.37,229363180,2,0,0,0,0,1,1,0,1.0,2,3478035.0,2,1,1,0,0.0,0.0,0.0,1,0,167,customer,1,0
referral,retail,small,1.01,3,0.3889,11,0.67,7,4.29,149591197,0,0,0,1,0,1,0,0,0.0,2,1801773.0,2,1,2,2,3822078.0,1092568.93,28.59,0,0,999,customer,1,0
organic,manufacturing,small,10.55,4,0.1429,24,0.016,4,2.98,223491092,2,0,0,0,0,0,0,0,0.0,2,1238352.0,1,0,1,1,1544182.0,475482.89,30.79,0,0,999,lead,0,0
referral,manufacturing,medium,2.49,0,0.2,12,0.429,3,2.89,1021414463,2,0,0,0,0,1,1,0,1.0,2,1499963.0,0,1,2,1,1815293.0,1265088.22,69.69,0,0,999,lead,0,0
manual,finance,medium,3.64,2,0.3846,8,0.605,5,1.92,1108326154,2,1,1,1,0,2,0,0,0.0,2,1163830.0,1,1,1,0,0.0,0.0,0.0,0,0,999,lead,0,0
meta_ads,finance,large,3.14,2,0.75,2,0.546,6,4.14,2199768198,0,0,0,0,0,0,0,0,0.0,2,1173975.0,2,0,2,2,1903952.0,1269185.89,66.66,0,1,999,prospect,0,0
manual,other,large,3.3,3,0.4545,18,0.438,15,4.47,6790631327,1,1,0,0,0,1,1,0,1.0,2,2245971.0,2,1,2,1,3815656.0,2556000.36,66.99,0,0,999,prospect,0,0
organic,manufacturing,medium,0.59,0,0.5294,8,0.182,9,3.79,618410417,1,0,1,0,0,1,0,0,0.0,3,3277895.0,2,1,2,1,3506569.0,701603.98,20.01,0,0,999,prospect,0,0
organic,manufacturing,medium,3.62,1,0.0769,24,0.363,2,3.07,1649936408,2,0,0,1,0,0,0,0,0.0,0,0.0,0,0,0,0,0.0,0.0,0.0,1,0,2,lead,0,0
referral,finance,startup,1.06,0,1.0,0,0.471,6,4.07,38609378,0,0,0,0,1,2,0,0,0.0,0,0.0,0,0,1,0,0.0,0.0,0.0,1,0,115,lead,0,0
organic,services,medium,2.97,0,0.25,9,0.215,3,3.44,1280840961,1,0,0,1,0,0,0,0,0.0,1,1689647.0,1,0,1,1,588486.0,171306.17,29.11,0,0,999,lead,0,0
meta_ads,manufacturing,small,7.68,1,0.0,44,0.65,0,1.77,351667892,2,0,0,0,0,1,0,0,0.0,3,1972049.0,0,0,0,0,0.0,0.0,0.0,0,0,999,lead,0,0
manual,education,large,0.0,1,1.0,0,0.518,12,4.57,8967938585,2,0,0,0,0,0,0,0,0.0,1,746269.0,1,0,4,0,0.0,0.0,0.0,1,0,10,customer,1,0
manual,technology,small,7.56,0,0.0,0,0.311,0,2.76,443454846,2,0,0,0,0,2,0,0,0.0,0,0.0,0,0,0,0,0.0,0.0,0.0,0,0,999,lead,0,0
meta_ads,education,small,4.18,2,0.1667,15,0.17,3,3.75,367212366,2,0,0,0,0,0,0,0,0.0,1,1732860.0,1,0,0,0,0.0,0.0,0.0,0,0,999,lead,0,0
referral,health,large,0.45,2,0.375,5,0.706,3,3.71,3454375050,2,0,0,1,0,0,0,0,0.0,1,2296424.0,1,0,3,1,1681648.0,367060.74,21.83,0,0,999,prospect,0,0
manual,education,small,3.31,1,0.6,4,0.328,6,3.85,408374814,2,0,0,0,0,1,0,0,0.0,1,1354585.0,1,0,2,1,4288780.0,954558.21,22.26,1,0,11,prospect,0,0
meta_ads,education,medium,0.94,1,0.0526,18,0.496,1,2.46,1405357028,1,0,0,0,0,2,2,0,1.0,0,0.0,0,0,0,0,0.0,0.0,0.0,0,0,999,lead,0,0
meta_ads,other,small,2.22,0,0.1132,47,0.741,6,4.74,373701606,2,0,0,0,1,1,0,0,0.0,2,1241595.0,0,0,1,0,0.0,0.0,0.0,1,0,115,lead,0,0
manual,retail,enterprise,5.86,3,0.0,9,0.215,0,4.75,11105703608,0,0,0,0,0,2,1,0,0.5,1,636812.0,1,1,3,0,0.0,0.0,0.0,1,0,33,prospect,0,0
manual,finance,small,4.28,4,0.4,12,0.486,8,4.67,290462319,1,0,0,0,0,2,2,0,1.0,1,3771714.0,1,0,1,1,5026759.0,1803821.22,35.88,1,0,87,customer,1,0
meta_ads,health,small,6.26,0,0.0,25,0.26,0,2.44,413503035,1,0,0,0,0,0,0,0,0.0,3,1176931.0,0,1,1,0,0.0,0.0,0.0,0,0,999,lead,0,0
referral,services,medium,2.92,1,0.3,7,0.644,3,4.12,1072305181,1,0,0,0,0,0,0,0,0.0,1,2221934.0,1,1,4,2,9841836.0,5848201.28,59.42,1,0,15,customer,1,0
meta_ads,education,medium,3.14,0,0.0714,39,0.296,3,2.06,1593387350,2,0,0,1,0,0,0,2,0.0,0,0.0,0,0,0,0,0.0,0.0,0.0,0,1,999,churned,0,1
manual,health,small,6.85,2,0.5,11,0.108,11,2.91,250549949,0,1,0,0,0,1,0,2,0.0,2,2028545.0,2,1,0,0,0.0,0.0,0.0,1,0,52,prospect,0,0
other,technology,small,0.0,1,0.5714,6,0.618,8,4.26,368878146,3,0,1,0,0,0,0,0,0.0,0,0.0,0,0,2,0,0.0,0.0,0.0,0,0,999,customer,1,0
manual,manufacturing,small,12.22,1,0.06,47,0.064,3,1.68,451585888,0,0,0,1,0,0,0,0,0.0,2,193826.0,1,1,0,0,0.0,0.0,0.0,0,0,999,churned,0,1
organic,manufacturing,startup,6.25,1,0.6316,7,0.87,12,4.0,81718490,2,0,0,1,0,0,0,0,0.0,2,3346045.0,1,1,4,2,5376126.0,1516984.69,28.22,0,0,999,customer,1,0
meta_ads,health,small,1.16,1,0.75,2,0.624,6,3.52,383257953,0,0,0,0,0,2,1,0,0.5,4,1430551.0,2,0,1,1,3588170.0,1663095.04,46.35,1,0,5,prospect,0,0
meta_ads,manufacturing,large,2.33,0,0.1471,29,0.246,5,1.12,5605581945,2,0,0,1,0,1,0,0,0.0,0,0.0,0,0,0,0,0.0,0.0,0.0,1,0,134,lead,0,0
organic,retail,small,0.0,1,0.125,7,0.351,1,3.28,379845310,2,0,1,0,0,1,1,0,1.0,3,2308924.0,1,0,2,1,1687966.0,1125109.58,66.65,1,0,127,prospect,0,0
meta_ads,education,medium,5.0,0,0.0714,39,0.168,3,1.6,571248362,1,0,0,1,1,0,0,0,0.0,0,0.0,0,0,2,2,3623920.0,1235502.39,34.09,0,1,999,churned,0,1
other,technology,small,2.49,0,1.0,0,0.52,11,4.01,296846702,0,0,0,0,0,0,0,0,0.0,1,2334614.0,1,1,4,0,0.0,0.0,0.0,0,0,999,customer,1,0
meta_ads,health,small,2.94,1,0.2143,11,0.491,3,4.04,124025995,1,0,1,0,0,1,1,0,1.0,1,2832894.0,1,1,1,1,166.0,99.24,59.94,0,0,999,prospect,0,0
meta_ads,manufacturing,large,5.32,3,0.6,10,0.78,15,5.0,4198700407,0,0,0,0,0,0,0,0,0.0,2,2378193.0,1,1,0,0,0.0,0.0,0.0,0,0,999,prospect,0,0
referral,health,small,7.45,1,0.1667,40,0.163,8,4.84,339030320,2,0,0,0,0,0,0,0,0.0,0,0.0,0,0,0,0,0.0,0.0,0.0,0,0,999,lead,0,0
meta_ads,services,medium,4.48,2,0.0588,16,0.294,1,3.02,1618265205,2,0,0,0,1,1,0,0,0.0,1,648315.0,1,1,1,1,832559.0,272165.76,32.69,0,0,999,lead,0,0
meta_ads,education,small,2.67,2,0.24,19,0.507,6,2.73,438224476,2,0,1,0,0,2,0,0,0.0,1,1733608.0,1,0,3,0,0.0,0.0,0.0,0,1,999,lead,0,0
meta_ads,services,small,1.32,0,0.0,29,0.238,0,3.21,379395570,1,0,0,0,0,2,1,2,0.5,1,1044633.0,1,0,2,0,0.0,0.0,0.0,0,0,999,lead,0,0
manual,health,startup,4.29,1,0.0385,25,0.344,1,3.08,76884730,1,0,0,0,0,3,2,0,0.667,1,1884830.0,1,0,0,0,0.0,0.0,0.0,0,0,999,lead,0,0
other,retail,small,0.92,0,1.0,0,0.298,4,2.33,236563862,0,0,0,0,0,0,0,0,0.0,0,0.0,0,0,1,0,0.0,0.0,0.0,0,0,999,lead,0,0
manual,services,small,7.52,1,0.3333,16,0.523,8,4.18,439335459,1,0,0,0,0,2,0,0,0.0,3,1967005.0,1,0,3,3,0.0,0.0,21.07,0,0,999,prospect,0,0
other,manufacturing,large,2.05,0,0.2857,10,0.094,4,5.0,2094399171,0,0,0,0,0,0,0,0,0.0,0,0.0,0,0,2,0,0.0,0.0,0.0,0,0,999,lead,0,0
organic,other,medium,1.42,0,0.1489,40,0.436,7,4.3,888910523,2,0,1,0,0,2,0,0,0.0,0,0.0,0,0,0,0,0.0,0.0,0.0,0,0,999,lead,0,0
other,finance,small,4.74,1,1.0,0,0.847,7,3.8,374917046,3,0,0,0,0,0,0,0,0.0,1,2487233.0,1,1,5,0,0.0,0.0,0.0,1,0,78,customer,1,0
other,education,large,1.16,3,1.0,0,0.598,12,3.77,3728140623,1,0,0,0,0,3,3,0,1.0,2,3296799.0,1,0,1,1,2546278.0,1130630.89,44.4,0,0,999,customer,1,0
meta_ads,other,large,10.2,1,0.1613,26,0.368,5,4.02,8747001950,2,0,0,0,0,0,0,0,0.0,1,1691245.0,1,0,0,0,0.0,0.0,0.0,0,0,999,lead,0,0
organic,education,small,0.77,0,0.3,14,0.708,6,3.5,129838783,0,0,0,0,0,2,1,0,0.5,0,0.0,0,0,1,1,3057256.0,1259672.85,41.2,0,1,999,prospect,0,0
manual,manufacturing,large,8.35,0,0.08,23,0.507,2,3.45,9888419113,0,0,0,0,0,0,0,0,0.0,3,1339253.0,0,0,0,0,0.0,0.0,0.0,1,0,128,lead,0,0
organic,services,large,6.39,0,0.0303,32,0.329,1,1.81,8097497883,1,0,0,1,0,0,0,0,0.0,1,985574.0,1,0,1,0,0.0,0.0,0.0,0,0,999,lead,0,0
meta_ads,finance,small,6.74,0,0.7778,2,0.412,7,1.21,299873702,2,0,0,0,0,2,1,0,0.5,1,1267981.0,1,0,3,2,5528083.0,1456098.54,26.34,0,0,999,lead,0,0
meta_ads,retail,small,8.47,1,0.2,16,0.342,4,3.34,269397765,1,0,0,1,0,2,0,0,0.0,1,2342883.0,0,1,0,0,0.0,0.0,0.0,0,1,999,lead,0,0
other,education,startup,2.33,0,0.0435,22,0.529,1,1.91,37270603,0,0,0,0,0,0,0,0,0.0,2,649914.0,1,1,1,0,0.0,0.0,0.0,0,0,999,churned,0,1
meta_ads,health,medium,3.81,2,0.6364,4,0.621,7,3.06,1073957990,1,0,0,0,0,1,0,0,0.0,1,1904290.0,1,0,1,1,2340584.0,1320452.46,56.42,1,0,119,prospect,0,0
referral,retail,medium,10.98,0,0.0102,97,0.324,1,3.29,950411195,2,0,0,0,0,0,0,2,0.0,0,0.0,0,0,0,0,0.0,0.0,0.0,0,1,999,churned,0,1
meta_ads,other,small,0.0,0,0.7692,3,0.508,10,5.0,473831945,2,0,1,0,0,0,0,0,0.0,2,3197944.0,2,1,2,2,8141205.0,2984922.37,36.66,1,0,139,customer,1,0
organic,technology,enterprise,4.34,1,0.7778,2,0.588,7,3.16,91422262724,2,0,0,0,0,3,1,0,0.333,2,1337700.0,1,0,0,0,0.0,0.0,0.0,0,0,999,prospect,0,0
manual,other,small,4.43,0,0.0,57,0.651,0,1.59,412034383,1,0,0,0,0,0,0,0,0.0,1,1095328.0,1,0,3,1,1262044.0,323859.77,25.66,0,0,999,churned,0,1
manual,finance,medium,5.84,1,0.625,3,0.744,5,2.11,644798833,1,0,0,0,1,0,0,0,0.0,1,1259060.0,0,0,2,1,1620647.0,930494.49,57.42,0,0,999,lead,0,0
referral,manufacturing,small,3.3,0,0.4706,9,0.333,8,3.62,167466775,1,0,0,0,0,0,0,0,0.0,1,3246764.0,1,1,1,1,2054766.0,1308041.03,63.66,0,0,999,prospect,0,0
organic,retail,large,7.65,3,0.32,17,0.563,8,3.82,7748498503,1,1,0,1,0,1,0,0,0.0,2,1666561.0,2,0,1,1,4354345.0,2486896.1,57.11,0,0,999,prospect,0,0
organic,health,medium,3.02,3,0.7333,4,0.493,11,2.75,1001649676,1,0,0,1,0,0,0,0,0.0,3,3043905.0,1,1,2,0,0.0,0.0,0.0,0,0,999,customer,1,0
meta_ads,technology,large,7.89,0,0.5,4,0.218,4,4.37,6301096177,0,0,0,0,0,2,0,2,0.0,0,0.0,0,0,1,1,0.0,0.0,61.31,0,0,999,lead,0,0
organic,education,large,5.09,0,0.0175,56,0.53,1,2.12,6486670624,0,0,0,0,1,1,0,0,0.0,0,0.0,0,0,0,0,0.0,0.0,0.0,0,0,999,churned,0,1
manual,services,startup,13.66,0,0.1944,29,0.279,7,2.49,14147622,1,0,0,0,0,1,0,0,0.0,0,0.0,0,0,2,0,0.0,0.0,0.0,0,0,999,lead,0,0
other,services,medium,1.95,1,0.4167,14,0.715,10,3.84,800787616,2,1,0,0,0,2,0,0,0.0,1,2005277.0,1,1,3,0,0.0,0.0,0.0,0,0,999,prospect,0,0
referral,retail,small,3.33,1,0.4545,6,0.726,5,4.34,249595114,0,1,1,0,0,2,1,0,0.5,3,3551852.0,2,1,1,0,0.0,0.0,0.0,0,0,999,prospect,0,0
manual,other,startup,1.0,1,0.0,17,0.607,0,4.26,19185030,0,1,0,0,0,0,0,0,0.0,1,2515751.0,1,0,4,2,12182059.0,7163588.47,58.8,0,0,999,prospect,0,0
other,manufacturing,large,6.92,0,0.0,69,0.263,0,2.96,5288396758,1,0,0,0,0,0,0,2,0.0,2,1050700.0,0,0,1,0,0.0,0.0,0.0,0,1,999,churned,0,1
referral,services,medium,0.06,3,1.0,0,0.878,9,4.61,1468583321,0,0,0,0,0,1,0,0,0.0,4,2391370.0,3,1,3,0,0.0,0.0,0.0,0,0,999,customer,1,0
organic,health,large,4.79,3,1.0,0,0.726,11,4.13,8300770601,2,0,0,0,0,2,2,0,1.0,2,2449654.0,1,1,3,2,333101.0,165390.73,49.65,0,0,999,prospect,0,0
organic,retail,small,0.0,2,0.5,4,0.711,4,4.24,144993501,0,1,1,1,0,3,2,0,0.667,1,2665221.0,1,0,1,1,22398.0,14663.99,65.47,0,0,999,prospect,0,0
referral,services,medium,3.74,0,0.0,25,0.674,0,5.0,1260171365,2,0,0,0,0,1,0,0,0.0,1,1489640.0,1,0,0,0,0.0,0.0,0.0,0,0,999,lead,0,0
organic,health,small,5.42,3,0.6875,5,0.539,11,3.92,476575843,3,0,0,0,0,0,0,0,0.0,3,3420070.0,3,1,1,0,0.0,0.0,0.0,1,0,126,customer,1,0
organic,education,large,0.0,1,0.2,12,0.147,3,1.52,6287041431,1,0,0,0,1,0,0,0,0.0,0,0.0,0,0,1,0,0.0,0.0,0.0,0,0,999,lead,0,0
other,other,small,3.74,0,0.0556,68,0.0,4,1.61,415897890,2,0,1,1,0,0,0,0,0.0,0,0.0,0,0,0,0,0.0,0.0,0.0,0,0,999,churned,0,1
organic,retail,small,2.64,0,0.4286,12,0.682,9,4.14,136080752,1,1,0,0,0,1,0,0,0.0,3,1593647.0,2,0,1,1,1123632.0,412264.27,36.69,1,0,9,prospect,0,0
meta_ads,other,startup,4.44,1,0.125,21,0.775,3,3.16,26266662,1,0,0,0,0,0,0,0,0.0,1,828370.0,0,0,0,0,0.0,0.0,0.0,1,0,125,lead,0,0
other,education,small,7.8,1,0.1667,15,0.535,3,1.59,318533312,0,0,0,0,0,1,0,0,0.0,1,1462352.0,0,0,1,1,321720.0,112116.73,34.85,0,0,999,lead,0,0
meta_ads,other,small,3.02,4,1.0,0,0.47,5,5.0,149621448,0,1,0,0,0,1,0,0,0.0,0,0.0,0,0,4,1,3862916.0,1544160.51,39.97,0,0,999,prospect,0,0
manual,finance,startup,8.1,3,0.3333,6,0.074,3,2.39,89127787,2,1,0,0,0,0,0,0,0.0,0,0.0,0,0,0,0,0.0,0.0,0.0,0,0,999,lead,0,0
referral,technology,medium,8.34,1,0.2,16,0.604,4,2.88,1793292707,1,0,0,0,1,0,0,0,0.0,1,1671936.0,0,0,1,1,3258279.0,1235199.28,37.91,0,1,999,lead,0,0
organic,retail,startup,10.44,0,0.3,7,0.192,3,2.02,49100309,1,0,1,0,0,0,0,0,0.0,2,1856459.0,0,1,2,1,4386212.0,2060408.03,46.97,0,0,999,lead,0,0
manual,finance,enterprise,2.25,2,1.0,0,0.625,10,5.0,63996292274,2,0,1,0,0,0,0,0,0.0,3,2522483.0,1,1,7,1,2031595.0,446204.6,21.96,1,0,113,customer,1,0
manual,other,enterprise,5.92,0,0.0,2,0.214,0,3.68,32625461027,2,0,0,0,0,1,0,0,0.0,0,0.0,0,0,0,0,0.0,0.0,0.0,0,0,999,lead,0,0
manual,technology,enterprise,10.12,0,0.0,29,0.185,0,2.1,80055800957,2,0,0,0,0,0,0,0,0.0,1,1084125.0,1,0,0,0,0.0,0.0,0.0,0,1,999,churned,0,1
referral,other,medium,3.05,1,0.5714,9,0.624,12,2.59,1456876104,1,1,0,0,0,2,0,0,0.0,5,1967852.0,1,0,1,1,0.0,0.0,62.2,1,0,58,customer,1,0
meta_ads,manufacturing,enterprise,8.56,1,1.0,0,0.338,7,4.13,66180720162,2,0,0,0,0,0,0,0,0.0,2,835520.0,1,1,1,0,0.0,0.0,0.0,0,0,999,lead,0,0
organic,technology,medium,7.41,1,0.2083,19,0.693,5,3.87,1046105706,1,0,0,0,0,1,0,0,0.0,2,2272177.0,2,0,1,1,3557651.0,1190578.28,33.47,0,0,999,prospect,0,0
manual,other,medium,8.34,0,0.0968,28,0.358,3,4.69,1745865211,1,1,0,0,0,2,0,0,0.0,1,2348691.0,0,1,2,0,0.0,0.0,0.0,0,0,999,lead,0,0
organic,technology,medium,2.52,1,0.8462,2,0.879,11,4.18,901864285,0,0,0,0,0,0,0,0,0.0,1,2504621.0,1,1,0,0,0.0,0.0,0.0,1,0,2,customer,1,0
manual,manufacturing,large,2.67,1,0.0,33,0.576,0,3.87,3550353330,1,0,0,0,0,0,0,0,0.0,1,2002391.0,1,1,2,1,1566138.0,791560.37,50.54,0,0,999,prospect,0,0
referral,services,small,4.65,1,0.5455,5,0.598,6,4.77,268598513,1,1,0,0,0,0,0,0,0.0,3,3015425.0,2,1,2,2,5070735.0,2539941.62,50.09,0,1,999,customer,1,0
referral,education,startup,0.0,0,0.7778,4,0.572,14,4.03,92875475,1,0,0,0,0,1,1,0,1.0,4,3009034.0,1,1,2,0,0.0,0.0,0.0,1,0,52,customer,1,0
meta_ads,retail,medium,14.96,0,0.0755,49,0.0,4,2.64,832502887,1,0,0,0,0,1,0,0,0.0,1,464014.0,0,1,2,0,0.0,0.0,0.0,1,0,43,churned,0,1
referral,finance,medium,6.97,0,0.0,36,0.692,0,1.35,1672945474,2,0,0,0,0,1,1,0,1.0,1,1305680.0,0,0,0,0,0.0,0.0,0.0,0,0,999,lead,0,0
meta_ads,retail,startup,3.58,1,0.2632,14,0.186,5,3.33,33059871,1,0,0,0,0,0,0,0,0.0,1,664519.0,1,0,0,0,0.0,0.0,0.0,0,0,999,lead,0,0
manual,education,medium,6.45,2,0.0667,14,0.709,1,1.53,822356742,2,1,1,0,0,0,0,0,0.0,3,2090576.0,1,1,4,0,0.0,0.0,0.0,0,0,999,prospect,0,0
manual,services,large,2.33,3,0.2353,13,0.484,4,3.86,2258352287,1,0,1,0,0,2,1,0,0.5,2,1731434.0,2,0,1,0,0.0,0.0,0.0,0,1,999,prospect,0,0
meta_ads,manufacturing,large,0.06,2,1.0,0,0.795,6,2.92,2238052851,2,0,0,0,1,3,1,2,0.333,0,0.0,0,0,1,1,0.0,0.0,24.08,0,0,999,prospect,0,0
referral,services,large,1.35,1,0.8125,3,0.791,13,4.49,6112568350,2,1,1,0,0,1,1,0,1.0,4,3362475.0,1,0,2,0,0.0,0.0,0.0,1,1,106,customer,1,0
organic,manufacturing,small,5.84,0,0.2609,17,0.332,6,3.33,234740196,1,0,0,0,0,1,1,0,1.0,0,0.0,0,0,0,0,0.0,0.0,0.0,0,0,999,lead,0,0
meta_ads,other,large,2.79,2,1.0,0,0.499,9,4.78,2256781123,1,1,1,0,0,1,1,0,1.0,0,0.0,0,0,1,1,1778179.0,783720.65,44.07,0,0,999,prospect,0,0
other,technology,enterprise,10.12,0,0.0606,31,0.406,2,2.1,92132376434,1,0,0,1,0,0,0,0,0.0,1,714067.0,0,0,1,1,1602143.0,715097.1,44.63,0,1,999,churned,0,1
meta_ads,other,medium,0.0,0,0.0444,43,0.298,2,2.92,1244557920,1,0,0,0,0,2,1,0,0.5,1,1474513.0,0,0,0,0,0.0,0.0,0.0,0,1,999,churned,0,1
meta_ads,services,enterprise,0.96,2,0.2105,15,0.673,4,3.56,90015077525,1,0,0,1,0,0,0,0,0.0,1,1656000.0,0,0,1,1,2644211.0,1314306.62,49.71,0,0,999,lead,0,0
manual,health,medium,4.63,2,0.4286,4,0.348,3,3.64,1915933885,1,0,0,0,0,1,1,0,1.0,1,2731872.0,1,1,3,0,0.0,0.0,0.0,0,1,999,customer,1,0
meta_ads,other,medium,0.83,1,0.0,8,0.598,0,2.5,852754551,1,0,0,0,1,1,0,0,0.0,1,1068595.0,0,0,0,0,0.0,0.0,0.0,0,0,999,lead,0,0
meta_ads,other,small,6.52,1,0.2857,5,0.406,2,3.59,213616306,1,0,1,0,0,3,1,0,0.333,1,1856879.0,1,1,2,0,0.0,0.0,0.0,0,0,999,lead,0,0
referral,education,small,4.38,0,0.4737,10,0.494,9,3.51,450508799,1,0,1,0,0,0,0,0,0.0,0,0.0,0,0,3,1,695097.0,234929.04,33.8,0,0,999,prospect,0,0
referral,retail,medium,1.44,3,0.4615,7,1.0,6,4.16,1669965744,0,1,1,0,0,3,3,0,1.0,3,2669427.0,3,1,0,0,0.0,0.0,0.0,1,1,113,customer,1,0
manual,health,small,0.94,1,0.0,0,0.452,0,3.85,111438588,0,1,0,0,0,0,0,0,0.0,1,1841315.0,1,0,0,0,0.0,0.0,0.0,1,1,169,prospect,0,0
organic,health,small,3.88,0,0.026,75,0.059,2,2.39,160297303,3,0,0,1,0,1,0,0,0.0,1,406448.0,0,0,1,0,0.0,0.0,0.0,0,0,999,churned,0,1
manual,manufacturing,medium,4.99,0,0.2941,12,0.331,5,1.84,545426289,1,0,0,0,0,0,0,0,0.0,0,0.0,0,0,1,0,0.0,0.0,0.0,0,0,999,lead,0,0
referral,retail,startup,3.23,0,0.15,17,0.49,3,3.79,49937283,1,0,0,0,0,0,0,0,0.0,0,0.0,0,0,1,0,0.0,0.0,0.0,0,0,999,lead,0,0
meta_ads,retail,startup,4.95,1,0.0309,94,0.305,3,1.0,17588133,0,0,0,1,1,0,0,0,0.0,0,0.0,0,0,1,0,0.0,0.0,0.0,1,0,8,churned,0,1
organic,finance,small,6.4,1,0.093,39,0.365,4,5.0,351623192,1,0,0,0,0,1,0,0,0.0,2,1643915.0,0,0,2,0,0.0,0.0,0.0,0,0,999,lead,0,0
meta_ads,retail,enterprise,3.76,0,1.0,0,0.766,10,3.15,25549853472,1,0,0,0,0,1,1,0,1.0,1,2891922.0,1,1,4,2,2567785.0,1781632.31,69.38,0,0,999,customer,1,0
manual,retail,startup,4.04,3,0.625,3,0.081,5,2.47,64066802,2,0,0,0,0,1,0,1,0.0,1,1400687.0,1,0,0,0,0.0,0.0,0.0,0,0,999,lead,0,0
referral,finance,startup,1.96,3,0.7273,3,0.615,8,4.49,46958823,0,0,1,0,0,1,1,0,1.0,1,2969056.0,1,1,3,1,3617441.0,2470335.26,68.29,1,0,8,customer,1,0
organic,retail,small,1.4,1,0.1786,23,0.378,5,3.8,176621120,1,0,0,1,0,0,0,0,0.0,1,1927478.0,1,0,1,0,0.0,0.0,0.0,0,0,999,prospect,0,0
meta_ads,retail,medium,8.58,2,0.3182,15,0.839,7,5.0,1858143520,2,1,0,0,0,2,1,0,0.5,2,2021480.0,2,1,4,1,4574978.0,1022300.83,22.35,0,0,999,prospect,0,0
referral,retail,enterprise,3.39,2,0.3333,12,0.651,6,3.72,19121061802,2,0,0,0,0,2,1,0,0.5,4,3015163.0,1,1,2,1,2395398.0,562572.72,23.49,1,1,149,customer,1,0
other,services,large,4.97,3,0.4,9,0.481,6,4.83,7662170791,2,1,0,0,0,1,1,0,1.0,1,889382.0,1,0,2,2,6296220.0,1653924.87,26.27,0,0,999,prospect,0,0
referral,retail,small,6.08,1,0.0299,65,0.0,2,3.63,126040102,2,0,0,0,1,0,0,0,0.0,1,955623.0,1,0,0,0,0.0,0.0,0.0,0,1,999,churned,0,1
organic,education,large,4.32,0,0.2222,14,0.874,4,3.4,8769174126,2,0,0,0,0,0,0,0,0.0,1,1414818.0,1,1,1,1,5382073.0,2037394.33,37.86,0,0,999,customer,1,0
organic,finance,medium,7.96,1,0.0976,37,0.0,4,2.49,1559614270,2,0,0,0,0,0,0,0,0.0,2,1673583.0,0,0,3,1,3742805.0,1108787.88,29.62,0,0,999,churned,0,1
manual,other,medium,4.36,3,1.0,0,0.779,11,4.86,1890383006,2,0,0,0,0,1,1,0,1.0,1,3662498.0,1,1,1,0,0.0,0.0,0.0,0,0,999,customer,1,0
manual,technology,small,10.91,0,0.0,14,0.053,0,5.0,428179782,1,0,0,0,0,0,0,0,0.0,1,1981218.0,1,0,0,0,0.0,0.0,0.0,0,0,999,lead,0,0
meta_ads,education,startup,1.62,0,1.0,0,0.414,5,2.92,63302393,2,0,0,0,0,1,1,0,1.0,1,1144349.0,1,1,1,0,0.0,0.0,0.0,0,0,999,prospect,0,0
organic,finance,large,1.78,0,0.375,10,0.684,6,4.61,5562910651,2,1,1,1,0,1,0,0,0.0,4,2322096.0,2,1,4,1,2256630.0,513039.99,22.73,0,0,999,prospect,0,0
manual,manufacturing,enterprise,6.0,2,0.0,6,0.832,0,4.71,57768770036,2,0,0,0,0,2,0,0,0.0,3,1695971.0,2,0,1,1,3741608.0,1007029.19,26.91,0,0,999,prospect,0,0
meta_ads,services,startup,3.04,1,0.2143,11,0.139,3,2.82,40930955,1,0,0,1,1,0,0,0,0.0,1,2107580.0,1,0,1,0,0.0,0.0,0.0,0,1,999,churned,0,1
organic,technology,startup,6.1,0,0.0385,25,0.499,1,3.32,91282954,1,0,1,0,0,1,1,0,1.0,1,1413096.0,1,0,0,0,0.0,0.0,0.0,1,0,136,lead,0,0
organic,health,startup,4.15,1,0.0303,64,0.325,2,3.45,98906422,1,0,0,0,0,0,0,0,0.0,0,0.0,0,0,1,0,0.0,0.0,0.0,0,0,999,churned,0,1
organic,other,large,2.68,0,0.0,23,0.42,0,3.34,8166016034,1,0,0,0,0,1,1,0,1.0,2,2546299.0,1,0,2,1,3294060.0,1451154.07,44.05,0,0,999,lead,0,0
manual,manufacturing,large,1.75,0,0.5,2,0.542,2,2.16,3687074828,1,0,0,0,0,1,0,0,0.0,0,0.0,0,0,0,0,0.0,0.0,0.0,0,0,999,lead,0,0
other,manufacturing,medium,3.06,1,0.3636,14,0.4,8,2.78,918690588,0,0,0,0,0,0,0,0,0.0,0,0.0,0,0,0,0,0.0,0.0,0.0,0,0,999,lead,0,0
meta_ads,technology,large,7.31,0,0.25,21,0.536,7,3.96,8503859415,1,0,0,0,0,0,0,0,0.0,2,2016218.0,0,0,0,0,0.0,0.0,0.0,1,0,24,lead,0,0
other,retail,large,4.62,0,0.3,7,0.681,3,3.07,7895215385,2,0,0,0,0,2,1,0,0.5,2,1594790.0,0,0,0,0,0.0,0.0,0.0,0,0,999,lead,0,0
manual,education,startup,5.79,0,0.0,8,0.658,0,4.22,66039069,1,1,1,0,0,1,0,0,0.0,2,1529752.0,2,0,1,1,3615731.0,1222671.41,33.82,0,1,999,prospect,0,0
manual,retail,large,7.23,1,0.0,9,0.33,0,2.33,3225351323,0,0,0,1,0,0,0,0,0.0,0,0.0,0,0,0,0,0.0,0.0,0.0,0,1,999,lead,0,0
meta_ads,retail,large,4.96,2,0.625,3,0.678,5,3.71,3903587466,1,0,0,1,0,2,0,0,0.0,0,0.0,0,0,1,0,0.0,0.0,0.0,0,0,999,lead,0,0
organic,services,large,7.14,1,0.0333,87,0.244,3,2.89,4251016485,3,0,0,1,0,0,0,0,0.0,3,1721958.0,1,0,0,0,0.0,0.0,0.0,0,0,999,churned,0,1
organic,other,large,6.47,0,0.0,47,0.217,0,2.16,5315293199,0,0,0,1,1,0,0,0,0.0,0,0.0,0,0,1,0,0.0,0.0,0.0,0,1,999,churned,0,1
referral,services,startup,8.64,1,0.2,8,0.452,2,5.0,99188093,1,0,0,1,0,1,0,0,0.0,3,2047918.0,1,0,3,1,3469270.0,970475.18,27.97,1,0,136,prospect,0,0
meta_ads,technology,large,8.21,0,0.2632,14,0.625,5,1.54,3770218294,1,1,0,1,0,0,0,0,0.0,2,1561762.0,1,0,1,1,4250896.0,2515703.25,59.18,0,0,999,lead,0,0
referral,services,startup,1.22,4,0.6316,7,0.817,12,4.94,91505349,0,0,0,0,0,2,2,0,1.0,2,2742836.0,2,0,2,2,2852191.0,998073.38,34.99,0,0,999,customer,1,0
referral,services,medium,0.2,4,0.8182,4,0.673,18,4.87,1776171072,2,0,0,0,0,2,1,0,0.5,4,2342788.0,2,0,2,1,2647728.0,1702430.35,64.3,0,1,999,customer,1,0
other,manufacturing,small,0.0,3,0.4,12,0.464,8,3.93,335700105,0,0,0,0,0,0,0,0,0.0,4,1885760.0,1,1,0,0,0.0,0.0,0.0,1,0,40,customer,1,0
referral,health,small,3.08,3,0.5294,8,0.714,9,3.9,475515732,1,0,1,0,0,2,2,0,1.0,2,1981019.0,2,0,1,1,4704738.0,1740124.21,36.99,0,1,999,prospect,0,0
meta_ads,health,medium,7.87,0,0.0444,43,0.221,2,1.0,1024940047,1,0,0,1,0,0,0,0,0.0,0,0.0,0,0,1,1,5489473.0,3096360.38,56.41,0,0,999,churned,0,1
manual,finance,small,6.38,2,0.069,27,0.13,2,3.33,152602427,0,0,0,0,0,1,1,0,1.0,2,1062837.0,0,0,0,0,0.0,0.0,0.0,0,0,999,lead,0,0
other,manufacturing,medium,6.66,1,1.0,0,0.264,3,4.41,1939167737,3,1,0,0,0,3,0,0,0.0,3,2854601.0,1,0,1,1,4502312.0,2272215.65,50.47,0,0,999,prospect,0,0
manual,other,large,2.07,2,0.6364,4,0.584,7,5.0,5286724915,1,1,1,0,0,2,2,0,1.0,3,2486172.0,1,1,3,1,1482455.0,743081.53,50.13,0,0,999,prospect,0,0
manual,services,large,0.0,3,0.2353,13,0.712,4,2.71,2662148268,0,0,0,1,0,3,1,0,0.333,4,1719700.0,1,0,2,2,8039859.0,3393044.86,42.2,0,0,999,prospect,0,0
referral,services,medium,0.0,0,0.0429,67,0.199,3,4.46,529812096,1,0,0,0,0,0,0,0,0.0,1,1719073.0,1,1,0,0,0.0,0.0,0.0,0,0,999,churned,0,1
organic,finance,startup,5.45,1,0.0185,106,0.238,2,1.0,30876918,2,0,0,1,1,1,0,0,0.0,0,0.0,0,0,0,0,0.0,0.0,0.0,0,0,999,churned,0,1
manual,finance,startup,2.71,1,0.0476,40,0.56,2,3.69,63754530,1,0,0,1,1,0,0,0,0.0,1,1809192.0,0,0,2,1,3371489.0,1620817.29,48.07,1,1,97,lead,0,0
meta_ads,finance,startup,4.3,0,0.4167,14,0.582,10,3.91,97271069,2,0,0,0,1,2,2,0,1.0,3,3201885.0,2,0,1,1,4179420.0,1306005.83,31.25,0,0,999,prospect,0,0
other,technology,small,7.54,0,0.125,14,0.003,2,3.89,496803293,1,0,0,0,0,2,1,0,0.5,2,881516.0,0,0,2,0,0.0,0.0,0.0,0,0,999,lead,0,0
organic,services,medium,12.82,2,0.1163,38,0.458,5,2.64,737010674,0,0,0,1,1,0,0,0,0.0,0,0.0,0,0,1,1,5889548.0,2708374.17,45.99,0,0,999,lead,0,0
other,health,medium,1.99,3,1.0,0,0.313,2,3.95,1412340884,0,0,1,0,0,2,2,0,1.0,2,2624976.0,1,0,2,1,2543108.0,573690.44,22.56,0,0,999,prospect,0,0
meta_ads,health,small,1.46,3,0.5652,10,0.647,13,4.62,119916169,0,1,0,0,0,1,1,0,1.0,3,2260206.0,2,1,0,0,0.0,0.0,0.0,0,0,999,customer,1,0
meta_ads,retail,startup,2.65,1,0.3529,11,0.657,6,3.76,94145880,1,0,0,0,0,1,0,0,0.0,0,0.0,0,0,4,1,2236382.0,1186217.26,53.04,0,0,999,prospect,0,0
organic,manufacturing,medium,4.11,2,0.0656,57,0.401,4,2.44,646308640,2,1,0,1,1,1,0,0,0.0,0,0.0,0,0,1,0,0.0,0.0,0.0,0,0,999,churned,0,1
meta_ads,health,medium,8.66,1,0.0833,44,0.35,4,1.95,1484564164,2,0,0,0,0,2,0,0,0.0,1,2234502.0,0,0,1,0,0.0,0.0,0.0,1,0,19,lead,0,0
referral,health,small,0.0,0,0.0,28,0.183,0,5.0,112930585,2,0,0,1,0,0,0,0,0.0,2,2364933.0,0,0,0,0,0.0,0.0,0.0,0,0,999,lead,0,0
manual,manufacturing,medium,0.0,1,1.0,0,0.703,7,4.55,1782376927,2,1,0,0,0,1,1,0,1.0,1,3931181.0,1,1,0,0,0.0,0.0,0.0,0,0,999,customer,1,0
meta_ads,education,enterprise,3.79,3,0.5455,5,0.303,6,4.24,66781019835,2,0,1,0,0,5,2,0,0.4,1,2864868.0,1,0,3,2,1796789.0,590541.75,32.87,1,0,160,prospect,0,0
organic,education,medium,3.43,2,1.0,0,0.509,10,4.47,1739083625,1,0,0,0,0,0,0,0,0.0,2,2199423.0,1,0,1,1,4865395.0,2679138.01,55.07,0,0,999,customer,1,0
referral,manufacturing,small,4.92,0,0.1111,16,0.566,2,3.12,390508398,0,0,0,0,0,0,0,0,0.0,2,2581299.0,1,1,0,0,0.0,0.0,0.0,0,0,999,lead,0,0
meta_ads,education,small,0.0,0,0.4286,4,0.788,3,3.78,104441673,2,0,0,0,0,3,2,1,0.667,1,2548631.0,1,0,1,1,419240.0,174965.6,41.73,1,0,174,prospect,0,0
other,other,small,2.46,0,0.2439,31,0.47,10,1.0,338196373,0,0,1,0,0,0,0,0,0.0,0,0.0,0,0,0,0,0.0,0.0,0.0,0,0,999,lead,0,0
manual,services,medium,2.18,5,0.2414,22,0.711,7,4.09,1187023427,1,0,0,0,0,3,1,0,0.333,0,0.0,0,0,1,0,0.0,0.0,0.0,0,0,999,prospect,0,0
manual,health,medium,1.04,1,0.1053,17,0.429,2,2.47,1694426456,3,0,0,1,0,1,0,2,0.0,0,0.0,0,0,0,0,0.0,0.0,0.0,1,0,147,lead,0,0
organic,health,startup,1.01,2,0.1143,31,0.379,4,4.27,88893889,1,0,0,0,0,0,0,1,0.0,0,0.0,0,0,0,0,0.0,0.0,0.0,1,0,99,lead,0,0
other,education,large,0.66,1,0.7222,5,0.702,13,3.64,7517650295,1,0,0,0,0,1,1,0,1.0,3,3455852.0,1,0,3,0,0.0,0.0,0.0,0,0,999,customer,1,0
organic,technology,small,2.69,0,0.5,9,0.71,9,4.56,219186344,1,0,0,0,1,3,1,0,0.333,0,0.0,0,0,1,1,3682030.0,1609094.66,43.7,0,0,999,prospect,0,0
organic,services,small,10.02,0,0.0189,52,0.403,1,1.6,426354943,2,0,0,1,0,3,2,0,0.667,1,346258.0,1,0,0,0,0.0,0.0,0.0,0,1,999,churned,0,1
manual,health,medium,4.17,1,1.0,0,0.684,7,3.53,1388196277,0,0,0,0,0,1,1,0,1.0,10,2381220.0,3,1,1,1,3696531.0,1814139.94,49.08,0,0,999,customer,1,0
manual,technology,small,6.85,2,0.0968,28,0.118,3,2.43,494695023,1,0,0,1,0,0,0,0,0.0,1,1772632.0,0,0,0,0,0.0,0.0,0.0,0,1,999,lead,0,0
manual,health,startup,3.18,1,0.2143,11,0.431,3,2.57,46530049,1,0,0,1,0,1,1,0,1.0,1,1506102.0,1,0,0,0,0.0,0.0,0.0,0,0,999,lead,0,0
manual,education,large,8.11,0,0.4211,11,0.44,8,1.32,9467929360,1,1,0,0,0,0,0,0,0.0,2,590187.0,1,0,1,0,0.0,0.0,0.0,0,0,999,lead,0,0
referral,retail,large,9.0,3,0.3333,6,0.463,3,2.0,7713817966,1,0,0,0,0,0,0,0,0.0,1,1933963.0,1,1,1,1,2355586.0,1195596.12,50.76,0,0,999,lead,0,0
meta_ads,services,medium,7.3,0,0.2692,19,0.312,7,3.35,729882443,1,0,0,0,0,1,0,2,0.0,0,0.0,0,0,0,0,0.0,0.0,0.0,0,0,999,lead,0,0
other,services,medium,8.23,3,0.0952,19,0.324,2,2.6,1097792361,0,0,0,0,0,1,0,0,0.0,2,801606.0,1,0,0,0,0.0,0.0,0.0,0,1,999,lead,0,0
organic,health,startup,7.13,0,0.0,50,0.39,0,4.84,46626493,2,0,0,1,0,2,2,0,1.0,1,1407838.0,0,1,0,0,0.0,0.0,0.0,0,0,999,lead,0,0
manual,health,enterprise,11.87,1,1.0,0,0.573,2,3.14,10018284867,1,1,0,0,0,0,0,0,0.0,0,0.0,0,0,2,1,2768524.0,1582226.09,57.15,0,0,999,lead,0,0
organic,services,small,3.34,3,0.4286,4,0.828,3,4.64,241230871,1,1,0,0,0,0,0,0,0.0,5,3212116.0,1,1,0,0,0.0,0.0,0.0,1,0,87,customer,1,0
meta_ads,retail,small,4.79,0,0.0667,28,0.133,2,3.21,286267270,0,0,0,1,0,0,0,0,0.0,0,0.0,0,0,1,1,0.0,0.0,61.16,0,0,999,lead,0,0
manual,services,small,0.82,4,1.0,0,0.801,9,5.0,413700098,0,0,1,0,0,0,0,0,0.0,3,1981972.0,2,1,2,1,3383546.0,1402025.33,41.44,0,1,999,customer,1,0
other,technology,startup,4.76,1,0.1212,29,0.512,4,3.32,24210303,1,0,0,0,0,1,0,0,0.0,1,1038230.0,0,0,1,0,0.0,0.0,0.0,0,0,999,lead,0,0
manual,finance,large,9.87,2,0.2667,11,0.27,4,1.65,6704168229,0,0,0,1,0,1,1,2,1.0,0,0.0,0,0,0,0,0.0,0.0,0.0,0,0,999,lead,0,0
referral,technology,startup,0.44,0,0.6471,6,0.561,11,3.82,18006439,1,0,0,0,0,0,0,0,0.0,4,936579.0,1,0,1,1,2428632.0,1632642.89,67.22,0,0,999,prospect,0,0
referral,services,startup,0.0,0,0.0385,25,0.352,1,2.37,79335781,1,0,0,0,0,2,0,0,0.0,1,1228810.0,1,0,0,0,0.0,0.0,0.0,0,0,999,lead,0,0
other,retail,small,6.22,0,0.1724,24,0.624,5,3.83,398787667,1,0,0,0,0,0,0,0,0.0,1,1378935.0,0,0,0,0,0.0,0.0,0.0,0,0,999,lead,0,0
organic,technology,large,1.9,1,0.2963,19,0.374,8,2.55,2292581341,1,0,1,0,1,2,0,0,0.0,0,0.0,0,0,1,0,0.0,0.0,0.0,1,0,75,lead,0,0
meta_ads,retail,small,5.84,3,0.5,3,0.389,3,2.61,222817205,2,0,0,0,0,1,1,0,1.0,1,2468109.0,0,0,0,0,0.0,0.0,0.0,0,0,999,lead,0,0
referral,retail,small,3.6,0,1.0,0,0.564,8,4.46,465847435,1,0,0,0,0,1,0,0,0.0,4,4508713.0,3,1,1,0,0.0,0.0,0.0,0,0,999,customer,1,0
meta_ads,manufacturing,large,2.78,1,1.0,0,0.466,5,4.65,4580846806,1,0,0,0,0,0,0,0,0.0,1,1315434.0,1,1,2,0,0.0,0.0,0.0,0,0,999,prospect,0,0
manual,other,medium,0.0,2,0.5,11,0.683,11,5.0,1839345664,0,0,0,0,0,4,1,0,0.25,1,2746370.0,1,0,0,0,0.0,0.0,0.0,0,0,999,prospect,0,0
manual,services,medium,6.41,1,1.0,0,0.645,8,3.91,1412662797,3,0,0,0,0,0,0,0,0.0,4,2994775.0,2,0,2,2,0.0,0.0,62.71,0,0,999,customer,1,0
organic,manufacturing,small,9.18,1,0.3077,9,0.414,4,2.65,457243550,2,0,0,0,0,0,0,0,0.0,0,0.0,0,0,1,0,0.0,0.0,0.0,0,0,999,prospect,0,0
manual,education,small,11.58,0,0.0,33,0.452,0,2.64,499529964,0,0,0,0,1,2,0,1,0.0,0,0.0,0,0,4,0,0.0,0.0,0.0,0,0,999,churned,0,1
referral,education,medium,4.3,0,0.1282,34,0.802,5,3.35,795948259,0,0,0,0,1,1,0,0,0.0,1,1974361.0,1,1,1,0,0.0,0.0,0.0,0,0,999,lead,0,0
manual,manufacturing,small,6.54,1,0.2727,8,0.177,3,3.92,211171561,3,0,0,0,1,1,1,0,1.0,1,1395419.0,0,1,0,0,0.0,0.0,0.0,0,0,999,lead,0,0
manual,finance,medium,13.2,0,0.0638,44,0.061,3,1.94,716569555,1,0,0,1,0,0,0,0,0.0,2,1100150.0,0,1,0,0,0.0,0.0,0.0,0,1,999,churned,0,1
other,retail,medium,0.0,1,0.0,16,0.329,0,2.58,1122568535,2,1,0,1,0,0,0,0,0.0,1,1108976.0,1,0,0,0,0.0,0.0,0.0,0,0,999,lead,0,0
referral,health,startup,6.48,2,0.375,5,0.224,3,2.44,83437489,2,0,0,0,1,2,1,0,0.5,1,2596062.0,0,0,0,0,0.0,0.0,0.0,0,0,999,lead,0,0
meta_ads,manufacturing,startup,9.7,0,0.0,59,0.488,0,1.7,56540816,2,0,0,0,0,0,0,0,0.0,0,0.0,0,0,0,0,0.0,0.0,0.0,0,1,999,churned,0,1
organic,technology,large,6.71,0,0.0962,47,0.383,5,2.81,2736132676,1,0,1,0,0,0,0,2,0.0,1,265010.0,1,0,1,0,0.0,0.0,0.0,1,0,92,churned,0,1
organic,retail,medium,6.26,0,0.1154,23,0.349,3,2.88,1048456746,2,0,0,0,0,0,0,0,0.0,0,0.0,0,0,2,0,0.0,0.0,0.0,0,0,999,lead,0,0
referral,education,enterprise,6.75,0,0.0299,65,0.269,2,2.34,14578023995,2,0,0,0,0,0,0,1,0.0,0,0.0,0,0,2,0,0.0,0.0,0.0,0,1,999,churned,0,1
referral,finance,startup,11.7,0,0.08,23,0.083,2,2.84,16956373,1,0,0,1,0,2,0,0,0.0,1,1639642.0,1,0,0,0,0.0,0.0,0.0,0,0,999,lead,0,0
manual,services,medium,0.0,0,0.3529,11,0.8,6,4.67,649323850,2,0,0,0,0,1,0,0,0.0,1,1775155.0,1,1,0,0,0.0,0.0,0.0,0,0,999,prospect,0,0
meta_ads,manufacturing,small,2.25,1,0.0857,32,0.63,3,1.97,464439614,2,0,0,1,0,1,0,0,0.0,1,1880258.0,0,0,0,0,0.0,0.0,0.0,0,0,999,lead,0,0
organic,education,small,0.81,2,0.5833,10,0.791,14,4.2,128036711,1,0,1,0,0,1,1,0,1.0,3,2568456.0,3,1,1,1,1618471.0,500935.08,30.95,0,0,999,customer,1,0
organic,services,startup,2.03,2,0.7,3,0.676,7,3.76,76357554,1,0,0,0,0,1,0,2,0.0,4,1838629.0,1,0,6,1,0.0,0.0,61.47,0,0,999,prospect,0,0
meta_ads,retail,small,4.27,3,0.1111,24,0.278,3,2.92,393974966,1,0,0,0,0,1,0,0,0.0,0,0.0,0,0,1,0,0.0,0.0,0.0,0,0,999,lead,0,0
other,technology,small,4.44,1,0.4444,5,0.424,4,4.55,451261886,0,1,0,0,0,1,0,0,0.0,0,0.0,0,0,4,1,3686585.0,2253226.82,61.12,0,0,999,customer,1,0
meta_ads,technology,small,7.18,2,0.075,37,0.229,3,2.38,331792742,0,0,1,0,0,0,0,2,0.0,1,1393515.0,0,1,1,1,0.0,0.0,62.12,0,0,999,lead,0,0
meta_ads,finance,small,8.13,2,0.1071,25,0.809,3,2.64,413918340,0,1,0,0,0,0,0,0,0.0,1,1037747.0,1,0,0,0,0.0,0.0,0.0,0,0,999,lead,0,0
organic,technology,large,0.64,5,0.8571,2,0.569,12,3.32,6073278508,3,0,0,0,0,1,0,0,0.0,2,2435976.0,2,0,1,1,2615627.0,1165858.07,44.57,1,0,151,prospect,0,0
referral,services,medium,2.59,1,1.0,0,0.531,8,3.69,1500223512,0,1,0,0,0,0,0,1,0.0,2,2067110.0,1,0,3,0,0.0,0.0,0.0,0,1,999,customer,1,0
organic,services,medium,2.2,1,0.4286,12,0.545,9,3.2,1061926266,1,0,1,0,0,1,0,0,0.0,0,0.0,0,0,2,2,5438168.0,2042621.31,37.56,1,0,16,prospect,0,0
manual,health,enterprise,0.0,0,0.5833,5,0.877,7,3.69,96049497451,3,0,0,0,0,0,0,0,0.0,0,0.0,0,0,3,0,0.0,0.0,0.0,1,0,85,customer,1,0
referral,other,small,3.55,2,0.7143,2,0.455,5,4.36,454810283,1,0,1,0,0,1,1,0,1.0,4,2843392.0,2,1,0,0,0.0,0.0,0.0,0,0,999,prospect,0,0
manual,education,medium,0.9,2,0.6875,5,0.617,11,3.63,1041413806,1,0,0,0,0,1,1,0,1.0,1,2753276.0,1,1,0,0,0.0,0.0,0.0,1,0,67,prospect,0,0
meta_ads,finance,medium,3.24,0,1.0,0,0.425,2,4.05,1809972843,2,0,0,0,0,0,0,0,0.0,0,0.0,0,0,0,0,0.0,0.0,0.0,0,0,999,lead,0,0
manual,education,medium,5.11,3,0.4545,6,0.21,5,3.48,785050998,0,0,0,0,0,0,0,0,0.0,0,0.0,0,0,0,0,0.0,0.0,0.0,0,0,999,lead,0,0
meta_ads,retail,medium,8.42,0,0.2,16,0.87,4,4.08,1099084557,2,0,0,0,0,2,1,0,0.5,2,1738514.0,1,0,2,0,0.0,0.0,0.0,0,0,999,lead,0,0
meta_ads,manufacturing,small,1.85,0,0.0,22,0.656,0,4.6,239177588,2,0,0,0,0,0,0,0,0.0,1,960975.0,1,0,1,1,820289.0,181611.58,22.14,0,0,999,prospect,0,0
organic,retail,medium,1.22,0,0.4444,10,0.366,8,3.07,1170464625,1,0,0,0,0,1,0,0,0.0,1,2879554.0,1,0,1,1,2741169.0,690992.12,25.21,1,0,37,customer,1,0
meta_ads,technology,large,9.22,0,0.0,9,0.259,0,2.48,7982269401,3,0,0,1,0,0,0,0,0.0,1,2101771.0,0,1,0,0,0.0,0.0,0.0,0,0,999,lead,0,0
meta_ads,services,large,0.0,0,0.4,12,0.858,8,3.31,9641699241,2,0,0,0,0,0,0,0,0.0,2,869059.0,1,0,0,0,0.0,0.0,0.0,0,0,999,lead,0,0
manual,other,medium,2.34,1,0.4783,12,0.703,11,3.87,1280079112,1,0,0,0,0,0,0,0,0.0,2,2897259.0,1,1,0,0,0.0,0.0,0.0,0,0,999,customer,1,0
other,other,large,5.74,4,0.1667,10,0.614,2,3.91,2450666367,0,0,0,0,0,1,1,0,1.0,3,2247531.0,1,0,2,2,3197515.0,1015113.71,31.75,1,0,60,prospect,0,0
meta_ads,manufacturing,small,5.15,0,0.0,27,0.148,0,3.28,295216503,1,0,0,0,0,0,0,0,0.0,1,596824.0,0,0,0,0,0.0,0.0,0.0,1,0,109,churned,0,1
organic,services,enterprise,14.65,0,0.1364,19,0.132,3,3.83,58689894969,1,0,0,0,0,1,0,0,0.0,2,1755549.0,0,0,0,0,0.0,0.0,0.0,0,0,999,lead,0,0
organic,other,large,7.26,1,0.0,32,0.0,0,3.74,2849712745,1,0,0,1,0,0,0,0,0.0,0,0.0,0,0,2,0,0.0,0.0,0.0,1,1,16,churned,0,1
other,other,small,1.04,0,0.0893,51,0.778,5,2.4,273112113,1,0,0,0,0,0,0,0,0.0,1,1138377.0,1,0,0,0,0.0,0.0,0.0,0,0,999,lead,0,0
organic,retail,startup,4.56,2,0.1,18,0.561,2,4.9,44098801,0,1,0,0,0,2,0,0,0.0,1,739406.0,1,0,0,0,0.0,0.0,0.0,0,0,999,prospect,0,0
meta_ads,education,medium,3.69,0,1.0,0,0.803,11,4.51,1327662003,1,1,0,0,0,1,1,0,1.0,2,2097938.0,2,0,1,1,2462837.0,1116798.24,45.35,0,0,999,customer,1,0
meta_ads,technology,medium,6.47,1,0.1818,18,0.53,4,2.9,1613624741,1,0,0,1,1,0,0,0,0.0,2,1347466.0,1,1,0,0,0.0,0.0,0.0,0,0,999,lead,0,0
meta_ads,retail,startup,4.72,0,0.6875,5,0.941,11,3.85,98771097,1,0,1,0,1,0,0,0,0.0,2,3627548.0,2,0,2,0,0.0,0.0,0.0,0,0,999,prospect,0,0
other,manufacturing,small,0.05,1,0.5769,11,0.463,15,5.0,413432439,1,0,0,0,0,1,0,0,0.0,1,3249965.0,1,0,0,0,0.0,0.0,0.0,0,0,999,prospect,0,0
manual,other,small,1.66,2,0.082,56,0.278,5,2.79,471633928,2,0,0,0,0,0,0,1,0.0,1,1293350.0,1,0,1,1,3007165.0,1535348.77,51.06,0,0,999,churned,0,1
organic,services,medium,4.32,1,0.4828,15,0.65,14,4.62,1953411392,3,0,1,0,0,1,0,1,0.0,1,2242237.0,1,1,3,0,0.0,0.0,0.0,0,0,999,customer,1,0
referral,technology,large,1.23,0,0.3333,14,0.561,7,3.55,6689647482,2,1,0,0,0,1,0,0,0.0,1,1023434.0,1,1,3,1,1297837.0,773205.44,59.58,1,0,68,prospect,0,0
manual,manufacturing,small,5.25,0,0.1163,38,0.606,5,2.75,271396054,0,0,0,0,0,2,0,0,0.0,1,918669.0,1,0,1,1,1517977.0,757068.16,49.87,0,0,999,lead,0,0
manual,education,startup,5.07,0,0.1724,24,0.245,5,3.53,14883072,1,0,0,0,1,0,0,0,0.0,3,1371603.0,0,0,0,0,0.0,0.0,0.0,0,0,999,lead,0,0
referral,manufacturing,large,0.39,0,0.2381,16,0.44,5,3.8,2486835257,2,0,0,0,0,0,0,0,0.0,1,1855337.0,1,1,0,0,0.0,0.0,0.0,0,0,999,lead,0,0
organic,services,startup,6.29,1,0.0,34,0.038,0,3.29,49064385,1,0,0,1,0,1,0,0,0.0,1,2264562.0,0,0,1,0,0.0,0.0,0.0,0,1,999,churned,0,1
other,manufacturing,medium,2.33,5,0.75,5,0.696,15,3.52,807120925,2,0,1,0,0,1,0,0,0.0,2,2194104.0,2,0,2,2,7435542.0,4799019.45,64.54,1,0,105,customer,1,0
meta_ads,manufacturing,small,12.38,2,0.0833,33,0.304,3,3.34,157311571,2,0,0,0,0,2,2,0,1.0,1,2066496.0,1,0,1,0,0.0,0.0,0.0,0,0,999,lead,0,0
meta_ads,other,large,10.59,1,0.5,3,0.646,3,3.08,3583948058,2,0,0,0,0,0,0,0,0.0,1,763064.0,0,0,0,0,0.0,0.0,0.0,1,0,106,lead,0,0
meta_ads,manufacturing,medium,1.24,0,0.1724,24,0.038,5,4.61,680214840,3,1,0,0,0,0,0,0,0.0,1,977987.0,0,0,0,0,0.0,0.0,0.0,0,0,999,lead,0,0
referral,retail,enterprise,4.61,2,0.1905,17,0.433,4,1.63,96254070680,1,0,1,1,0,1,1,0,1.0,0,0.0,0,0,1,0,0.0,0.0,0.0,0,0,999,lead,0,0
organic,retail,small,12.01,1,0.3462,17,0.515,9,3.71,352148795,2,0,1,0,0,1,1,0,1.0,2,1710936.0,1,0,1,1,1286567.0,869474.37,67.58,0,0,999,prospect,0,0
manual,retail,large,0.8,2,0.75,4,0.608,12,2.45,8182126629,1,1,0,0,0,1,1,0,1.0,1,2569585.0,1,1,3,0,0.0,0.0,0.0,0,0,999,customer,1,0
manual,health,small,1.03,3,0.7857,3,0.562,11,4.16,115415333,1,1,0,1,0,1,1,0,1.0,4,3053404.0,3,0,1,1,0.0,0.0,43.52,1,1,125,customer,1,0
referral,manufacturing,large,1.83,2,0.5556,4,0.408,5,4.33,2691296416,1,0,0,1,0,2,1,0,0.5,1,3532537.0,1,1,3,1,0.0,0.0,41.0,0,0,999,customer,1,0
referral,education,large,3.86,2,0.0,17,0.369,0,5.0,6152570082,1,0,0,0,0,2,2,2,1.0,1,1063788.0,1,0,1,1,2305518.0,602786.57,26.15,0,0,999,lead,0,0
other,services,small,1.88,0,0.9167,1,0.756,11,2.49,310683030,1,0,1,0,0,0,0,0,0.0,0,0.0,0,0,2,0,0.0,0.0,0.0,1,0,13,customer,1,0
manual,retail,large,3.31,1,0.2273,17,0.474,5,4.21,7618479289,0,0,0,0,1,1,0,0,0.0,2,3188658.0,1,1,1,1,1934627.0,580473.96,30.0,1,0,150,prospect,0,0
referral,manufacturing,startup,1.85,1,0.6522,8,0.554,15,3.88,32834426,1,0,0,0,0,2,2,0,1.0,5,3111334.0,1,0,5,1,4968998.0,3024341.9,60.86,0,0,999,customer,1,0
referral,services,startup,0.0,0,0.2105,15,0.598,4,4.66,49909932,1,0,0,0,0,0,0,2,0.0,1,937789.0,0,0,0,0,0.0,0.0,0.0,0,0,999,lead,0,0
other,manufacturing,medium,0.0,3,0.4211,11,0.999,8,4.0,1538252590,1,0,0,0,0,1,0,0,0.0,1,2284827.0,1,1,2,0,0.0,0.0,0.0,0,1,999,prospect,0,0
manual,finance,large,6.43,0,0.25,9,0.693,3,2.37,8430431764,1,1,0,1,0,1,0,2,0.0,1,1952247.0,0,0,0,0,0.0,0.0,0.0,0,0,999,lead,0,0
manual,manufacturing,large,1.11,0,0.3333,6,0.55,3,2.74,5769825338,3,0,0,0,0,2,1,0,0.5,1,2299739.0,1,0,1,0,0.0,0.0,0.0,0,1,999,prospect,0,0
manual,technology,large,1.05,1,0.3529,11,0.739,6,3.57,2314362044,2,0,0,0,0,2,0,0,0.0,4,1812195.0,1,0,2,0,0.0,0.0,0.0,1,0,136,customer,1,0
referral,health,large,4.58,3,0.119,37,0.491,5,3.2,8379615552,0,0,0,0,0,0,0,0,0.0,0,0.0,0,0,1,1,2310294.0,1515062.79,65.58,0,0,999,lead,0,0
organic,retail,startup,3.67,1,0.2,12,0.767,3,3.89,10153344,1,0,0,0,1,0,0,1,0.0,0,0.0,0,0,0,0,0.0,0.0,0.0,1,0,123,lead,0,0
manual,education,large,2.61,3,0.3077,18,0.431,8,3.62,2401648956,1,0,1,0,0,1,1,0,1.0,3,1060151.0,2,0,2,2,3791147.0,1991662.94,52.53,0,1,999,prospect,0,0
other,other,large,1.64,0,0.0732,38,0.315,3,2.56,6337932850,1,0,0,1,0,1,0,0,0.0,2,417789.0,0,0,1,0,0.0,0.0,0.0,0,0,999,lead,0,0
manual,education,small,0.49,0,0.8889,1,0.723,8,3.31,154544841,2,0,0,0,0,3,3,0,1.0,3,1439659.0,1,0,1,1,2086365.0,1076781.19,51.61,0,0,999,prospect,0,0
other,health,medium,0.37,3,0.4545,12,0.831,10,4.65,1684218329,1,0,0,0,0,2,1,0,0.5,6,4331908.0,1,1,2,1,4369527.0,1719922.84,39.36,0,0,999,customer,1,0
meta_ads,health,startup,2.51,0,1.0,0,0.608,12,4.48,32741662,1,0,1,0,0,2,2,0,1.0,2,2314946.0,1,0,0,0,0.0,0.0,0.0,0,0,999,prospect,0,0
meta_ads,finance,medium,3.82,2,1.0,0,0.434,7,3.72,1127337634,2,1,0,0,0,1,1,0,1.0,2,2316760.0,1,0,2,1,1545253.0,540487.83,34.98,0,0,999,prospect,0,0
meta_ads,technology,startup,5.24,3,0.4,9,0.753,6,3.91,17444764,1,1,0,0,0,1,1,0,1.0,2,3131180.0,1,1,2,0,0.0,0.0,0.0,0,0,999,prospect,0,0
organic,education,medium,1.61,2,0.0,45,0.351,0,3.09,642465899,3,0,1,0,0,2,0,0,0.0,0,0.0,0,0,1,1,0.0,0.0,50.96,0,0,999,lead,0,0
referral,finance,medium,8.61,0,0.15,17,0.282,3,3.12,1353303805,2,0,0,0,0,0,0,0,0.0,0,0.0,0,0,0,0,0.0,0.0,0.0,0,0,999,lead,0,0
manual,retail,medium,9.71,0,0.4,3,0.662,2,2.16,1560351184,1,0,0,0,1,1,0,0,0.0,1,0.0,1,0,0,0,0.0,0.0,0.0,0,0,999,lead,0,0
manual,manufacturing,small,5.08,2,0.1786,23,0.364,5,3.03,392826607,1,0,0,0,0,2,0,0,0.0,3,1627031.0,1,0,0,0,0.0,0.0,0.0,0,0,999,lead,0,0
organic,manufacturing,startup,1.06,0,1.0,0,0.441,4,3.81,73035184,1,0,1,1,1,0,0,2,0.0,0,0.0,0,0,0,0,0.0,0.0,0.0,0,0,999,lead,0,0
meta_ads,other,medium,5.69,1,0.0455,42,0.128,2,3.04,1405329042,2,0,0,0,0,1,0,0,0.0,0,0.0,0,0,1,0,0.0,0.0,0.0,0,1,999,churned,0,1
referral,other,medium,1.36,1,1.0,0,0.594,5,5.0,1903958562,1,0,0,0,0,1,0,0,0.0,3,2389415.0,2,0,1,1,2296747.0,699516.27,30.46,0,0,999,prospect,0,0
organic,finance,small,2.57,4,0.6364,8,0.664,14,5.0,287997931,1,0,1,0,1,2,1,0,0.5,5,1857531.0,1,1,1,1,2938135.0,1475132.12,50.21,0,0,999,customer,1,0
meta_ads,retail,large,0.0,0,0.0385,25,0.0,1,2.78,3932166111,2,0,0,1,0,1,0,0,0.0,2,1633238.0,0,0,0,0,0.0,0.0,0.0,0,0,999,lead,0,0
organic,education,medium,2.3,3,0.6,10,0.63,15,3.93,1413469730,0,0,0,0,0,3,2,0,0.667,1,136488.0,1,1,1,0,0.0,0.0,0.0,1,0,83,customer,1,0
referral,technology,enterprise,2.84,3,0.4737,10,0.534,9,3.5,60126508927,2,1,0,0,0,2,2,0,1.0,6,3333642.0,3,0,0,0,0.0,0.0,0.0,1,0,130,customer,1,0
meta_ads,services,large,4.41,1,0.2,20,0.382,5,4.6,5317269941,1,0,0,0,1,0,0,0,0.0,1,0.0,0,0,0,0,0.0,0.0,0.0,0,0,999,lead,0,0
organic,services,startup,2.9,2,0.0,80,0.044,0,2.74,97664443,0,0,0,1,0,0,0,1,0.0,0,0.0,0,0,2,0,0.0,0.0,0.0,0,0,999,churned,0,1
organic,finance,medium,1.43,0,0.9091,1,0.618,10,3.41,921125602,1,0,0,0,0,3,2,0,0.667,1,1669287.0,1,0,3,1,3362166.0,680574.15,20.24,0,0,999,prospect,0,0
referral,other,medium,0.78,2,0.65,7,0.778,13,5.0,1943370030,1,0,0,0,1,2,1,0,0.5,3,1846565.0,3,0,2,0,0.0,0.0,0.0,1,0,85,customer,1,0
organic,finance,small,4.05,2,0.0,19,0.261,0,4.1,124239365,2,0,0,0,0,2,0,0,0.0,0,0.0,0,0,1,0,0.0,0.0,0.0,0,0,999,lead,0,0
meta_ads,finance,small,0.0,0,0.0333,29,0.628,1,2.84,390117727,0,0,0,0,0,0,0,1,0.0,0,0.0,0,0,0,0,0.0,0.0,0.0,0,0,999,lead,0,0
referral,services,small,3.66,3,0.7368,5,0.482,14,3.51,397914670,2,0,0,0,0,1,1,0,1.0,3,2054996.0,1,1,2,2,3932860.0,1918378.23,48.78,0,0,999,prospect,0,0
referral,finance,large,0.0,1,0.3,7,0.598,3,4.2,5521073576,2,0,1,0,0,2,0,0,0.0,2,2530658.0,1,1,0,0,0.0,0.0,0.0,0,0,999,prospect,0,0
other,technology,small,3.45,0,0.6154,5,0.822,8,4.43,234496851,1,0,0,0,0,1,1,0,1.0,2,2263727.0,2,0,3,0,0.0,0.0,0.0,0,0,999,customer,1,0
organic,retail,large,7.12,0,0.4167,7,0.597,5,3.6,6486143244,1,0,0,1,0,0,0,0,0.0,0,0.0,0,0,0,0,0.0,0.0,0.0,0,0,999,lead,0,0
organic,other,medium,5.15,1,0.1111,16,0.139,2,2.47,1413091383,1,0,0,1,0,2,0,0,0.0,2,1355912.0,1,0,0,0,0.0,0.0,0.0,0,0,999,lead,0,0
manual,services,medium,0.0,2,1.0,0,0.559,3,4.8,1019835713,1,1,1,0,0,1,0,0,0.0,1,2123225.0,1,0,5,1,4778163.0,1327824.39,27.79,1,0,130,prospect,0,0
referral,technology,startup,2.13,3,0.6471,6,0.763,11,3.6,18445433,2,1,0,0,0,0,0,0,0.0,1,2484160.0,1,0,1,1,3280796.0,2244624.52,68.42,1,0,6,customer,1,0
manual,technology,small,8.62,1,0.0,17,0.184,0,2.06,494387462,1,0,1,0,0,0,0,0,0.0,2,1620991.0,0,0,2,0,0.0,0.0,0.0,0,0,999,lead,0,0
organic,technology,medium,4.11,0,1.0,0,0.539,2,3.35,1762424782,1,0,1,0,0,0,0,0,0.0,2,2643906.0,2,1,4,0,0.0,0.0,0.0,0,0,999,customer,1,0
organic,services,large,11.74,2,0.1714,29,0.361,6,3.3,8878092822,0,0,0,1,1,1,1,2,1.0,0,0.0,0,0,2,0,0.0,0.0,0.0,0,0,999,churned,0,1
organic,health,small,0.32,1,0.25,6,0.368,2,2.7,102317402,2,0,0,0,0,1,1,0,1.0,1,1712373.0,0,0,0,0,0.0,0.0,0.0,0,0,999,lead,0,0
other,retail,medium,15.28,2,0.15,17,0.525,3,2.65,552276605,1,0,0,0,0,0,0,0,0.0,4,2539016.0,0,0,1,1,1029957.0,587880.24,57.08,0,0,999,lead,0,0
manual,finance,startup,4.55,0,0.12,44,0.195,6,4.3,21479159,3,0,0,0,0,0,0,0,0.0,1,2008898.0,0,0,1,0,0.0,0.0,0.0,0,0,999,lead,0,0
meta_ads,manufacturing,medium,0.0,0,0.9,1,0.798,9,4.41,1275037574,2,0,0,0,0,0,0,0,0.0,1,2608398.0,1,0,7,2,12033631.0,6232436.0,51.79,1,0,65,customer,1,0
meta_ads,technology,startup,1.73,0,0.8889,2,0.768,16,4.47,95128965,0,0,0,0,0,2,1,0,0.5,0,0.0,0,0,0,0,0.0,0.0,0.0,1,1,45,customer,1,0
meta_ads,health,large,5.61,2,0.0,9,0.463,0,2.1,6172501944,1,0,0,0,0,2,0,1,0.0,1,1684748.0,1,0,1,0,0.0,0.0,0.0,0,0,999,lead,0,0
manual,services,large,5.29,0,1.0,0,0.612,1,3.33,2528729916,1,0,0,1,0,2,0,0,0.0,3,41660.0,1,0,0,0,0.0,0.0,0.0,0,0,999,lead,0,0
other,finance,medium,0.0,0,0.125,21,0.463,3,2.38,1490917386,1,0,0,0,0,0,0,2,0.0,1,1783687.0,0,0,0,0,0.0,0.0,0.0,0,0,999,lead,0,0
other,finance,startup,0.0,2,1.0,0,0.872,16,3.4,95040117,2,1,0,0,0,1,1,0,1.0,5,2425317.0,2,0,3,1,2166626.0,468565.09,21.63,1,0,125,customer,1,0
manual,retail,small,8.17,1,0.0455,21,0.506,1,3.08,185619590,1,0,0,0,0,0,0,0,0.0,2,1357839.0,0,1,1,0,0.0,0.0,0.0,0,0,999,lead,0,0
referral,services,small,14.08,2,1.0,0,0.44,2,3.7,282971191,0,0,0,1,0,0,0,1,0.0,2,1837673.0,1,0,0,0,0.0,0.0,0.0,0,0,999,lead,0,0
manual,retail,medium,4.25,2,1.0,0,0.735,7,2.93,1294020721,1,0,1,0,0,1,1,0,1.0,4,2093907.0,2,1,3,1,2477387.0,768835.11,31.03,0,0,999,prospect,0,0
meta_ads,other,small,4.41,1,0.2174,18,0.419,5,2.49,141193654,1,0,0,0,0,3,1,0,0.333,0,0.0,0,0,2,0,0.0,0.0,0.0,0,0,999,lead,0,0
manual,manufacturing,small,8.07,0,0.0952,19,0.703,2,2.06,326713717,1,1,0,1,0,1,0,0,0.0,1,650447.0,1,1,0,0,0.0,0.0,0.0,0,0,999,lead,0,0
meta_ads,health,small,5.77,0,0.0,12,0.409,0,5.0,428426975,1,0,0,0,0,0,0,0,0.0,0,0.0,0,0,0,0,0.0,0.0,0.0,0,0,999,lead,0,0
meta_ads,manufacturing,medium,4.11,2,0.0833,33,0.462,3,2.91,1890608475,2,0,0,0,1,2,1,0,0.5,3,1619740.0,1,0,2,0,0.0,0.0,0.0,0,0,999,lead,0,0
meta_ads,health,small,6.28,0,0.0357,54,0.0,2,4.83,179018821,2,0,0,0,0,1,0,0,0.0,1,1980805.0,0,0,0,0,0.0,0.0,0.0,0,1,999,churned,0,1
meta_ads,other,small,9.05,0,0.0588,16,0.534,1,4.29,273118613,1,0,0,0,0,1,0,1,0.0,1,1117051.0,0,0,0,0,0.0,0.0,0.0,0,0,999,lead,0,0
manual,manufacturing,large,5.08,2,0.5,11,0.498,11,2.41,4378114041,2,0,1,0,0,2,0,0,0.0,0,0.0,0,0,3,0,0.0,0.0,0.0,0,0,999,prospect,0,0
other,finance,medium,3.19,1,0.5,13,0.339,13,3.89,891616004,2,0,0,1,0,0,0,0,0.0,1,3626610.0,1,1,2,2,0.0,0.0,43.04,0,1,999,prospect,0,0
organic,technology,medium,3.57,1,0.1429,6,0.872,1,2.39,1426378516,2,0,0,0,0,2,1,0,0.5,1,3106236.0,1,0,1,1,3444247.0,1529025.33,44.39,0,0,999,lead,0,0
meta_ads,technology,medium,7.34,0,0.0,18,0.424,0,2.71,1374108397,1,0,0,0,0,0,0,0,0.0,1,1257378.0,1,0,0,0,0.0,0.0,0.0,0,0,999,lead,0,0
organic,education,small,4.91,1,0.5,8,0.647,8,3.84,109068532,0,0,0,0,0,0,0,0,0.0,1,2075915.0,1,1,1,1,1066612.0,462727.48,43.38,0,0,999,prospect,0,0
manual,education,medium,4.31,1,0.7778,2,0.286,7,3.42,1132114530,2,0,0,0,0,0,0,1,0.0,0,0.0,0,0,1,0,0.0,0.0,0.0,0,0,999,lead,0,0
referral,other,large,6.72,3,0.2,4,0.563,1,5.0,5569983914,1,0,0,1,1,2,2,0,1.0,1,3006170.0,1,0,1,0,0.0,0.0,0.0,0,0,999,lead,0,0
meta_ads,services,medium,3.99,1,0.0435,22,0.456,1,2.56,1339319890,1,0,0,0,1,0,0,0,0.0,0,0.0,0,0,2,0,0.0,0.0,0.0,1,0,71,churned,0,1
meta_ads,education,large,11.14,0,0.0517,55,0.261,3,4.1,5015046676,2,0,0,0,0,0,0,0,0.0,0,0.0,0,0,2,0,0.0,0.0,0.0,0,1,999,churned,0,1
manual,services,startup,1.44,3,0.9231,1,0.532,12,4.65,55161510,1,1,0,0,0,0,0,0,0.0,3,1410723.0,3,1,2,2,9841919.0,4208192.11,42.76,1,0,11,customer,1,0
organic,education,large,1.81,2,0.1053,17,0.699,2,3.33,5559391658,0,0,0,0,0,1,1,0,1.0,2,1089895.0,1,0,1,0,0.0,0.0,0.0,0,1,999,prospect,0,0
meta_ads,services,startup,3.36,0,0.25,21,0.813,7,2.59,51392195,1,0,0,0,0,0,0,0,0.0,0,0.0,0,0,2,0,0.0,0.0,0.0,0,0,999,lead,0,0
manual,technology,medium,2.1,2,0.9333,1,0.872,14,4.0,1036784815,2,0,1,0,0,1,1,0,1.0,2,2826791.0,2,1,1,1,1639842.0,522258.18,31.85,0,1,999,customer,1,0
meta_ads,other,small,5.56,0,0.2143,11,0.575,3,4.23,144047809,0,0,0,1,0,1,0,0,0.0,0,0.0,0,0,0,0,0.0,0.0,0.0,1,0,167,lead,0,0
referral,services,startup,1.07,3,0.5714,12,0.536,16,2.95,79335833,2,0,1,0,0,0,0,0,0.0,1,3365097.0,1,0,2,1,1283416.0,613953.56,47.84,0,0,999,customer,1,0
meta_ads,manufacturing,medium,4.75,3,0.0667,14,0.642,1,1.92,1122233249,2,0,0,1,0,0,0,0,0.0,0,0.0,0,0,2,0,0.0,0.0,0.0,0,0,999,lead,0,0
referral,manufacturing,startup,1.69,1,0.5714,6,0.715,8,4.86,96176213,2,0,1,0,0,0,0,0,0.0,4,2423688.0,1,1,3,2,1003551.0,389381.54,38.8,0,1,999,customer,1,0
meta_ads,education,medium,2.23,0,0.5556,4,0.371,5,3.52,889248982,1,0,0,0,0,1,0,0,0.0,1,1617492.0,1,0,1,0,0.0,0.0,0.0,1,1,120,prospect,0,0
meta_ads,services,medium,5.36,2,0.6154,5,0.497,8,4.99,634452394,0,0,0,0,0,2,0,0,0.0,2,2418307.0,1,1,1,1,2523757.0,1707631.46,67.66,1,0,5,customer,1,0
meta_ads,technology,small,9.25,2,0.1667,15,0.627,3,1.87,269855843,1,0,0,0,0,0,0,0,0.0,1,1100712.0,1,0,0,0,0.0,0.0,0.0,0,0,999,lead,0,0
organic,retail,medium,1.03,0,1.0,0,0.751,13,3.91,1882671937,2,0,0,0,0,2,1,0,0.5,5,1216423.0,3,0,2,1,537739.0,161401.08,30.01,0,0,999,customer,1,0
meta_ads,other,medium,0.13,1,1.0,0,0.747,7,3.3,1692311804,2,0,0,0,0,1,1,0,1.0,1,2468511.0,1,0,2,1,779100.0,207023.89,26.57,0,0,999,prospect,0,0
organic,finance,large,0.41,0,0.1562,27,0.588,5,3.31,9019263647,3,0,0,0,0,1,1,0,1.0,2,601304.0,0,0,1,0,0.0,0.0,0.0,0,1,999,lead,0,0
organic,health,medium,2.41,1,0.0784,47,0.449,4,3.68,1994338948,1,0,0,0,0,1,0,0,0.0,1,1075744.0,1,0,0,0,0.0,0.0,0.0,0,0,999,lead,0,0
meta_ads,services,small,4.98,3,0.4737,10,0.748,9,4.42,412758199,1,0,0,0,0,0,0,0,0.0,4,1649804.0,2,0,2,1,0.0,0.0,50.04,0,0,999,prospect,0,0
meta_ads,manufacturing,medium,3.11,2,0.8,1,0.601,4,3.62,1041128625,2,1,0,0,0,2,0,0,0.0,0,0.0,0,0,2,1,1628039.0,497868.17,30.58,0,0,999,prospect,0,0
manual,retail,large,1.47,1,0.1429,12,0.382,2,2.22,3633602977,2,0,0,0,0,2,0,0,0.0,0,0.0,0,0,1,0,0.0,0.0,0.0,0,0,999,lead,0,0
manual,technology,enterprise,2.35,0,0.0,5,0.438,0,4.25,67372773193,2,0,0,0,0,1,0,0,0.0,0,0.0,0,0,2,2,2564325.0,1097764.4,42.81,0,0,999,customer,1,0
organic,health,medium,2.62,1,0.3043,16,0.348,7,4.27,1008127772,2,0,0,0,0,1,0,0,0.0,3,1386780.0,2,0,1,1,5088841.0,3069224.08,60.31,0,0,999,prospect,0,0
meta_ads,services,medium,5.08,1,0.5556,4,0.727,5,3.86,862890433,1,0,0,0,0,0,0,0,0.0,2,2419492.0,2,1,3,0,0.0,0.0,0.0,0,0,999,customer,1,0
manual,education,small,5.05,0,0.25,6,0.533,2,3.19,292609498,1,0,0,0,0,1,0,0,0.0,0,0.0,0,0,1,1,2602190.0,718873.48,27.63,0,0,999,lead,0,0
meta_ads,education,medium,3.03,1,0.5789,8,0.657,11,3.68,804854329,0,1,0,0,0,2,0,0,0.0,1,2645334.0,1,1,0,0,0.0,0.0,0.0,1,0,41,prospect,0,0
meta_ads,other,medium,1.39,1,0.5455,5,0.506,6,4.81,1016201936,1,0,0,0,0,0,0,0,0.0,3,169617.0,1,0,0,0,0.0,0.0,0.0,1,0,178,prospect,0,0
meta_ads,services,enterprise,3.88,0,0.6667,4,0.702,8,4.14,17845144090,1,0,0,0,1,0,0,0,0.0,3,2143512.0,2,0,2,1,1650532.0,732866.05,44.4,1,0,90,customer,1,0
manual,retail,large,4.99,2,0.2857,5,0.719,2,4.08,7152020805,1,0,0,0,0,1,1,0,1.0,1,1521057.0,1,1,1,0,0.0,0.0,0.0,1,0,80,customer,1,0
manual,health,large,5.9,2,0.3125,11,0.43,5,3.56,5290827338,2,0,0,0,0,2,1,0,0.5,0,0.0,0,0,0,0,0.0,0.0,0.0,0,0,999,prospect,0,0
manual,services,large,6.85,1,0.1471,29,0.7,5,3.82,9271843243,2,0,0,0,0,2,1,0,0.5,2,1211398.0,1,0,2,1,4035524.0,1802023.98,44.65,0,0,999,lead,0,0
referral,services,startup,5.48,1,0.0,4,0.49,0,3.08,53285844,3,1,0,0,0,2,1,0,0.5,1,1705944.0,0,0,0,0,0.0,0.0,0.0,0,0,999,lead,0,0
other,manufacturing,enterprise,8.17,0,0.1818,18,0.022,4,3.56,54065058814,1,0,0,0,0,2,0,0,0.0,2,2409513.0,1,0,0,0,0.0,0.0,0.0,0,0,999,lead,0,0
meta_ads,manufacturing,large,4.97,0,0.0645,29,0.238,2,2.13,8439624716,2,0,1,0,0,1,1,0,1.0,1,2069666.0,1,0,1,0,0.0,0.0,0.0,0,0,999,lead,0,0
meta_ads,health,medium,20.35,0,0.0714,39,0.327,3,3.0,1406286368,1,0,0,0,1,1,0,2,0.0,1,945656.0,0,0,3,0,0.0,0.0,0.0,1,1,148,churned,0,1
referral,health,medium,0.0,1,0.3077,9,0.32,4,4.37,512112993,3,0,0,0,0,1,1,0,1.0,1,2497533.0,1,1,2,2,7830379.0,4744477.45,60.59,0,0,999,prospect,0,0
meta_ads,health,startup,12.78,1,0.0667,28,0.564,2,3.2,52174372,3,0,0,0,0,1,1,0,1.0,0,0.0,0,0,0,0,0.0,0.0,0.0,0,0,999,lead,0,0
meta_ads,health,large,0.0,2,0.2727,8,0.429,3,3.87,8022680673,0,0,0,0,0,1,1,0,1.0,3,2195770.0,0,0,1,0,0.0,0.0,0.0,0,0,999,lead,0,0
organic,health,medium,9.45,0,0.0316,92,0.307,3,1.29,1550935998,2,0,0,1,1,0,0,1,0.0,1,1354729.0,1,0,2,1,201356.0,43103.77,21.41,0,0,999,churned,0,1
other,technology,startup,13.01,1,0.02,49,0.049,1,3.34,61427909,1,0,0,1,1,0,0,0,0.0,1,760241.0,0,0,2,0,0.0,0.0,0.0,0,1,999,churned,0,1
referral,finance,medium,4.46,2,0.0857,32,0.381,3,5.0,645422184,3,0,0,0,0,0,0,0,0.0,1,694462.0,1,0,0,0,0.0,0.0,0.0,0,0,999,lead,0,0
meta_ads,health,startup,4.45,3,0.3,14,0.104,6,4.69,24397229,1,0,1,1,0,0,0,0,0.0,0,0.0,0,0,1,1,2624439.0,1460847.08,55.66,0,1,999,prospect,0,0
referral,other,large,5.31,2,0.8182,2,0.545,9,3.51,5222632395,1,1,0,0,1,2,2,0,1.0,2,3026553.0,1,1,0,0,0.0,0.0,0.0,1,0,104,customer,1,0
meta_ads,finance,large,2.92,1,0.2143,11,0.381,3,2.73,6314814413,0,0,0,1,1,1,0,0,0.0,0,0.0,0,0,1,0,0.0,0.0,0.0,0,0,999,lead,0,0
referral,finance,small,2.34,0,0.6,4,0.625,6,3.84,232316787,2,0,1,0,0,3,0,0,0.0,4,3887442.0,2,0,0,0,0.0,0.0,0.0,0,0,999,prospect,0,0
meta_ads,other,enterprise,4.18,2,0.8333,4,0.265,20,3.47,53711476538,2,0,0,0,1,2,0,0,0.0,1,1585163.0,1,0,0,0,0.0,0.0,0.0,0,0,999,prospect,0,0
meta_ads,technology,startup,2.88,3,0.619,8,0.712,13,3.01,69418096,1,1,1,0,0,1,1,0,1.0,2,3313113.0,2,1,0,0,0.0,0.0,0.0,0,0,999,customer,1,0
meta_ads,technology,small,10.78,0,0.1148,54,0.175,7,3.78,479421981,0,0,0,0,0,2,1,0,0.5,0,0.0,0,0,2,0,0.0,0.0,0.0,1,1,42,churned,0,1
organic,manufacturing,large,0.8,1,0.3333,18,0.583,9,3.14,5837574744,0,0,1,0,0,1,0,0,0.0,2,3245704.0,1,0,3,2,6037480.0,3391770.4,56.18,0,0,999,prospect,0,0
referral,technology,large,5.39,2,1.0,0,0.49,7,3.94,4164645701,2,0,1,0,0,1,0,0,0.0,0,0.0,0,0,1,0,0.0,0.0,0.0,1,1,133,prospect,0,0
referral,retail,large,2.03,2,0.5,7,0.302,7,2.69,5848861379,2,0,0,0,1,2,1,0,0.5,1,2449034.0,1,0,0,0,0.0,0.0,0.0,0,0,999,prospect,0,0
organic,technology,small,3.22,0,0.0,9,0.384,0,3.23,471984930,1,0,0,1,0,1,1,0,1.0,0,0.0,0,0,2,0,0.0,0.0,0.0,0,0,999,churned,0,1
other,services,large,4.26,4,0.1765,14,0.542,3,4.87,8500942509,0,0,0,0,0,2,1,0,0.5,3,1537939.0,2,0,2,1,2802021.0,626543.52,22.36,0,0,999,prospect,0,0
manual,health,medium,3.97,0,0.0714,26,0.223,2,4.05,767632733,0,0,0,1,1,0,0,0,0.0,1,2141655.0,0,0,0,0,0.0,0.0,0.0,0,0,999,lead,0,0
manual,retail,large,5.49,0,0.0217,45,0.325,1,2.93,2904382785,1,0,0,1,1,0,0,1,0.0,1,2249263.0,0,0,0,0,0.0,0.0,0.0,0,0,999,lead,0,0
meta_ads,finance,large,8.95,0,0.6,2,0.577,3,3.58,5618996813,2,0,0,0,0,0,0,0,0.0,1,594579.0,0,0,0,0,0.0,0.0,0.0,0,0,999,lead,0,0
manual,finance,medium,2.05,0,0.0,20,0.353,0,3.6,842800913,1,0,0,0,0,1,1,0,1.0,0,0.0,0,0,1,0,0.0,0.0,0.0,0,0,999,lead,0,0
meta_ads,manufacturing,small,4.31,5,0.75,2,0.532,6,4.87,370995830,0,0,0,0,0,0,0,0,0.0,7,1600224.0,3,0,2,2,961530.0,196897.69,20.48,0,1,999,customer,1,0
manual,other,small,3.93,0,0.0667,28,0.559,2,2.65,440543693,1,0,0,0,1,2,0,0,0.0,0,0.0,0,0,0,0,0.0,0.0,0.0,1,0,18,lead,0,0
other,services,small,3.7,0,0.0476,40,0.219,2,1.0,143226695,2,0,0,1,0,1,1,0,1.0,0,0.0,0,0,1,0,0.0,0.0,0.0,0,0,999,churned,0,1
manual,education,medium,6.99,2,0.0,18,0.374,0,3.75,889804268,1,0,0,0,1,0,0,0,0.0,0,0.0,0,0,2,0,0.0,0.0,0.0,0,0,999,lead,0,0
organic,education,large,2.87,1,0.5,3,0.525,3,2.43,7789295425,1,0,1,0,0,0,0,0,0.0,2,1704986.0,1,1,3,0,0.0,0.0,0.0,0,1,999,prospect,0,0
referral,finance,enterprise,6.16,0,0.0,100,0.225,0,2.08,32269430365,1,0,0,0,0,0,0,0,0.0,0,0.0,0,0,4,0,0.0,0.0,0.0,0,1,999,churned,0,1
referral,retail,enterprise,0.0,0,0.25,12,0.249,4,2.74,41864189066,2,1,0,0,0,1,0,0,0.0,2,1969342.0,1,0,1,1,2937980.0,1482399.51,50.46,0,0,999,prospect,0,0
organic,manufacturing,medium,3.49,2,0.2903,22,0.281,9,3.31,1567543324,1,0,0,0,0,1,0,0,0.0,0,0.0,0,0,0,0,0.0,0.0,0.0,0,0,999,lead,0,0
organic,manufacturing,small,1.5,2,0.6111,7,0.29,11,2.81,225238413,2,0,0,0,0,1,1,0,1.0,1,2872659.0,1,1,1,1,3755398.0,1923278.9,51.21,0,0,999,prospect,0,0
meta_ads,technology,large,1.32,2,0.6471,6,0.579,11,4.46,5611161781,1,1,1,0,0,0,0,0,0.0,2,3457112.0,2,1,3,1,2506051.0,1655606.96,66.06,0,0,999,customer,1,0
meta_ads,technology,medium,9.96,3,0.2692,19,0.375,7,3.41,1336683802,0,0,1,0,0,0,0,0,0.0,2,1576750.0,1,0,0,0,0.0,0.0,0.0,0,0,999,lead,0,0
meta_ads,education,startup,4.0,1,1.0,0,0.486,15,3.55,72841485,1,0,0,0,0,2,2,0,1.0,6,1907876.0,2,0,0,0,0.0,0.0,0.0,0,0,999,prospect,0,0
other,services,medium,2.23,1,0.75,3,0.797,9,3.41,1246244115,1,0,1,0,0,2,1,0,0.5,3,2339021.0,1,1,1,0,0.0,0.0,0.0,0,0,999,prospect,0,0
meta_ads,health,small,0.68,1,0.1389,31,0.401,5,2.16,217948092,2,0,0,1,0,1,0,0,0.0,1,592306.0,1,1,1,0,0.0,0.0,0.0,0,0,999,lead,0,0
manual,services,medium,10.49,0,0.0645,87,0.123,6,2.29,989037624,1,0,0,0,0,1,0,0,0.0,1,1260057.0,0,0,0,0,0.0,0.0,0.0,1,0,105,churned,0,1
referral,finance,small,5.91,1,1.0,0,0.425,5,4.77,110234980,1,0,0,0,0,2,1,0,0.5,1,654893.0,1,0,3,1,953863.0,629155.26,65.96,0,1,999,prospect,0,0
referral,retail,medium,5.72,1,1.0,0,0.526,6,5.0,1118815588,0,0,0,0,0,1,1,0,1.0,2,1479993.0,1,0,0,0,0.0,0.0,0.0,0,0,999,lead,0,0
referral,manufacturing,small,5.26,2,0.3182,15,0.537,7,4.65,478667122,0,0,0,0,0,1,1,0,1.0,2,1550244.0,1,1,3,0,0.0,0.0,0.0,0,0,999,prospect,0,0
referral,education,startup,1.96,1,0.8,2,0.451,8,2.98,32629964,0,1,0,0,0,1,1,0,1.0,2,630756.0,1,1,3,0,0.0,0.0,0.0,0,0,999,customer,1,0
referral,technology,medium,7.3,0,0.375,10,0.348,6,5.0,790896471,2,0,0,0,0,2,2,0,1.0,0,0.0,0,0,2,1,2127563.0,605885.95,28.48,0,0,999,prospect,0,0
referral,technology,startup,12.86,0,0.1429,18,0.494,3,2.25,18925529,1,0,1,0,0,1,0,1,0.0,1,1698271.0,0,1,0,0,0.0,0.0,0.0,0,1,999,lead,0,0
referral,education,startup,4.61,3,0.3636,14,0.43,8,4.9,13911893,1,0,1,0,0,3,1,0,0.333,2,2247139.0,1,1,1,1,2799275.0,744839.62,26.61,1,0,175,prospect,0,0
meta_ads,other,startup,11.69,0,0.35,13,0.517,7,3.37,94513006,1,0,0,0,0,1,0,0,0.0,1,1314279.0,1,0,0,0,0.0,0.0,0.0,1,1,105,lead,0,0
meta_ads,manufacturing,startup,0.91,0,0.4167,14,0.505,10,4.98,52770641,2,0,0,0,0,2,2,0,1.0,0,0.0,0,0,3,2,1464402.0,788393.84,53.84,0,0,999,prospect,0,0
organic,finance,large,3.67,1,0.4091,13,0.598,9,4.11,6769868834,1,0,0,0,0,1,0,0,0.0,1,1691288.0,1,0,1,1,2235755.0,1501227.59,67.15,0,0,999,prospect,0,0
organic,education,small,10.72,0,0.0,23,0.687,0,3.65,197840982,1,0,1,0,0,0,0,0,0.0,0,0.0,0,0,0,0,0.0,0.0,0.0,0,0,999,lead,0,0
other,other,medium,8.15,2,0.2222,35,0.14,10,3.19,912334222,2,0,0,0,0,1,1,0,1.0,0,0.0,0,0,2,1,3227258.0,1005113.15,31.14,0,0,999,lead,0,0
manual,health,medium,2.93,2,0.6522,8,0.745,15,2.93,1437063540,1,0,1,0,0,1,1,0,1.0,2,2664435.0,2,0,1,0,0.0,0.0,0.0,0,0,999,customer,1,0
meta_ads,finance,large,6.77,0,0.0741,50,0.298,4,5.0,8144150458,1,0,0,1,0,0,0,0,0.0,2,159908.0,1,0,0,0,0.0,0.0,0.0,0,1,999,churned,0,1
manual,finance,medium,2.41,0,0.0213,92,0.365,2,1.85,857663842,1,0,0,0,0,0,0,0,0.0,0,0.0,0,0,1,0,0.0,0.0,0.0,0,1,999,churned,0,1
referral,services,medium,2.3,2,0.45,11,0.9,9,4.57,1522284394,2,0,1,0,0,1,1,0,1.0,4,2434033.0,3,1,3,1,2031992.0,1061384.29,52.23,0,0,999,customer,1,0
manual,health,small,0.0,4,0.3,14,0.577,6,3.82,338320715,3,1,0,0,0,1,1,2,1.0,3,2632690.0,2,0,4,3,9869594.0,5615237.3,56.89,0,0,999,prospect,0,0
meta_ads,education,startup,5.46,1,1.0,0,0.682,13,4.1,19306734,0,1,1,0,0,0,0,0,0.0,2,2289660.0,1,0,2,2,4743323.0,1778787.81,37.5,0,0,999,customer,1,0
organic,manufacturing,startup,5.29,2,0.0769,24,0.676,2,2.26,94652760,3,1,0,0,0,2,1,0,0.5,0,0.0,0,0,1,0,0.0,0.0,0.0,0,1,999,lead,0,0
other,manufacturing,large,6.91,0,0.2,16,0.354,4,4.59,5909387925,2,0,0,1,1,1,1,0,1.0,1,714506.0,0,1,2,0,0.0,0.0,0.0,0,0,999,lead,0,0
referral,retail,medium,2.52,1,0.7857,3,0.47,11,4.67,1643024409,1,1,0,1,0,1,1,0,1.0,3,1639874.0,2,0,2,1,2822485.0,1687276.37,59.78,0,0,999,prospect,0,0
organic,services,startup,4.24,0,0.0133,74,0.402,1,3.76,71839872,2,0,0,0,1,0,0,1,0.0,2,2138070.0,1,0,0,0,0.0,0.0,0.0,0,1,999,churned,0,1
meta_ads,other,medium,7.31,2,0.4286,8,0.646,6,4.71,1028275347,0,0,0,0,0,1,0,0,0.0,0,0.0,0,0,1,1,2526805.0,1175415.1,46.52,0,0,999,prospect,0,0
referral,finance,medium,5.84,4,0.4,9,0.54,6,4.41,1647260348,2,0,0,0,0,1,1,0,1.0,1,981282.0,1,0,0,0,0.0,0.0,0.0,0,0,999,prospect,0,0
referral,manufacturing,small,1.35,3,0.5556,8,0.364,10,4.27,137477128,0,0,0,0,1,1,0,0,0.0,3,2686963.0,1,1,2,1,2337401.0,724562.83,31.0,0,0,999,prospect,0,0
referral,health,small,6.62,2,1.0,0,0.796,7,3.84,494652503,0,0,1,0,0,0,0,0,0.0,2,2052481.0,1,0,2,1,3090039.0,1583003.63,51.23,0,1,999,prospect,0,0
meta_ads,retail,enterprise,3.31,1,1.0,0,0.407,10,3.62,23438772919,3,0,0,0,0,0,0,2,0.0,3,3305542.0,1,1,1,1,2973200.0,936908.75,31.51,1,0,54,prospect,0,0
organic,retail,small,5.72,3,1.0,0,0.796,14,4.44,479668133,0,0,0,0,0,0,0,0,0.0,4,1560075.0,1,0,0,0,0.0,0.0,0.0,0,0,999,prospect,0,0
manual,health,large,3.84,0,0.8182,2,0.69,9,4.41,7306729897,2,0,0,0,0,1,1,0,1.0,5,2499997.0,2,1,1,1,929682.0,451506.65,48.57,0,1,999,customer,1,0
organic,services,medium,13.53,2,0.087,21,0.0,2,2.6,1109726683,1,0,0,0,1,0,0,1,0.0,1,1653396.0,0,0,1,0,0.0,0.0,0.0,0,1,999,churned,0,1
organic,other,large,12.38,0,0.4286,4,0.393,3,3.25,2562192435,1,0,0,0,0,0,0,0,0.0,2,1009274.0,1,0,1,0,0.0,0.0,0.0,0,0,999,lead,0,0
manual,services,small,3.06,0,0.0,12,0.545,0,3.05,496636292,1,1,0,0,1,3,1,0,0.333,0,0.0,0,0,0,0,0.0,0.0,0.0,0,0,999,lead,0,0
organic,technology,medium,8.26,1,0.1111,16,0.235,2,5.0,1931333657,1,0,0,0,1,0,0,1,0.0,0,0.0,0,0,1,0,0.0,0.0,0.0,0,0,999,lead,0,0
meta_ads,health,small,5.19,1,0.0094,105,0.097,1,2.13,147899861,3,0,0,1,0,0,0,0,0.0,3,1197744.0,1,0,3,0,0.0,0.0,0.0,0,1,999,churned,0,1
organic,finance,startup,0.0,1,0.2857,10,0.252,4,3.61,23724119,3,0,0,0,0,2,0,0,0.0,0,0.0,0,0,1,0,0.0,0.0,0.0,0,0,999,lead,0,0
other,other,medium,4.56,1,0.0,56,0.157,0,1.0,1763774544,0,0,0,0,0,2,0,0,0.0,0,0.0,0,0,1,1,1311352.0,411845.71,31.41,0,1,999,churned,0,1
manual,technology,small,0.43,1,0.0476,20,0.142,1,3.06,339879027,1,0,0,1,1,1,0,0,0.0,2,1602103.0,1,0,1,0,0.0,0.0,0.0,1,1,179,churned,0,1
manual,other,large,1.65,0,0.6364,4,0.348,7,4.76,6788680391,1,0,0,0,0,0,0,0,0.0,2,2903523.0,1,0,1,0,0.0,0.0,0.0,0,0,999,prospect,0,0
organic,manufacturing,enterprise,2.77,1,0.3333,6,0.474,3,3.24,59380010227,3,0,0,0,0,0,0,0,0.0,2,2562955.0,1,0,3,1,1935065.0,1339503.02,69.22,0,0,999,prospect,0,0
organic,finance,small,1.35,4,0.5,8,0.665,8,4.7,340022770,1,0,0,0,0,1,1,0,1.0,2,4487665.0,2,0,1,1,3507362.0,2241716.67,63.91,1,0,2,customer,1,0
other,other,medium,3.3,3,0.4667,8,0.619,7,3.47,1425380492,2,1,1,0,0,1,1,0,1.0,3,2400327.0,1,0,1,0,0.0,0.0,0.0,0,0,999,prospect,0,0
meta_ads,education,small,3.67,0,0.0,10,0.429,0,3.45,129459704,3,0,0,0,0,0,0,0,0.0,0,0.0,0,0,3,0,0.0,0.0,0.0,1,0,64,lead,0,0
manual,services,medium,4.25,3,0.8,2,0.824,8,3.46,1788687092,0,0,0,0,0,0,0,0,0.0,1,1873045.0,1,1,1,0,0.0,0.0,0.0,0,0,999,customer,1,0
meta_ads,education,enterprise,0.81,0,0.4348,13,0.442,10,3.1,80737968961,0,0,0,0,0,0,0,0,0.0,4,3401579.0,2,0,1,1,1703514.0,828122.58,48.61,1,0,56,customer,1,0
referral,health,small,2.13,1,0.4286,4,0.578,3,2.7,121970169,1,0,1,0,0,0,0,0,0.0,2,1739934.0,0,0,1,0,0.0,0.0,0.0,0,0,999,lead,0,0
manual,services,medium,4.47,0,0.45,11,0.53,9,3.57,1667917619,1,0,1,1,0,2,1,1,0.5,3,2184976.0,1,0,0,0,0.0,0.0,0.0,0,0,999,prospect,0,0
manual,health,enterprise,4.55,2,0.6923,4,0.736,9,3.22,28609825871,0,0,0,0,0,0,0,0,0.0,3,1728369.0,2,1,2,0,0.0,0.0,0.0,0,1,999,customer,1,0
referral,services,medium,0.94,0,0.3913,14,0.825,9,3.27,1232770044,2,0,0,0,0,1,1,0,1.0,0,0.0,0,0,2,1,5161339.0,1653235.17,32.03,0,0,999,prospect,0,0
meta_ads,services,small,5.16,0,0.039,74,0.184,3,2.84,472473171,2,0,0,0,0,0,0,0,0.0,0,0.0,0,0,0,0,0.0,0.0,0.0,0,1,999,churned,0,1
meta_ads,retail,startup,5.51,0,0.1515,28,0.0,5,3.16,41272678,1,0,0,0,0,0,0,0,0.0,1,1609213.0,1,1,2,0,0.0,0.0,0.0,0,0,999,lead,0,0
meta_ads,finance,large,2.64,0,0.0909,30,0.801,3,3.89,8405958226,2,0,0,0,0,1,0,0,0.0,0,0.0,0,0,0,0,0.0,0.0,0.0,0,0,999,lead,0,0
meta_ads,services,large,4.35,0,0.6,6,0.522,9,2.6,2086022137,1,1,0,1,0,0,0,0,0.0,2,2259570.0,1,0,2,1,3050912.0,618559.33,20.27,1,1,70,customer,1,0
referral,technology,small,4.2,0,0.1154,23,0.367,3,4.44,275488656,0,1,0,0,0,0,0,0,0.0,0,0.0,0,0,1,0,0.0,0.0,0.0,0,0,999,lead,0,0
manual,finance,medium,4.35,1,0.0,7,0.455,0,4.32,1360649568,1,1,0,0,0,1,1,0,1.0,1,1326189.0,1,1,0,0,0.0,0.0,0.0,0,0,999,prospect,0,0
referral,education,small,4.57,0,1.0,0,0.696,6,3.62,378803670,3,0,0,0,0,1,1,0,1.0,2,3189188.0,2,1,3,0,0.0,0.0,0.0,1,0,40,customer,1,0
meta_ads,retail,startup,8.4,2,0.0154,64,0.191,1,2.18,65338287,2,0,0,0,0,1,0,1,0.0,3,601241.0,1,0,1,0,0.0,0.0,0.0,1,0,34,churned,0,1
manual,services,medium,2.6,0,0.8,2,0.574,8,2.73,1081146952,1,0,0,0,0,1,0,0,0.0,0,0.0,0,0,0,0,0.0,0.0,0.0,0,1,999,prospect,0,0
referral,retail,small,0.0,0,0.2647,25,0.971,9,4.39,391935196,1,1,0,0,0,1,1,0,1.0,4,825377.0,1,0,2,1,3576347.0,1032794.94,28.88,0,0,999,prospect,0,0
manual,retail,small,5.43,0,0.2667,11,0.449,4,3.88,476309246,0,0,1,0,0,1,1,0,1.0,1,1914203.0,1,0,1,1,2908700.0,1156201.42,39.75,0,0,999,lead,0,0
referral,services,small,4.71,2,0.45,11,0.621,9,4.14,399558258,2,0,0,0,0,1,1,0,1.0,2,3983368.0,2,0,0,0,0.0,0.0,0.0,1,0,46,customer,1,0
referral,other,large,0.04,0,0.7143,4,0.812,10,3.56,6991826019,2,0,0,0,0,0,0,0,0.0,2,1884243.0,1,1,2,2,4703029.0,3177823.32,67.57,0,0,999,customer,1,0
manual,finance,medium,2.76,1,0.0,0,0.088,0,2.37,1758131866,2,1,0,1,1,1,1,0,1.0,0,0.0,0,0,2,0,0.0,0.0,0.0,0,0,999,lead,0,0
meta_ads,retail,small,4.82,2,0.1613,26,0.42,5,3.54,136346203,0,0,0,1,0,0,0,1,0.0,0,0.0,0,0,0,0,0.0,0.0,0.0,1,0,9,lead,0,0
other,technology,medium,4.77,2,0.5,8,0.425,8,2.42,641897855,1,1,0,1,0,0,0,0,0.0,1,1087734.0,1,1,0,0,0.0,0.0,0.0,1,0,35,prospect,0,0
referral,services,small,5.12,1,0.3333,4,0.597,2,4.41,124996585,3,0,1,0,0,1,1,0,1.0,0,0.0,0,0,1,1,2950699.0,1891628.51,64.11,0,0,999,prospect,0,0
manual,technology,small,2.79,4,0.5556,8,0.59,10,3.43,464486690,2,0,0,0,0,2,1,0,0.5,2,3959918.0,1,0,3,3,2797728.0,1819317.4,65.03,1,0,159,prospect,0,0
manual,manufacturing,large,10.37,0,0.1818,27,0.335,6,3.68,5373100496,1,0,0,0,0,2,1,0,0.5,0,0.0,0,0,0,0,0.0,0.0,0.0,0,0,999,lead,0,0
manual,services,medium,0.83,1,0.3333,8,0.189,4,3.54,864119283,1,1,0,0,0,0,0,1,0.0,1,2229361.0,1,0,1,0,0.0,0.0,0.0,0,0,999,lead,0,0
referral,other,small,2.04,4,1.0,0,0.263,6,4.96,455977316,3,1,0,0,0,1,0,0,0.0,2,1303292.0,1,1,2,1,4189925.0,963077.31,22.99,0,0,999,prospect,0,0
other,finance,small,5.88,2,0.5294,8,0.766,9,4.59,165625820,1,0,0,0,0,0,0,0,0.0,1,3196153.0,1,1,2,1,3159277.0,2023287.88,64.04,1,0,139,customer,1,0
other,technology,medium,3.79,0,0.0435,22,0.244,1,3.29,677227728,1,0,0,0,0,0,0,0,0.0,0,0.0,0,0,0,0,0.0,0.0,0.0,0,0,999,lead,0,0
manual,retail,startup,2.13,3,0.5455,5,0.735,6,3.74,95308029,1,0,0,0,0,0,0,0,0.0,1,1878460.0,1,1,4,0,0.0,0.0,0.0,0,0,999,customer,1,0
meta_ads,retail,small,4.85,4,0.3333,20,0.552,10,4.28,397525910,1,0,0,0,0,0,0,0,0.0,2,1832287.0,1,1,1,0,0.0,0.0,0.0,1,0,23,prospect,0,0
organic,retail,large,1.07,0,0.2581,23,0.57,8,4.4,3910550479,2,1,0,0,0,0,0,0,0.0,0,0.0,0,0,4,0,0.0,0.0,0.0,0,0,999,prospect,0,0
referral,technology,large,4.86,0,0.1875,13,0.685,3,3.63,3721541858,1,0,0,0,0,0,0,0,0.0,3,2919519.0,3,1,1,1,4994159.0,2266753.31,45.39,0,0,999,customer,1,0
manual,retail,small,2.82,0,0.4118,10,0.567,7,4.07,410879062,1,0,0,0,0,2,0,0,0.0,1,1730644.0,1,0,1,0,0.0,0.0,0.0,0,0,999,prospect,0,0
organic,technology,medium,4.62,2,1.0,0,0.443,14,3.82,535054703,2,0,0,0,0,2,1,0,0.5,1,3474167.0,1,0,2,2,5605622.0,3425461.37,61.11,0,0,999,customer,1,0
manual,services,small,0.35,2,0.6364,8,0.809,14,3.4,392952890,0,0,0,0,0,1,1,0,1.0,4,3045551.0,1,1,5,1,466757.0,196787.97,42.16,1,0,126,customer,1,0
manual,health,small,11.98,0,0.3077,9,0.194,4,3.9,405388623,2,0,0,0,0,2,0,0,0.0,1,1176098.0,1,1,0,0,0.0,0.0,0.0,1,0,36,lead,0,0
other,finance,small,7.19,0,0.7143,2,0.443,5,5.0,298076089,1,1,0,0,0,1,1,0,1.0,1,2749403.0,1,0,2,2,1299891.0,800039.65,61.55,0,0,999,prospect,0,0
referral,education,medium,2.3,1,0.8333,3,0.658,15,3.68,1556454003,0,0,0,1,0,1,0,0,0.0,3,3109208.0,2,1,6,1,3801698.0,2000777.54,52.63,0,0,999,customer,1,0
referral,manufacturing,startup,7.83,0,0.0811,34,0.0,3,3.5,45483678,0,0,0,0,0,2,1,0,0.5,0,0.0,0,0,1,0,0.0,0.0,0.0,0,1,999,churned,0,1
meta_ads,education,small,0.6,2,0.0,22,0.279,0,5.0,478959214,0,0,0,0,0,0,0,0,0.0,2,1210364.0,0,0,0,0,0.0,0.0,0.0,0,0,999,lead,0,0
referral,health,enterprise,3.98,0,1.0,0,0.244,10,4.6,20250564069,2,0,1,0,0,1,0,0,0.0,2,353162.0,2,1,2,0,0.0,0.0,0.0,0,0,999,prospect,0,0
referral,finance,small,4.44,1,0.1081,33,0.064,4,2.91,389130503,0,0,0,0,0,1,0,0,0.0,0,0.0,0,0,0,0,0.0,0.0,0.0,0,0,999,lead,0,0
organic,technology,large,4.08,3,0.875,1,0.531,7,3.32,6045780003,1,0,0,0,1,0,0,0,0.0,2,1335624.0,1,0,1,0,0.0,0.0,0.0,0,0,999,customer,1,0
organic,retail,startup,3.35,1,0.4815,14,0.82,13,2.86,57805114,3,1,0,0,0,3,2,0,0.667,1,1234123.0,1,1,1,1,5097842.0,1107579.56,21.73,0,0,999,prospect,0,0
meta_ads,finance,small,3.07,1,0.0,7,0.716,0,4.97,342186733,1,0,0,0,0,2,1,0,0.5,2,794139.0,2,1,1,1,289116.0,134824.29,46.63,0,0,999,prospect,0,0
manual,education,small,10.95,0,0.0,19,0.513,0,2.58,225398548,3,0,0,0,0,1,0,2,0.0,1,1642367.0,1,0,0,0,0.0,0.0,0.0,0,0,999,lead,0,0
referral,finance,large,4.62,2,0.5833,5,0.419,7,4.75,8825749790,2,0,0,0,1,1,1,0,1.0,4,1063447.0,2,1,0,0,0.0,0.0,0.0,0,0,999,prospect,0,0
organic,education,startup,4.83,0,0.7778,4,0.637,14,4.09,49924661,2,0,0,1,0,0,0,0,0.0,3,4001653.0,1,1,3,3,9088532.0,3416880.45,37.6,0,0,999,customer,1,0
referral,manufacturing,small,3.15,3,0.5652,10,0.515,13,3.22,113779711,2,0,0,0,0,1,1,0,1.0,3,1709788.0,3,0,1,1,749264.0,294841.98,39.35,0,0,999,customer,1,0
meta_ads,finance,startup,5.77,1,0.0741,25,0.049,2,2.04,80852975,1,0,1,1,0,1,1,0,1.0,2,1519698.0,1,0,0,0,0.0,0.0,0.0,1,0,146,lead,0,0
meta_ads,health,large,9.05,0,0.0,30,0.155,0,2.06,8551880307,1,0,0,0,0,0,0,0,0.0,1,2473451.0,0,1,0,0,0.0,0.0,0.0,0,0,999,lead,0,0
referral,services,small,7.15,3,0.55,9,0.378,11,4.01,344144139,0,0,0,0,0,1,0,0,0.0,3,2185544.0,1,0,1,1,1084783.0,358483.04,33.05,0,1,999,prospect,0,0
organic,manufacturing,large,11.17,1,0.0588,16,0.661,1,4.28,5256128966,1,1,0,0,1,1,0,0,0.0,2,1598759.0,1,0,0,0,0.0,0.0,0.0,0,0,999,lead,0,0
other,technology,startup,4.51,1,0.0,23,0.617,0,2.64,96593834,2,0,0,0,0,0,0,0,0.0,1,1054019.0,0,0,1,0,0.0,0.0,0.0,0,0,999,lead,0,0
meta_ads,finance,small,7.33,2,1.0,0,0.355,9,3.24,373916994,1,0,0,0,1,1,0,0,0.0,2,885084.0,1,0,2,2,4559013.0,1593801.26,34.96,0,1,999,prospect,0,0
meta_ads,technology,small,0.0,3,0.4,6,0.399,4,3.53,425280131,1,0,1,0,0,1,0,0,0.0,0,0.0,0,0,5,2,0.0,0.0,53.1,0,0,999,prospect,0,0
manual,manufacturing,medium,1.07,1,1.0,0,0.541,10,5.0,1607650175,1,0,0,0,0,2,2,0,1.0,4,893148.0,2,1,1,1,1480906.0,635567.33,42.92,1,0,8,prospect,0,0
manual,manufacturing,large,5.28,0,0.0385,25,0.174,1,3.13,6793898003,0,0,0,1,0,0,0,0,0.0,3,1708142.0,1,0,1,0,0.0,0.0,0.0,0,0,999,lead,0,0
manual,health,medium,4.23,4,0.6154,5,0.802,8,3.85,876632701,1,0,0,0,0,0,0,0,0.0,1,0.0,1,0,2,2,7204518.0,2163804.77,30.03,0,0,999,customer,1,0
meta_ads,manufacturing,medium,6.34,0,0.0952,19,0.255,2,2.9,1147901930,1,0,0,1,0,3,0,0,0.0,4,1681215.0,0,0,1,0,0.0,0.0,0.0,0,0,999,lead,0,0
manual,manufacturing,medium,5.2,0,0.4667,8,0.56,7,5.0,1939501071,0,1,0,0,0,0,0,0,0.0,1,2468336.0,1,1,2,2,8007818.0,2309418.18,28.84,0,0,999,customer,1,0
meta_ads,finance,startup,3.7,0,0.2581,23,0.204,8,3.23,50567197,2,0,0,0,0,0,0,0,0.0,1,1382207.0,0,0,0,0,0.0,0.0,0.0,0,0,999,lead,0,0
meta_ads,finance,enterprise,3.62,0,0.5,9,0.391,9,4.0,63996977658,1,0,0,0,0,2,1,0,0.5,1,1086382.0,1,0,1,0,0.0,0.0,0.0,0,0,999,prospect,0,0
manual,retail,startup,9.33,0,0.0,53,0.313,0,3.56,66842559,0,0,0,0,0,2,0,0,0.0,0,0.0,0,0,0,0,0.0,0.0,0.0,0,0,999,churned,0,1
meta_ads,finance,enterprise,3.44,3,0.4348,13,0.599,10,4.02,51613511877,1,0,0,0,0,0,0,0,0.0,3,1236142.0,2,0,0,0,0.0,0.0,0.0,0,0,999,prospect,0,0
referral,manufacturing,small,10.45,0,0.0541,35,0.278,2,3.44,491949460,0,0,0,0,0,0,0,0,0.0,3,1421064.0,0,0,2,0,0.0,0.0,0.0,0,1,999,churned,0,1
manual,retail,small,0.48,2,1.0,0,0.602,7,2.48,311533867,1,0,1,0,0,1,0,0,0.0,0,0.0,0,0,1,1,5715431.0,1710130.27,29.92,0,0,999,prospect,0,0
manual,retail,medium,7.86,3,0.2105,15,0.691,4,4.07,1637367841,1,0,0,0,0,0,0,0,0.0,0,0.0,0,0,2,0,0.0,0.0,0.0,0,0,999,lead,0,0
referral,manufacturing,medium,4.27,1,0.2,4,0.509,1,3.56,1560803932,1,0,0,0,0,3,2,0,0.667,1,2688026.0,1,0,1,1,4262243.0,899262.0,21.1,0,0,999,prospect,0,0
meta_ads,services,large,7.12,0,1.0,0,0.142,6,2.92,4323306083,2,0,0,0,0,1,0,0,0.0,0,0.0,0,0,0,0,0.0,0.0,0.0,0,0,999,lead,0,0
organic,finance,small,1.52,1,0.7059,5,0.693,12,4.3,198618656,1,0,0,0,0,1,1,0,1.0,6,1977042.0,1,1,3,2,7362243.0,3806843.43,51.71,1,0,38,customer,1,0
manual,finance,large,8.6,2,0.4286,8,0.361,6,3.59,4154759463,3,0,0,1,0,2,0,0,0.0,2,990695.0,0,0,0,0,0.0,0.0,0.0,0,0,999,lead,0,0
meta_ads,education,medium,3.07,0,0.5714,3,0.53,4,3.06,1897686205,1,0,0,0,0,2,1,0,0.5,1,1583026.0,1,1,1,0,0.0,0.0,0.0,1,0,167,prospect,0,0
manual,retail,medium,11.6,0,0.1154,23,0.298,3,3.53,562258759,1,0,0,0,0,1,0,0,0.0,2,1972881.0,0,0,0,0,0.0,0.0,0.0,0,0,999,lead,0,0
organic,services,large,10.92,0,0.0536,53,0.0,3,1.0,8568700404,1,1,0,0,0,1,0,0,0.0,0,0.0,0,0,3,0,0.0,0.0,0.0,0,0,999,churned,0,1
referral,technology,startup,7.83,1,0.0435,44,0.198,2,3.15,63780307,1,0,0,1,0,0,0,0,0.0,1,2043967.0,0,0,1,0,0.0,0.0,0.0,1,0,177,churned,0,1
meta_ads,services,small,3.43,4,0.8462,2,0.221,11,1.94,145116187,0,0,1,0,0,2,1,0,0.5,4,1217263.0,1,0,1,1,3569933.0,858037.74,24.04,0,0,999,prospect,0,0
meta_ads,retail,startup,5.96,2,0.2,16,0.388,4,2.98,67363651,2,0,0,0,0,2,1,0,0.5,2,1106440.0,0,1,2,1,2483769.0,525671.6,21.16,0,0,999,lead,0,0
meta_ads,other,startup,2.37,0,0.6364,4,0.778,7,3.07,10867835,1,1,0,0,0,0,0,1,0.0,1,2365264.0,1,1,1,0,0.0,0.0,0.0,1,0,166,customer,1,0
organic,manufacturing,medium,4.81,1,1.0,0,0.507,12,4.28,934973743,2,0,1,0,0,1,0,0,0.0,4,2959289.0,1,1,1,1,3354466.0,2325414.27,69.32,0,0,999,customer,1,0
manual,retail,small,3.89,3,0.4706,9,0.416,8,3.08,367559668,1,1,0,0,0,0,0,0,0.0,3,1347545.0,2,0,2,2,6674985.0,2340430.44,35.06,0,0,999,prospect,0,0
meta_ads,retail,small,1.59,0,0.3182,15,0.318,7,4.92,115888885,1,0,0,0,0,2,1,0,0.5,2,2019905.0,1,1,2,0,0.0,0.0,0.0,0,0,999,prospect,0,0
meta_ads,services,large,3.73,1,0.7692,3,0.593,10,2.89,2668114244,3,0,1,0,0,3,1,0,0.333,1,3029540.0,1,0,3,1,3283428.0,1698921.61,51.74,0,1,999,customer,1,0
organic,finance,small,1.71,1,0.0,16,0.593,0,2.88,115132562,1,0,0,0,0,0,0,0,0.0,2,2364484.0,1,0,0,0,0.0,0.0,0.0,0,1,999,lead,0,0
manual,other,medium,0.0,0,0.0,72,0.324,0,4.16,559841983,1,0,0,1,1,0,0,0,0.0,1,811905.0,0,0,4,2,764922.0,401070.89,52.43,0,0,999,churned,0,1
organic,manufacturing,medium,2.13,2,0.7273,6,0.677,16,4.69,935202421,1,0,0,0,0,1,1,0,1.0,4,2951859.0,2,1,1,0,0.0,0.0,0.0,0,0,999,customer,1,0
meta_ads,finance,medium,1.79,2,0.4,6,0.611,4,2.09,1077151485,0,1,1,0,0,3,2,0,0.667,4,2362466.0,1,0,1,1,4403674.0,1329837.87,30.2,0,0,999,prospect,0,0
organic,manufacturing,small,0.0,0,0.5217,11,0.29,12,2.23,333904720,2,0,1,0,0,0,0,0,0.0,2,3152537.0,2,1,3,3,8650242.0,4382610.56,50.66,0,0,999,prospect,0,0
organic,finance,small,3.18,0,0.0769,24,0.23,2,2.56,173642282,2,0,1,0,0,2,0,1,0.0,2,1151743.0,0,0,0,0,0.0,0.0,0.0,0,0,999,lead,0,0
organic,manufacturing,medium,1.0,2,0.75,1,0.622,3,4.59,1941293739,3,1,1,0,0,2,1,0,0.5,2,2653664.0,1,1,0,0,0.0,0.0,0.0,0,0,999,prospect,0,0
organic,services,small,8.98,0,0.1765,14,0.551,3,3.57,482147059,1,0,0,0,1,2,1,0,0.5,0,0.0,0,0,0,0,0.0,0.0,0.0,0,0,999,lead,0,0
manual,finance,enterprise,5.5,0,0.1282,34,0.26,5,1.69,43034101069,2,0,0,1,0,1,1,0,1.0,2,2642251.0,0,0,1,1,0.0,0.0,54.59,0,0,999,lead,0,0
organic,education,small,0.29,2,0.5,2,0.403,2,4.3,141681733,1,0,0,0,0,0,0,0,0.0,0,0.0,0,0,1,1,682051.0,431433.83,63.26,0,0,999,lead,0,0
referral,education,medium,10.1,0,0.0,60,0.134,0,2.23,883707513,1,0,0,0,0,0,0,2,0.0,2,998996.0,1,0,3,0,0.0,0.0,0.0,0,0,999,churned,0,1
meta_ads,technology,medium,1.54,2,0.16,21,0.709,4,3.95,1660798729,2,0,0,0,1,1,0,0,0.0,2,1407433.0,1,0,0,0,0.0,0.0,0.0,0,0,999,lead,0,0
referral,services,small,0.0,2,1.0,0,0.696,8,4.32,109432887,1,0,0,0,0,3,3,0,1.0,2,2525733.0,1,0,2,1,4770196.0,2345296.94,49.17,0,0,999,customer,1,0
meta_ads,services,small,3.52,3,0.625,6,0.711,10,4.02,367295797,0,0,0,0,0,0,0,0,0.0,5,1911212.0,1,0,3,2,3761817.0,2442109.33,64.92,0,1,999,prospect,0,0
referral,manufacturing,large,2.99,0,0.3636,14,0.491,8,3.18,4848695784,1,0,1,0,0,1,1,0,1.0,2,2551681.0,1,0,0,0,0.0,0.0,0.0,1,0,132,prospect,0,0
organic,finance,large,3.0,0,0.25,9,0.409,3,2.47,3310298594,3,0,1,0,0,3,1,0,0.333,1,1001612.0,1,0,2,2,1267054.0,299835.73,23.66,0,0,999,prospect,0,0
referral,manufacturing,small,5.33,3,0.3846,8,0.686,5,3.4,229022226,2,1,0,0,1,2,1,0,0.5,5,1936804.0,2,0,1,0,0.0,0.0,0.0,1,0,7,customer,1,0
organic,finance,medium,0.93,0,0.7368,5,0.464,14,3.35,904257897,1,0,0,0,0,1,1,0,1.0,2,1647800.0,1,0,3,1,2989817.0,968055.86,32.38,0,0,999,prospect,0,0
referral,finance,startup,4.9,0,0.0952,38,0.19,4,3.58,95001300,1,0,0,0,0,0,0,0,0.0,0,0.0,0,0,0,0,0.0,0.0,0.0,0,0,999,lead,0,0
manual,finance,small,6.37,3,0.0,11,0.689,0,4.54,100998023,3,0,0,0,0,3,1,0,0.333,2,1495607.0,2,0,1,0,0.0,0.0,0.0,0,0,999,prospect,0,0
referral,services,medium,9.64,2,0.5,5,0.557,5,3.02,1921534602,0,0,1,0,1,0,0,0,0.0,1,1681166.0,0,0,0,0,0.0,0.0,0.0,0,0,999,lead,0,0
manual,technology,small,1.94,1,0.25,12,0.646,4,3.24,460210164,1,0,1,0,0,1,1,0,1.0,1,799724.0,1,0,3,3,16122565.0,8605874.23,53.38,0,0,999,prospect,0,0
organic,education,large,0.65,3,0.0,32,0.267,0,4.01,9383631566,2,0,0,0,0,1,0,0,0.0,1,1609211.0,0,1,1,0,0.0,0.0,0.0,0,0,999,lead,0,0
referral,technology,small,4.16,0,0.0,15,0.307,0,2.99,451474461,2,0,0,0,0,1,1,0,1.0,0,0.0,0,0,3,3,8093296.0,5452531.13,67.37,0,0,999,prospect,0,0
other,health,medium,5.95,0,0.0385,50,0.362,2,2.92,885878205,1,0,0,0,0,1,0,0,0.0,3,1615757.0,1,0,2,0,0.0,0.0,0.0,0,0,999,lead,0,0
meta_ads,services,medium,3.57,1,1.0,0,0.225,10,4.9,879888760,0,0,1,0,0,1,0,0,0.0,4,1166703.0,2,0,4,2,1901604.0,1192859.18,62.73,0,0,999,prospect,0,0
referral,health,startup,0.12,1,0.4667,8,0.534,7,4.94,30699804,1,0,0,0,0,1,1,0,1.0,1,2228739.0,1,1,2,1,3801354.0,886390.64,23.32,1,0,73,customer,1,0
meta_ads,retail,small,9.41,1,0.0976,37,0.309,4,4.02,223440856,0,0,0,0,1,2,0,0,0.0,1,609693.0,0,0,2,2,1785333.0,994325.23,55.69,0,0,999,churned,0,1
meta_ads,manufacturing,small,4.92,3,0.6875,5,0.745,11,4.49,459260816,2,0,1,0,0,3,1,0,0.333,2,1931385.0,2,0,2,2,10614044.0,3331046.94,31.38,0,0,999,prospect,0,0
meta_ads,technology,small,8.25,1,0.0575,82,0.469,5,2.59,441641435,1,0,1,1,0,1,1,0,1.0,1,1308520.0,0,0,2,0,0.0,0.0,0.0,0,0,999,churned,0,1
referral,finance,medium,3.8,2,0.16,21,0.253,4,5.0,966886539,0,1,0,0,1,1,0,0,0.0,0,0.0,0,0,0,0,0.0,0.0,0.0,0,0,999,lead,0,0
organic,health,small,3.05,5,1.0,0,0.759,2,4.59,312249125,2,0,0,0,0,2,1,0,0.5,2,2172327.0,2,1,3,3,3277054.0,1117240.84,34.09,0,0,999,customer,1,0
meta_ads,education,small,5.94,0,1.0,0,0.57,4,3.93,318588837,0,1,1,0,0,3,2,0,0.667,2,1889141.0,1,1,1,1,3638140.0,1503544.78,41.33,1,0,145,prospect,0,0
manual,technology,enterprise,0.0,2,0.0769,24,0.568,2,4.04,34056982387,0,0,0,0,0,1,0,0,0.0,1,1437522.0,0,0,0,0,0.0,0.0,0.0,0,0,999,lead,0,0
manual,services,large,11.71,0,0.25,15,0.398,5,2.7,9998892289,0,0,0,0,0,0,0,0,0.0,2,379214.0,1,1,0,0,0.0,0.0,0.0,0,0,999,lead,0,0
manual,education,startup,0.0,0,0.0,19,0.233,0,4.6,19457536,2,0,0,0,0,0,0,0,0.0,3,1937834.0,1,1,1,0,0.0,0.0,0.0,0,0,999,lead,0,0
manual,technology,medium,1.99,1,0.6429,5,0.454,9,3.6,1438431990,0,1,0,0,0,3,1,0,0.333,1,3316567.0,1,1,2,2,4571730.0,2154239.93,47.12,1,0,145,customer,1,0
manual,education,small,8.74,0,0.0714,39,0.0,3,2.26,345429833,0,0,1,0,0,2,1,0,0.5,1,991015.0,0,0,0,0,0.0,0.0,0.0,0,0,999,lead,0,0
manual,technology,medium,8.09,0,0.25,12,0.202,4,1.0,1636491942,1,0,0,1,0,0,0,0,0.0,1,1162998.0,1,0,0,0,0.0,0.0,0.0,1,1,2,churned,0,1
meta_ads,services,large,2.45,4,1.0,0,0.895,2,4.04,6606560182,1,0,0,0,0,1,0,0,0.0,1,2385175.0,1,0,2,1,1334341.0,499608.44,37.44,1,0,143,customer,1,0
meta_ads,education,medium,6.17,0,0.0,14,0.718,0,2.71,1987874237,1,0,0,0,0,0,0,0,0.0,0,0.0,0,0,1,1,1411271.0,672118.12,47.63,1,0,24,lead,0,0
referral,services,startup,3.39,0,1.0,0,0.889,16,4.68,16425830,2,0,0,0,0,1,1,0,1.0,2,1916792.0,1,0,3,1,4136304.0,2310790.03,55.87,1,0,27,customer,1,0
organic,health,medium,3.09,2,0.2,4,0.467,1,4.51,1036386270,2,0,1,0,0,0,0,0,0.0,4,1063014.0,1,0,4,0,0.0,0.0,0.0,0,0,999,prospect,0,0
referral,finance,large,0.12,0,0.2353,13,0.219,4,2.7,6697498907,2,0,0,1,0,1,0,0,0.0,1,577140.0,0,0,1,0,0.0,0.0,0.0,0,0,999,churned,0,1
referral,finance,small,1.49,0,0.1429,18,0.631,3,3.59,375064461,2,0,0,0,1,0,0,0,0.0,3,1236182.0,1,1,4,1,1512125.0,370020.74,24.47,0,0,999,lead,0,0
manual,manufacturing,large,0.0,0,1.0,0,0.907,11,4.86,5173385296,1,0,0,0,0,2,1,0,0.5,2,2735920.0,2,0,1,1,2795535.0,618493.97,22.12,1,0,85,customer,1,0
referral,technology,medium,12.52,0,0.0909,20,0.0,2,4.7,1319574967,1,0,0,0,0,0,0,1,0.0,0,0.0,0,0,0,0,0.0,0.0,0.0,0,0,999,churned,0,1
other,manufacturing,large,8.0,0,0.1818,9,0.532,2,4.44,3109410705,0,0,0,0,0,1,1,0,1.0,1,926840.0,0,1,0,0,0.0,0.0,0.0,0,0,999,lead,0,0
meta_ads,technology,startup,4.8,2,1.0,0,0.406,12,3.78,50426168,1,0,0,0,0,1,0,0,0.0,2,2136965.0,2,0,2,0,0.0,0.0,0.0,1,0,160,customer,1,0
referral,retail,large,6.1,1,0.0,16,0.482,0,2.03,3790614529,1,0,0,1,0,1,0,1,0.0,0,0.0,0,0,1,1,2582635.0,1734205.95,67.15,0,0,999,lead,0,0
organic,retail,startup,3.48,3,1.0,0,0.956,1,4.11,24258862,1,0,1,0,0,0,0,0,0.0,1,1737967.0,1,1,3,1,397202.0,218713.78,55.06,0,0,999,customer,1,0
manual,services,large,4.66,0,0.0893,51,0.455,5,3.36,8590824707,2,0,0,0,0,0,0,0,0.0,0,0.0,0,0,2,0,0.0,0.0,0.0,0,0,999,lead,0,0
other,services,large,6.09,3,1.0,0,0.395,3,4.24,4214351762,2,0,0,0,0,3,0,0,0.0,4,2346726.0,1,1,1,1,3344532.0,787310.59,23.54,0,0,999,prospect,0,0
manual,retail,small,4.17,0,0.7143,4,0.692,10,3.29,318315240,1,0,0,0,0,2,2,0,1.0,4,2840592.0,3,1,4,1,0.0,0.0,54.39,0,0,999,customer,1,0
meta_ads,retail,startup,10.62,0,0.1429,30,0.252,5,3.75,41319707,2,0,1,0,0,0,0,0,0.0,0,0.0,0,0,1,0,0.0,0.0,0.0,0,0,999,lead,0,0
organic,finance,medium,1.27,1,0.375,5,0.552,3,5.0,1974996049,0,0,0,0,0,2,0,0,0.0,1,2674260.0,1,1,0,0,0.0,0.0,0.0,1,0,4,prospect,0,0
manual,finance,small,5.47,1,0.129,27,0.165,4,2.96,348369718,0,0,0,0,0,1,0,2,0.0,2,1295214.0,0,0,0,0,0.0,0.0,0.0,0,0,999,lead,0,0
manual,other,medium,1.8,2,0.1538,11,0.547,2,4.94,960322141,1,0,0,0,0,2,1,0,0.5,3,2213450.0,3,0,1,0,0.0,0.0,0.0,1,0,119,customer,1,0
manual,education,small,5.62,0,0.1935,25,0.27,6,2.13,370813953,0,0,0,0,0,0,0,0,0.0,0,0.0,0,0,1,0,0.0,0.0,0.0,0,0,999,lead,0,0
meta_ads,retail,medium,5.2,1,0.1071,25,0.288,3,1.15,1720431074,1,0,0,0,0,1,0,0,0.0,2,2719763.0,1,0,0,0,0.0,0.0,0.0,0,0,999,lead,0,0
manual,manufacturing,small,12.66,0,0.0645,29,0.43,2,1.38,371517499,2,0,0,1,0,2,2,0,1.0,0,0.0,0,0,1,0,0.0,0.0,0.0,0,0,999,lead,0,0
referral,other,medium,4.35,3,0.7143,4,0.878,10,4.54,1436393423,1,1,0,0,0,3,3,0,1.0,4,3553134.0,1,1,2,0,0.0,0.0,0.0,1,0,107,customer,1,0
other,other,enterprise,1.48,2,1.0,0,0.975,8,4.09,98233849876,1,0,0,0,0,1,1,0,1.0,3,2132325.0,2,1,4,1,3029537.0,618655.03,20.42,1,0,38,customer,1,0
manual,finance,large,9.39,0,0.0556,34,0.533,2,1.08,3211769511,1,0,0,0,0,0,0,0,0.0,1,2880352.0,1,0,0,0,0.0,0.0,0.0,0,0,999,lead,0,0
other,health,large,6.92,0,0.125,21,0.16,3,4.39,2068849918,1,0,0,1,0,1,1,0,1.0,0,0.0,0,0,0,0,0.0,0.0,0.0,0,1,999,lead,0,0
organic,services,startup,9.69,2,0.6667,1,0.348,2,1.41,62312530,2,0,0,0,0,1,0,0,0.0,0,0.0,0,0,1,1,2546828.0,1148618.67,45.1,0,1,999,churned,0,1
manual,retail,small,2.0,0,0.2308,10,0.556,3,3.84,400868441,1,0,0,0,0,2,0,0,0.0,2,1291844.0,2,1,1,1,2581349.0,1651511.35,63.98,0,0,999,prospect,0,0
manual,services,medium,1.69,2,1.0,0,0.687,12,5.0,1812230699,1,0,0,0,0,1,0,0,0.0,2,3631027.0,2,1,1,1,4233468.0,1278015.65,30.19,1,0,131,customer,1,0
meta_ads,technology,startup,7.76,3,0.6429,5,0.612,9,2.79,63816351,0,0,0,0,0,0,0,0,0.0,0,0.0,0,0,4,1,3474404.0,1318273.47,37.94,0,0,999,prospect,0,0
meta_ads,technology,small,5.72,3,0.0,17,0.09,0,3.54,384164744,1,0,0,0,0,3,3,0,1.0,2,2696353.0,1,0,1,1,3823371.0,2088911.88,54.64,0,0,999,prospect,0,0
meta_ads,education,large,7.01,0,0.0442,108,0.263,5,4.92,2691878784,1,0,0,0,1,0,0,0,0.0,0,0.0,0,0,0,0,0.0,0.0,0.0,0,0,999,churned,0,1
referral,services,large,0.0,1,0.25,6,0.353,2,3.07,5551240045,1,0,1,0,0,3,2,0,0.667,5,2532458.0,2,1,1,1,3762229.0,2523887.37,67.08,0,0,999,prospect,0,0
meta_ads,other,medium,1.82,1,0.3333,2,0.509,1,3.36,1818910941,2,0,1,0,0,0,0,0,0.0,4,1862803.0,1,1,2,2,7009434.0,4205129.94,59.99,0,0,999,customer,1,0
referral,education,medium,2.97,1,0.6,6,0.627,9,4.85,1262163611,2,0,0,0,0,3,2,2,0.667,1,2814636.0,1,0,1,1,1046265.0,599580.53,57.31,0,0,999,prospect,0,0
organic,other,large,0.0,2,0.6667,2,0.666,4,3.56,4286346818,2,0,0,0,0,1,1,0,1.0,3,1465965.0,2,0,1,1,1816030.0,1217690.74,67.05,1,0,96,prospect,0,0
meta_ads,other,small,3.22,3,0.7692,3,0.57,10,3.2,238910427,0,1,1,0,1,0,0,0,0.0,3,2064399.0,2,1,1,0,0.0,0.0,0.0,0,0,999,prospect,0,0
meta_ads,technology,small,3.02,1,0.6316,7,0.492,12,4.36,412496424,1,1,0,0,0,0,0,0,0.0,2,3000459.0,2,0,0,0,0.0,0.0,0.0,0,0,999,prospect,0,0
manual,other,enterprise,4.55,3,1.0,0,0.486,4,4.82,43202898758,2,0,0,0,0,0,0,0,0.0,1,3538553.0,1,0,2,2,10575795.0,2650801.5,25.06,1,0,100,prospect,0,0
referral,retail,medium,2.65,0,0.1034,26,0.343,3,4.41,1285141153,0,0,0,0,0,0,0,0,0.0,1,1808645.0,0,0,1,0,0.0,0.0,0.0,0,0,999,lead,0,0
organic,other,medium,3.81,1,0.6667,2,0.454,4,4.23,1097473387,3,0,0,0,1,0,0,2,0.0,3,1210049.0,2,1,1,0,0.0,0.0,0.0,0,0,999,prospect,0,0
referral,manufacturing,startup,1.93,3,0.5,5,0.682,5,2.99,76234162,1,1,1,0,0,0,0,0,0.0,2,1423023.0,2,1,1,1,0.0,0.0,67.54,0,0,999,prospect,0,0
organic,health,medium,4.87,0,0.5172,14,0.393,15,4.48,1118595082,2,0,0,0,0,1,0,0,0.0,7,1768965.0,1,1,2,2,3060581.0,873845.97,28.55,1,0,161,customer,1,0
meta_ads,finance,small,6.46,1,1.0,0,0.787,8,3.72,481665091,0,0,1,0,0,1,1,0,1.0,1,1810570.0,1,1,3,2,0.0,0.0,40.62,1,0,85,prospect,0,0
meta_ads,technology,enterprise,6.98,1,0.05,38,0.315,2,4.73,11477055319,2,0,0,0,0,0,0,0,0.0,0,0.0,0,0,1,1,2847357.0,1080969.27,37.96,0,0,999,lead,0,0
organic,technology,medium,10.91,0,0.1053,17,0.636,2,3.07,1375308289,1,0,0,1,0,0,0,0,0.0,1,1539804.0,1,0,1,0,0.0,0.0,0.0,0,0,999,lead,0,0
meta_ads,retail,medium,2.82,1,0.8182,2,0.3,9,3.55,938675077,0,0,1,1,0,1,0,0,0.0,7,2180044.0,2,0,0,0,0.0,0.0,0.0,0,0,999,prospect,0,0
meta_ads,health,startup,13.34,0,0.0,30,0.365,0,4.08,33030025,2,0,0,0,1,0,0,0,0.0,1,2211064.0,0,0,0,0,0.0,0.0,0.0,0,0,999,lead,0,0
meta_ads,technology,startup,3.48,0,0.625,6,0.493,10,5.0,20191443,3,0,0,0,0,0,0,1,0.0,3,2418916.0,2,1,1,1,1831001.0,439366.23,24.0,0,1,999,customer,1,0
other,education,medium,5.83,2,0.1923,21,0.69,5,3.32,1011851931,1,0,1,0,0,3,3,0,1.0,1,579703.0,1,0,0,0,0.0,0.0,0.0,0,0,999,prospect,0,0
referral,other,small,4.25,0,0.4375,18,0.923,14,5.0,494334216,0,0,0,0,0,2,1,0,0.5,1,2363395.0,1,0,2,0,0.0,0.0,0.0,0,0,999,prospect,0,0
meta_ads,retail,small,0.43,0,0.0,8,0.049,0,1.71,148047753,1,0,1,0,0,0,0,0,0.0,1,1791176.0,1,0,0,0,0.0,0.0,0.0,0,0,999,lead,0,0
meta_ads,finance,medium,1.11,0,0.5556,8,0.639,10,4.79,1351956036,2,1,0,0,0,0,0,0,0.0,3,2041950.0,3,1,3,2,4741578.0,2685611.5,56.64,0,0,999,customer,1,0
meta_ads,technology,medium,0.0,1,0.6087,9,1.0,14,2.67,1553956603,1,1,1,0,1,1,1,1,1.0,2,2712166.0,2,0,1,1,2815329.0,962684.43,34.19,0,0,999,prospect,0,0
meta_ads,other,large,0.7,1,0.1739,19,0.257,4,1.65,8477742642,2,1,0,0,0,0,0,0,0.0,2,1811367.0,0,0,1,0,0.0,0.0,0.0,0,0,999,lead,0,0
organic,finance,small,5.69,0,0.0263,37,0.684,1,2.97,166651944,1,0,0,0,0,0,0,0,0.0,3,442458.0,1,1,0,0,0.0,0.0,0.0,0,1,999,lead,0,0
manual,health,medium,4.66,0,1.0,0,0.502,7,3.18,1772346662,0,0,0,0,0,0,0,2,0.0,3,1240909.0,0,0,0,0,0.0,0.0,0.0,0,0,999,lead,0,0
manual,retail,small,5.99,1,0.1579,16,0.411,3,1.75,182704879,1,0,0,0,0,0,0,0,0.0,0,0.0,0,0,1,0,0.0,0.0,0.0,0,0,999,lead,0,0
referral,finance,small,0.41,1,0.4375,9,0.434,7,4.41,346464556,1,1,0,0,0,1,0,0,0.0,4,1304531.0,2,0,2,1,2519764.0,918434.2,36.45,0,0,999,customer,1,0
manual,health,small,3.46,0,0.5,1,0.32,1,4.23,350411945,1,1,1,0,0,2,0,0,0.0,0,0.0,0,0,3,1,1674392.0,972161.12,58.06,1,0,85,prospect,0,0
organic,services,medium,8.95,2,0.28,18,0.523,7,4.0,1539229339,1,0,0,0,0,2,0,0,0.0,3,2415551.0,1,1,0,0,0.0,0.0,0.0,0,0,999,prospect,0,0
meta_ads,finance,medium,6.87,0,0.0,34,0.374,0,3.57,1967256095,0,0,0,0,0,0,0,0,0.0,3,1689838.0,0,0,0,0,0.0,0.0,0.0,0,0,999,lead,0,0
meta_ads,education,startup,9.0,1,0.5,6,0.189,6,5.0,72173180,2,0,0,0,0,0,0,0,0.0,3,2201480.0,0,0,0,0,0.0,0.0,0.0,0,0,999,lead,0,0
organic,other,small,7.86,2,0.15,17,0.578,3,2.48,205798393,1,0,0,0,0,2,1,0,0.5,2,2173325.0,1,1,1,1,4320562.0,1122884.93,25.99,0,0,999,lead,0,0
meta_ads,retail,medium,7.54,0,0.0,9,0.341,0,4.23,570498037,1,0,1,1,0,0,0,0,0.0,2,1485636.0,1,0,0,0,0.0,0.0,0.0,0,0,999,lead,0,0
organic,technology,medium,2.35,1,0.3636,7,0.732,4,4.56,1788360113,1,0,1,0,0,2,1,0,0.5,4,3068289.0,2,1,4,1,1543988.0,1027762.78,66.57,1,0,18,prospect,0,0
organic,services,medium,0.0,2,1.0,0,0.372,2,3.74,1691721241,2,0,0,0,0,2,1,0,0.5,1,1879529.0,1,0,1,0,0.0,0.0,0.0,0,0,999,prospect,0,0
referral,technology,large,9.34,0,0.5,2,0.236,2,2.57,3596038686,1,0,0,0,0,0,0,0,0.0,2,2220064.0,0,0,2,1,3251684.0,2103856.74,64.7,0,0,999,lead,0,0
manual,other,startup,7.26,0,0.6667,3,0.384,6,1.47,47964484,1,0,1,1,0,0,0,1,0.0,0,0.0,0,0,0,0,0.0,0.0,0.0,0,0,999,lead,0,0
referral,education,small,3.56,2,0.5238,10,0.665,11,4.04,409175711,1,0,0,0,0,2,1,0,0.5,2,2008621.0,2,1,1,1,5025585.0,1627406.97,32.38,0,0,999,customer,1,0
other,services,large,9.81,0,1.0,0,0.426,6,4.38,5874886712,1,0,0,1,1,0,0,0,0.0,1,2354064.0,0,0,1,1,4344487.0,1707259.48,39.3,0,0,999,lead,0,0
manual,education,small,5.33,2,0.0,73,0.724,0,2.09,261831845,2,0,0,0,1,1,1,0,1.0,1,1650545.0,0,0,3,0,0.0,0.0,0.0,0,0,999,churned,0,1
meta_ads,health,medium,5.67,0,0.3333,10,0.297,5,3.24,1640112201,3,0,0,0,0,1,0,0,0.0,1,1799249.0,0,0,2,0,0.0,0.0,0.0,0,0,999,lead,0,0
meta_ads,finance,small,9.53,0,0.0,0,0.467,0,2.96,438129164,1,0,0,0,0,0,0,0,0.0,1,753856.0,0,0,0,0,0.0,0.0,0.0,1,0,23,lead,0,0
organic,education,medium,3.83,0,1.0,0,0.157,8,4.02,1443824264,1,0,0,0,1,2,1,0,0.5,1,1736078.0,1,0,3,2,3758920.0,1819372.0,48.4,0,0,999,prospect,0,0
other,health,small,8.6,1,0.2353,13,0.218,4,4.1,431509444,1,0,0,0,0,0,0,0,0.0,1,1541299.0,1,0,0,0,0.0,0.0,0.0,0,0,999,lead,0,0
meta_ads,health,startup,2.46,1,0.4,6,0.269,4,3.13,15264654,3,0,0,0,0,1,0,0,0.0,3,2110800.0,0,0,2,1,3391563.0,1334846.27,39.36,0,0,999,lead,0,0
organic,technology,small,3.95,0,0.4211,11,0.415,8,5.0,490794152,2,1,0,0,0,1,1,0,1.0,3,2315678.0,2,0,4,2,7107465.0,3856986.45,54.27,0,1,999,customer,1,0
organic,health,small,1.41,0,0.2632,14,0.159,5,4.68,452541866,1,0,0,0,0,3,0,0,0.0,4,2648796.0,2,0,5,1,1348618.0,849614.42,63.0,0,0,999,prospect,0,0
referral,technology,large,10.87,0,0.1875,13,0.328,3,2.3,8771087953,1,0,0,0,0,0,0,1,0.0,1,2049785.0,1,0,1,1,2306016.0,477584.06,20.71,0,0,999,lead,0,0
other,education,small,1.58,0,1.0,0,0.914,4,5.0,462088698,0,1,1,0,0,0,0,0,0.0,4,1524971.0,3,1,1,1,1718881.0,848629.85,49.37,1,0,66,customer,1,0
meta_ads,manufacturing,small,0.0,0,0.0,64,0.089,0,3.1,376576881,1,0,0,1,0,0,0,0,0.0,2,528127.0,1,1,1,0,0.0,0.0,0.0,0,0,999,churned,0,1
organic,other,large,12.76,0,0.0148,133,0.125,2,3.05,5693223972,1,0,0,0,1,1,0,0,0.0,0,0.0,0,0,2,0,0.0,0.0,0.0,0,0,999,churned,0,1
manual,retail,small,3.82,0,0.1053,34,0.412,4,2.92,156950047,0,0,0,0,0,0,0,0,0.0,1,1791494.0,0,0,0,0,0.0,0.0,0.0,0,0,999,lead,0,0
manual,technology,small,1.55,1,0.1739,19,0.259,4,2.71,168092709,1,0,0,0,0,0,0,0,0.0,2,1528392.0,0,0,0,0,0.0,0.0,0.0,0,1,999,lead,0,0
referral,services,medium,2.12,3,0.6667,1,0.663,2,2.14,1396228902,2,0,0,0,0,0,0,0,0.0,5,1878417.0,2,0,0,0,0.0,0.0,0.0,1,0,159,prospect,0,0
meta_ads,health,small,0.0,2,0.3889,11,0.369,7,2.56,343966148,1,0,0,0,0,2,1,0,0.5,3,2308097.0,1,0,2,2,3401149.0,743527.32,21.86,0,0,999,prospect,0,0
other,technology,startup,0.69,1,0.6667,6,0.638,12,4.22,39803480,2,1,0,0,0,1,0,0,0.0,3,1798294.0,3,1,1,1,3380747.0,1711849.65,50.64,1,0,174,customer,1,0
organic,retail,small,4.74,0,0.2593,20,0.804,7,4.44,168679096,2,1,0,0,0,0,0,0,0.0,1,1786879.0,1,1,1,0,0.0,0.0,0.0,0,0,999,lead,0,0
referral,technology,small,5.18,2,0.1,27,0.436,3,2.4,431789017,1,0,0,0,1,0,0,0,0.0,1,1641930.0,1,1,1,0,0.0,0.0,0.0,0,0,999,lead,0,0
manual,other,medium,3.99,1,0.2941,12,0.665,5,2.88,1039252461,0,1,1,0,0,1,1,0,1.0,1,1802935.0,1,1,3,2,8767537.0,2699279.2,30.79,0,0,999,prospect,0,0
referral,education,medium,0.0,0,0.7647,4,0.804,13,4.17,1499046297,1,0,0,0,0,1,1,0,1.0,3,965593.0,3,1,4,0,0.0,0.0,0.0,0,0,999,customer,1,0
referral,finance,small,2.8,1,1.0,0,0.606,3,3.78,146810627,0,0,0,0,0,0,0,0,0.0,0,0.0,0,0,1,1,1075589.0,485473.76,45.14,0,0,999,prospect,0,0
organic,services,enterprise,0.0,2,0.6667,5,0.586,10,5.0,89475806891,0,0,1,0,0,2,1,0,0.5,4,2311909.0,2,0,0,0,0.0,0.0,0.0,0,0,999,prospect,0,0
other,retail,small,4.13,4,0.6,2,0.541,3,3.41,103013926,1,0,0,0,0,1,1,0,1.0,2,2284966.0,1,1,0,0,0.0,0.0,0.0,0,0,999,prospect,0,0
organic,other,medium,5.18,0,0.0769,24,0.43,2,2.01,1551141951,1,0,0,0,0,1,0,0,0.0,0,0.0,0,0,0,0,0.0,0.0,0.0,0,1,999,lead,0,0
meta_ads,education,large,0.0,0,0.32,17,0.763,8,4.61,6628104489,1,0,1,0,0,3,1,0,0.333,1,1089990.0,1,0,1,0,0.0,0.0,0.0,0,0,999,prospect,0,0
referral,services,large,1.67,0,1.0,0,0.594,7,1.64,7189297810,1,1,1,0,0,0,0,0,0.0,1,2059858.0,1,0,0,0,0.0,0.0,0.0,0,0,999,prospect,0,0
organic,education,small,2.86,2,0.8333,2,0.528,10,2.99,152983654,1,0,1,0,0,3,2,0,0.667,3,2475331.0,1,0,0,0,0.0,0.0,0.0,0,0,999,prospect,0,0
referral,education,large,7.25,3,1.0,0,0.991,8,3.78,4081341044,2,0,1,0,0,1,0,0,0.0,0,0.0,0,0,2,2,9828103.0,4638796.31,47.2,0,0,999,prospect,0,0
other,other,medium,8.04,0,0.0,30,0.375,0,1.39,1955449544,2,0,0,0,0,1,0,0,0.0,1,2382014.0,0,0,0,0,0.0,0.0,0.0,0,0,999,lead,0,0
meta_ads,other,medium,11.4,1,0.5,8,0.279,8,3.46,1740513986,2,0,1,0,1,0,0,0,0.0,1,989333.0,0,0,0,0,0.0,0.0,0.0,0,0,999,lead,0,0
organic,education,medium,0.0,1,1.0,0,0.757,3,4.8,1480173976,0,0,1,0,0,1,0,0,0.0,1,2036605.0,1,0,1,1,1829590.0,1263654.88,69.07,1,0,154,prospect,0,0
referral,other,large,0.96,1,0.2667,11,0.348,4,3.37,7657029957,1,0,0,0,1,1,1,0,1.0,1,1921241.0,1,1,0,0,0.0,0.0,0.0,0,0,999,prospect,0,0
manual,technology,small,2.79,0,0.6,4,0.223,6,3.3,301816749,2,0,1,1,1,2,2,0,1.0,3,1237617.0,1,0,2,2,1646795.0,799621.18,48.56,1,1,153,prospect,0,0
manual,services,small,2.74,0,0.5556,8,0.352,10,3.86,354769776,0,0,0,0,0,2,0,0,0.0,2,1639901.0,2,0,2,1,3640467.0,1329212.87,36.51,0,0,999,prospect,0,0
meta_ads,other,medium,1.6,2,0.5714,6,0.52,8,4.86,1630067268,0,0,1,1,0,1,1,0,1.0,4,2131969.0,1,1,0,0,0.0,0.0,0.0,0,0,999,prospect,0,0
referral,services,medium,10.53,0,0.0385,50,0.151,2,1.79,822646733,1,0,0,0,1,1,0,2,0.0,0,0.0,0,0,1,0,0.0,0.0,0.0,0,0,999,churned,0,1
referral,services,medium,8.17,2,0.9231,1,0.289,12,3.59,645807493,3,0,0,0,0,1,0,0,0.0,2,2296436.0,2,0,4,2,5363882.0,2754042.05,51.34,0,0,999,prospect,0,0
organic,services,large,4.19,1,0.5556,12,0.382,15,4.02,6456201125,1,1,0,0,0,1,0,0,0.0,2,2063910.0,2,0,2,1,3250106.0,1321401.25,40.66,0,1,999,customer,1,0
other,retail,large,2.35,0,0.32,17,0.601,8,3.26,6179942659,1,0,1,0,0,1,1,0,1.0,1,2795246.0,1,0,1,0,0.0,0.0,0.0,0,0,999,prospect,0,0
organic,finance,medium,3.8,0,0.0,11,0.387,0,4.77,1215013300,0,0,0,0,0,0,0,2,0.0,2,2270693.0,1,1,4,0,0.0,0.0,0.0,0,0,999,customer,1,0
meta_ads,technology,medium,4.74,1,0.2727,24,0.471,9,4.15,880342998,2,1,0,0,0,0,0,0,0.0,1,2529579.0,1,1,2,1,95269.0,28088.73,29.48,0,0,999,prospect,0,0
manual,technology,small,9.52,1,0.0,46,0.457,0,2.31,431179971,1,0,0,1,0,0,0,0,0.0,1,1612631.0,1,0,1,1,2931781.0,1163424.2,39.68,0,1,999,churned,0,1
meta_ads,finance,enterprise,5.31,3,0.8182,2,0.773,9,3.6,26121072327,0,0,1,0,0,3,3,0,1.0,1,2296514.0,1,0,0,0,0.0,0.0,0.0,0,0,999,prospect,0,0
meta_ads,retail,small,4.74,1,0.0,4,0.252,0,4.88,367340171,1,0,0,0,0,0,0,0,0.0,4,1008880.0,0,0,0,0,0.0,0.0,0.0,0,0,999,lead,0,0
manual,retail,small,0.0,2,0.6923,4,0.264,9,3.59,167294887,3,1,0,0,0,3,1,0,0.333,0,0.0,0,0,3,1,844877.0,488084.13,57.77,0,1,999,prospect,0,0
meta_ads,health,enterprise,2.14,1,0.0789,35,0.46,3,2.06,99721452153,0,0,0,0,0,2,0,2,0.0,2,1322044.0,0,0,1,0,0.0,0.0,0.0,1,0,117,lead,0,0
referral,technology,medium,4.38,2,0.375,5,0.303,3,4.21,1175782558,1,0,1,1,0,1,0,0,0.0,0,0.0,0,0,2,0,0.0,0.0,0.0,0,0,999,lead,0,0
manual,technology,large,3.81,1,0.0,33,0.55,0,4.88,7857208418,0,0,0,0,0,2,1,0,0.5,2,1407101.0,0,0,2,0,0.0,0.0,0.0,0,0,999,lead,0,0
organic,manufacturing,small,4.98,3,1.0,0,0.711,13,4.3,496772678,2,1,1,0,0,0,0,0,0.0,3,2836302.0,2,1,2,2,923880.0,477082.4,51.64,0,0,999,customer,1,0
manual,technology,small,5.52,0,0.1562,27,0.46,5,4.37,333141657,0,1,0,0,0,1,1,0,1.0,1,1202232.0,0,1,1,0,0.0,0.0,0.0,0,0,999,lead,0,0
manual,health,startup,4.32,0,0.0909,20,0.055,2,3.29,71959773,2,0,0,1,0,1,0,0,0.0,0,0.0,0,0,0,0,0.0,0.0,0.0,0,0,999,lead,0,0
referral,other,small,9.45,0,0.0323,60,0.384,2,2.62,131085185,1,0,0,0,1,0,0,0,0.0,2,1095585.0,0,0,1,0,0.0,0.0,0.0,1,0,163,churned,0,1
other,education,enterprise,4.4,3,1.0,0,0.566,7,4.42,40783367710,2,0,0,0,0,1,1,0,1.0,3,1105035.0,3,1,3,2,8293733.0,5801781.08,69.95,0,0,999,customer,1,0
manual,finance,small,1.43,0,0.05,19,0.537,1,2.46,386513912,1,0,1,0,0,0,0,0,0.0,2,1440167.0,0,0,1,1,4868677.0,1162310.26,23.87,0,0,999,lead,0,0
referral,technology,large,3.65,0,0.3529,11,0.606,6,4.08,8629470069,0,0,1,0,0,2,2,0,1.0,1,3349096.0,1,0,3,1,0.0,0.0,61.75,0,1,999,customer,1,0
organic,technology,startup,3.85,0,0.7059,5,0.557,12,4.23,45921885,1,0,0,0,0,1,0,0,0.0,3,2588292.0,3,1,7,2,452123.0,198709.86,43.95,1,1,44,customer,1,0
manual,education,enterprise,7.63,1,0.0667,28,0.353,2,3.48,50058853608,1,0,0,0,1,0,0,0,0.0,0,0.0,0,0,0,0,0.0,0.0,0.0,0,0,999,lead,0,0
meta_ads,technology,startup,2.27,3,0.0,7,0.863,0,2.54,33218268,1,0,0,0,0,0,0,0,0.0,3,1816512.0,1,0,2,2,6722491.0,1487624.22,22.13,0,0,999,customer,1,0
manual,finance,large,5.39,0,0.05,19,0.694,1,4.46,9653469773,3,0,0,0,0,2,0,0,0.0,2,2316325.0,2,1,2,1,1836033.0,818821.55,44.6,0,0,999,prospect,0,0
organic,other,startup,0.0,1,0.1786,23,0.42,5,2.73,12851361,1,0,0,0,0,2,2,0,1.0,0,0.0,0,0,0,0,0.0,0.0,0.0,0,0,999,lead,0,0
other,other,large,2.95,0,0.5,5,0.254,5,3.22,7650252983,3,0,0,0,1,1,1,0,1.0,1,1382095.0,0,0,1,0,0.0,0.0,0.0,0,0,999,lead,0,0
referral,retail,small,7.71,2,0.7143,2,0.715,5,3.61,330489462,2,0,0,0,0,0,0,0,0.0,1,4915178.0,1,1,2,1,2328123.0,1333967.66,57.3,1,0,85,customer,1,0
organic,services,small,3.06,0,0.4333,17,0.968,13,3.01,203261868,2,0,0,0,0,2,1,0,0.5,2,3010640.0,2,0,1,0,0.0,0.0,0.0,0,0,999,prospect,0,0
referral,health,medium,5.5,0,0.4444,10,0.587,8,5.0,773450399,0,0,1,0,1,1,1,0,1.0,3,3304834.0,2,0,3,0,0.0,0.0,0.0,0,0,999,prospect,0,0
organic,finance,large,3.21,3,0.1667,5,0.479,1,3.78,8483316622,0,0,0,0,0,2,1,0,0.5,2,2404643.0,1,0,4,1,3654177.0,840067.16,22.99,1,0,49,prospect,0,0
meta_ads,finance,small,3.55,0,0.0286,68,0.17,2,1.39,328429416,0,0,0,1,1,1,1,0,1.0,4,1756106.0,0,0,2,1,25503.0,7343.08,28.79,0,1,999,churned,0,1
other,other,startup,0.55,0,0.0,23,0.521,0,2.42,35989774,0,0,0,1,0,0,0,1,0.0,2,2619132.0,1,0,0,0,0.0,0.0,0.0,0,0,999,lead,0,0
meta_ads,retail,large,3.34,3,0.5556,4,0.838,5,3.34,6886137628,1,0,0,0,1,3,2,0,0.667,5,873860.0,1,0,0,0,0.0,0.0,0.0,0,0,999,prospect,0,0
referral,health,small,4.35,3,0.1739,19,0.358,4,3.49,452148207,2,0,0,0,0,2,2,0,1.0,4,1420452.0,1,0,4,1,2238830.0,1046988.65,46.76,0,0,999,prospect,0,0
referral,services,large,11.58,1,0.0533,71,0.414,4,3.43,9154596985,3,0,0,1,0,2,1,0,0.5,1,692974.0,1,0,0,0,0.0,0.0,0.0,0,1,999,churned,0,1
referral,other,medium,7.36,3,0.7333,4,0.892,11,3.89,1158816886,3,0,1,0,0,0,0,0,0.0,2,2036244.0,2,0,1,0,0.0,0.0,0.0,0,0,999,customer,1,0
meta_ads,manufacturing,medium,2.23,3,0.3333,4,0.405,2,3.29,999962906,0,1,0,0,0,0,0,0,0.0,1,2524738.0,1,0,0,0,0.0,0.0,0.0,0,0,999,prospect,0,0
meta_ads,technology,enterprise,9.23,1,0.0606,93,0.466,6,2.08,81466081410,1,0,0,1,0,1,0,0,0.0,0,0.0,0,0,3,0,0.0,0.0,0.0,0,0,999,churned,0,1
meta_ads,retail,medium,1.36,0,0.8889,1,0.555,8,3.89,1183748018,1,0,0,0,0,2,0,0,0.0,0,0.0,0,0,1,1,2780885.0,805842.51,28.98,1,0,174,customer,1,0
manual,services,large,7.24,1,0.0938,29,0.192,3,2.38,8946648603,0,0,0,1,0,0,0,2,0.0,1,907605.0,0,0,0,0,0.0,0.0,0.0,0,1,999,churned,0,1
referral,education,small,5.16,2,0.5217,11,0.625,12,4.64,110958703,1,1,1,0,0,2,0,0,0.0,2,3712427.0,1,0,2,2,2882443.0,785895.84,27.26,0,0,999,customer,1,0
manual,health,small,0.0,3,0.45,11,0.665,9,4.55,328364616,2,0,1,0,0,4,3,0,0.75,1,3570738.0,1,1,4,0,0.0,0.0,0.0,0,1,999,prospect,0,0
manual,manufacturing,startup,2.89,1,0.1364,19,0.43,3,3.94,50623169,1,0,0,0,0,1,1,0,1.0,1,1423818.0,0,0,1,0,0.0,0.0,0.0,0,0,999,lead,0,0
manual,education,medium,2.17,0,0.1538,22,0.501,4,1.79,887298936,1,0,0,1,0,1,1,0,1.0,3,1943493.0,0,1,2,0,0.0,0.0,0.0,0,0,999,lead,0,0
meta_ads,education,medium,1.91,1,0.25,18,0.492,6,3.96,1551719121,0,0,0,0,0,0,0,0,0.0,0,0.0,0,0,0,0,0.0,0.0,0.0,0,0,999,lead,0,0
meta_ads,finance,enterprise,7.57,0,0.0,51,0.191,0,2.83,84733715367,2,0,0,0,1,0,0,0,0.0,1,1602731.0,1,0,2,0,0.0,0.0,0.0,0,0,999,churned,0,1
organic,retail,small,8.44,1,0.1,27,0.125,3,3.17,126162830,1,0,0,1,1,0,0,1,0.0,1,1239219.0,1,0,0,0,0.0,0.0,0.0,0,1,999,churned,0,1
manual,finance,medium,2.12,0,0.1176,15,0.219,2,3.14,526567089,0,0,0,0,0,1,0,0,0.0,1,2021080.0,0,0,0,0,0.0,0.0,0.0,0,0,999,lead,0,0
referral,health,small,5.11,1,0.875,1,0.633,7,3.0,356162490,1,1,0,0,0,1,1,0,1.0,1,2501754.0,1,0,3,2,7415415.0,3955939.4,53.35,0,0,999,customer,1,0
meta_ads,manufacturing,small,13.76,0,0.6,4,0.436,6,3.51,270469262,2,1,0,0,0,1,0,2,0.0,3,1017445.0,0,0,0,0,0.0,0.0,0.0,0,0,999,lead,0,0
organic,retail,large,7.48,1,0.5,2,0.258,2,2.29,4761926188,3,0,0,0,0,0,0,0,0.0,2,1147137.0,1,0,0,0,0.0,0.0,0.0,1,0,162,lead,0,0
referral,education,medium,0.66,3,0.75,4,0.687,12,5.0,1370287035,1,1,0,0,0,1,1,0,1.0,4,1471341.0,3,1,2,1,1424246.0,880968.6,61.86,0,0,999,customer,1,0
manual,services,medium,6.04,2,1.0,0,0.95,7,4.25,949774102,1,0,0,0,0,0,0,0,0.0,3,1980940.0,2,0,4,2,7115971.0,2657885.6,37.35,0,0,999,customer,1,0
manual,other,medium,6.02,1,0.0556,17,0.238,1,4.2,838368550,1,0,0,0,0,1,0,0,0.0,0,0.0,0,0,0,0,0.0,0.0,0.0,0,0,999,lead,0,0
organic,health,medium,6.75,2,0.0588,32,0.428,2,4.07,1200186158,1,0,0,0,0,1,0,0,0.0,0,0.0,0,0,0,0,0.0,0.0,0.0,0,0,999,lead,0,0
other,manufacturing,medium,0.0,0,1.0,0,0.5,10,2.27,1330511677,0,1,0,0,0,2,2,0,1.0,1,1795931.0,1,1,5,1,726468.0,375433.65,51.68,0,0,999,customer,1,0
referral,technology,large,4.62,1,0.0345,28,0.38,1,4.1,4608957856,2,0,0,1,0,3,2,0,0.667,1,2230716.0,0,0,0,0,0.0,0.0,0.0,0,0,999,lead,0,0
referral,services,medium,3.53,0,0.2692,19,0.627,7,5.0,509713515,0,1,0,1,0,2,2,0,1.0,2,413891.0,2,1,1,1,2621060.0,867281.01,33.09,0,0,999,prospect,0,0
referral,retail,small,13.05,2,0.0909,40,0.164,4,2.21,342319531,2,0,0,0,0,1,0,0,0.0,1,1493549.0,0,0,1,0,0.0,0.0,0.0,0,0,999,lead,0,0
referral,education,medium,1.81,0,0.4,3,0.218,2,3.19,556853040,0,0,0,1,0,0,0,0,0.0,0,0.0,0,0,1,0,0.0,0.0,0.0,0,0,999,lead,0,0
other,retail,medium,0.0,1,0.4444,10,0.702,8,3.7,1941843913,0,1,0,0,0,0,0,0,0.0,4,1235819.0,1,0,3,1,2658348.0,914542.06,34.4,0,0,999,customer,1,0
manual,retail,enterprise,3.79,3,1.0,0,0.526,11,3.23,63029894638,0,0,0,0,0,0,0,0,0.0,4,3608553.0,3,1,2,0,0.0,0.0,0.0,0,0,999,customer,1,0
referral,education,enterprise,5.84,3,0.5385,6,0.606,7,2.58,21432171810,2,1,1,0,0,1,1,0,1.0,1,1317675.0,1,1,4,1,5448790.0,1263007.47,23.18,0,0,999,prospect,0,0
referral,finance,medium,4.68,0,0.3529,11,0.0,6,3.0,1822670001,0,0,1,0,0,0,0,0,0.0,2,1411390.0,1,1,0,0,0.0,0.0,0.0,0,0,999,lead,0,0
meta_ads,manufacturing,small,2.85,1,0.2143,22,0.416,6,2.9,260438627,2,0,0,0,1,1,0,0,0.0,2,1361713.0,0,0,0,0,0.0,0.0,0.0,0,0,999,lead,0,0
referral,other,large,6.83,0,0.0385,25,0.326,1,3.15,9185015360,1,0,0,0,0,0,0,0,0.0,0,0.0,0,0,2,0,0.0,0.0,0.0,0,0,999,lead,0,0
meta_ads,health,small,0.0,0,0.3846,8,0.701,5,4.49,160957854,1,0,1,0,0,0,0,0,0.0,2,2632479.0,2,1,1,1,783655.0,401354.29,51.22,0,0,999,prospect,0,0
manual,other,small,6.81,2,0.125,28,0.291,4,1.5,225209179,1,0,1,0,1,2,0,0,0.0,0,0.0,0,0,0,0,0.0,0.0,0.0,1,1,99,churned,0,1
manual,retail,large,2.44,2,0.45,11,0.794,9,3.24,6354772163,0,0,1,0,0,3,3,0,1.0,0,0.0,0,0,1,1,3306384.0,965543.56,29.2,0,0,999,prospect,0,0
referral,finance,large,2.89,1,1.0,0,0.818,7,3.92,4626954555,1,0,1,0,0,0,0,0,0.0,4,2377773.0,3,1,2,1,5133170.0,1110139.38,21.63,0,0,999,customer,1,0
meta_ads,other,medium,0.0,1,0.3333,12,1.0,6,3.7,1845195481,1,0,1,1,0,2,0,0,0.0,2,1535467.0,1,0,1,1,4405981.0,2147084.97,48.73,0,0,999,prospect,0,0
other,manufacturing,small,4.22,0,0.1765,14,0.318,3,3.74,460216102,0,0,0,0,0,1,1,0,1.0,2,888925.0,0,0,0,0,0.0,0.0,0.0,0,0,999,lead,0,0
meta_ads,finance,small,1.49,2,0.1667,5,0.487,1,1.5,173913856,0,0,0,0,0,1,0,0,0.0,3,1656475.0,0,0,1,0,0.0,0.0,0.0,0,0,999,lead,0,0
referral,services,startup,2.6,1,0.3,14,0.573,6,3.33,38456440,1,1,0,0,0,2,0,0,0.0,5,2230597.0,1,1,0,0,0.0,0.0,0.0,0,0,999,prospect,0,0
manual,technology,small,12.44,0,0.0625,45,0.263,3,3.77,477526498,2,0,0,0,0,1,0,0,0.0,0,0.0,0,0,2,1,1712645.0,1174921.6,68.6,0,0,999,churned,0,1
referral,education,small,2.58,0,0.0588,48,0.349,3,3.01,414984522,0,1,0,0,0,0,0,0,0.0,0,0.0,0,0,1,0,0.0,0.0,0.0,0,0,999,lead,0,0
referral,services,large,1.37,0,0.3333,6,0.55,3,5.0,7835665283,2,0,0,0,0,0,0,0,0.0,6,1085135.0,2,1,1,1,1499093.0,762365.49,50.86,0,1,999,prospect,0,0
other,other,medium,9.39,2,0.0,30,0.536,0,1.46,1802061032,2,0,0,0,1,1,1,0,1.0,0,0.0,0,0,0,0,0.0,0.0,0.0,0,1,999,lead,0,0
meta_ads,manufacturing,large,14.24,0,1.0,0,0.364,1,3.66,4049705390,2,0,0,0,0,0,0,2,0.0,1,1493142.0,0,0,1,0,0.0,0.0,0.0,0,1,999,churned,0,1
manual,education,startup,0.0,2,0.2941,12,0.305,5,3.86,58144072,0,0,0,0,0,2,1,0,0.5,5,929060.0,1,0,2,0,0.0,0.0,0.0,0,0,999,prospect,0,0
other,technology,enterprise,6.63,1,0.0303,64,0.297,2,3.23,26662819263,0,0,0,1,1,0,0,0,0.0,6,512379.0,1,0,1,0,0.0,0.0,0.0,0,1,999,churned,0,1
meta_ads,other,startup,8.3,3,0.4615,7,0.485,6,4.45,66462986,1,1,0,0,0,2,2,0,1.0,1,3755320.0,1,0,2,2,2476220.0,1409142.26,56.91,1,0,41,prospect,0,0
referral,technology,small,1.88,3,0.3333,14,0.506,7,2.33,102323096,1,1,0,0,1,2,2,0,1.0,3,2423340.0,1,0,1,0,0.0,0.0,0.0,0,0,999,prospect,0,0
manual,technology,medium,0.0,0,0.381,13,0.615,8,4.31,1865672660,0,1,0,0,0,2,1,0,0.5,3,3376307.0,2,0,4,0,0.0,0.0,0.0,0,0,999,prospect,0,0
other,retail,large,3.58,0,1.0,0,0.784,8,3.78,3071765811,2,1,0,0,0,1,1,1,1.0,3,3254566.0,1,1,0,0,0.0,0.0,0.0,0,0,999,customer,1,0
meta_ads,health,small,4.12,4,0.3333,4,0.266,2,2.92,351141543,2,0,0,0,0,0,0,0,0.0,3,1145477.0,1,0,0,0,0.0,0.0,0.0,0,0,999,lead,0,0
meta_ads,education,small,8.05,1,0.1111,8,0.554,1,4.59,459658338,0,0,0,0,0,2,0,0,0.0,1,498930.0,0,0,1,0,0.0,0.0,0.0,0,0,999,lead,0,0
referral,finance,medium,2.02,2,0.4286,12,0.679,9,2.38,631737484,1,1,0,0,0,1,0,0,0.0,1,3157248.0,1,0,0,0,0.0,0.0,0.0,0,0,999,prospect,0,0
referral,health,large,7.75,0,0.0,37,0.071,0,4.66,3714214284,1,0,0,1,0,0,0,0,0.0,1,1113058.0,1,0,1,0,0.0,0.0,0.0,0,0,999,lead,0,0
meta_ads,technology,startup,2.03,0,0.0,71,0.236,0,1.09,47687963,1,0,0,0,0,0,0,0,0.0,2,1288166.0,1,0,0,0,0.0,0.0,0.0,0,1,999,churned,0,1
manual,education,small,10.2,0,0.0549,86,0.217,5,5.0,100107906,2,0,0,0,1,1,0,0,0.0,0,0.0,0,0,1,1,1385879.0,842260.2,60.77,0,0,999,churned,0,1
organic,health,large,0.0,2,0.6154,5,0.476,8,3.87,5475056195,2,1,0,0,0,1,0,0,0.0,4,3894838.0,1,0,1,0,0.0,0.0,0.0,0,0,999,customer,1,0
referral,health,large,3.02,2,0.3333,10,0.276,5,4.67,3412043173,1,1,0,0,0,0,0,0,0.0,1,2198122.0,1,0,1,1,4002231.0,1601534.96,40.02,0,0,999,prospect,0,0
organic,retail,startup,4.99,0,0.0106,93,0.072,1,4.25,54326226,2,0,1,0,0,0,0,0,0.0,1,1538631.0,1,1,2,0,0.0,0.0,0.0,0,0,999,churned,0,1
referral,technology,enterprise,6.05,2,0.3333,8,0.427,4,4.49,34069314601,2,1,0,0,0,2,2,0,1.0,2,2687266.0,1,0,0,0,0.0,0.0,0.0,0,0,999,customer,1,0
other,manufacturing,enterprise,1.29,2,1.0,0,0.499,8,3.68,77518795707,1,0,0,0,0,3,1,0,0.333,0,0.0,0,0,1,0,0.0,0.0,0.0,0,1,999,prospect,0,0
meta_ads,manufacturing,medium,8.58,1,0.0357,27,0.262,1,3.87,548649980,2,0,0,0,0,1,0,0,0.0,0,0.0,0,0,0,0,0.0,0.0,0.0,0,0,999,lead,0,0
manual,retail,small,2.53,1,0.5714,12,0.778,16,4.02,439546775,3,1,0,0,0,3,1,0,0.333,2,4225907.0,2,0,2,1,3141216.0,1144749.29,36.44,1,0,69,customer,1,0
manual,finance,small,0.0,1,0.3333,14,0.401,7,2.08,259528434,1,0,0,0,0,0,0,0,0.0,3,1499399.0,1,0,0,0,0.0,0.0,0.0,0,0,999,lead,0,0
manual,manufacturing,small,5.15,0,0.1739,19,0.275,4,3.62,369507768,1,0,0,0,0,0,0,0,0.0,0,0.0,0,0,2,1,2753245.0,903031.76,32.8,0,0,999,lead,0,0
organic,services,medium,1.12,2,0.9167,1,0.538,11,5.0,685503260,0,0,0,0,0,0,0,0,0.0,2,3734235.0,2,0,1,0,0.0,0.0,0.0,0,0,999,customer,1,0
organic,manufacturing,large,1.8,3,0.1818,9,0.5,2,3.1,2842026447,1,0,0,0,1,1,0,0,0.0,1,2832993.0,1,0,0,0,0.0,0.0,0.0,0,0,999,prospect,0,0
meta_ads,health,medium,2.14,1,0.7,3,0.688,7,3.61,1685318920,2,0,0,0,0,2,1,2,0.5,0,0.0,0,0,0,0,0.0,0.0,0.0,0,0,999,prospect,0,0
organic,health,small,5.65,0,0.0,41,0.59,0,2.73,133493783,2,0,0,1,1,0,0,0,0.0,0,0.0,0,0,1,0,0.0,0.0,0.0,0,1,999,churned,0,1
manual,other,small,3.46,2,0.75,4,0.921,12,4.52,262475380,1,0,0,0,0,1,0,0,0.0,2,3319558.0,2,0,7,0,0.0,0.0,0.0,0,0,999,customer,1,0
referral,finance,small,7.32,0,0.1053,34,0.487,4,3.85,473489907,1,0,0,1,1,1,0,2,0.0,0,0.0,0,0,0,0,0.0,0.0,0.0,0,0,999,lead,0,0
manual,education,startup,1.61,2,0.5,3,0.476,3,3.45,35918339,1,0,0,0,0,2,2,0,1.0,2,2508239.0,1,0,0,0,0.0,0.0,0.0,0,0,999,lead,0,0
other,health,startup,9.08,0,0.1176,45,0.508,6,5.0,65718623,0,0,0,1,0,0,0,0,0.0,0,0.0,0,0,0,0,0.0,0.0,0.0,0,0,999,lead,0,0
referral,health,medium,3.59,2,0.6667,5,0.5,10,3.78,1207968401,0,0,0,0,1,3,2,0,0.667,3,1817452.0,1,0,2,1,1741253.0,968108.16,55.6,0,0,999,prospect,0,0
other,education,medium,5.18,2,0.1176,15,0.431,2,3.77,1667366927,1,0,0,1,0,2,1,0,0.5,3,947810.0,0,0,0,0,0.0,0.0,0.0,1,0,113,lead,0,0
meta_ads,health,startup,4.13,4,0.4138,17,0.854,12,3.8,90483745,2,1,1,1,0,3,3,0,1.0,2,2318324.0,2,1,3,1,599060.0,277409.43,46.31,0,1,999,prospect,0,0
organic,technology,small,0.0,6,0.625,6,0.548,10,3.99,378532973,2,0,0,0,0,1,1,0,1.0,2,1939298.0,2,1,3,1,3834624.0,1368307.0,35.68,0,1,999,customer,1,0
referral,manufacturing,medium,3.64,0,0.0968,28,0.17,3,2.01,1169836864,1,0,0,0,0,1,1,0,1.0,0,0.0,0,0,1,0,0.0,0.0,0.0,0,0,999,lead,0,0
referral,manufacturing,medium,6.64,0,0.0,0,0.324,0,1.94,1917943337,1,0,0,0,0,1,1,0,1.0,0,0.0,0,0,0,0,0.0,0.0,0.0,0,0,999,lead,0,0
other,services,medium,1.62,0,0.5294,8,0.858,9,3.65,598799972,2,0,0,0,0,0,0,0,0.0,1,2496917.0,1,0,3,1,3997881.0,1918829.66,48.0,1,0,44,customer,1,0
meta_ads,health,small,13.59,1,0.0645,29,0.207,2,4.12,227493617,2,0,1,0,0,0,0,0,0.0,1,1578124.0,0,0,0,0,0.0,0.0,0.0,0,0,999,lead,0,0
referral,finance,medium,2.61,3,0.25,27,0.365,9,2.18,998824946,0,0,0,0,0,0,0,0,0.0,1,1982712.0,0,0,0,0,0.0,0.0,0.0,0,0,999,lead,0,0
manual,technology,small,3.28,1,0.3529,11,0.704,6,2.94,208628786,0,0,0,1,0,2,1,0,0.5,0,0.0,0,0,2,1,2421636.0,1678453.29,69.31,0,0,999,lead,0,0
organic,services,large,5.73,2,0.6667,5,0.602,10,5.0,7679972275,3,0,0,0,0,1,1,0,1.0,0,0.0,0,0,3,1,1981672.0,685863.85,34.61,1,0,173,prospect,0,0
manual,services,startup,7.28,0,0.0769,24,0.491,2,3.1,99162578,1,1,0,0,0,0,0,0,0.0,1,645868.0,1,0,0,0,0.0,0.0,0.0,0,0,999,lead,0,0
other,health,large,6.48,1,0.1739,19,0.525,4,4.62,8723227943,0,0,0,0,0,2,0,0,0.0,0,0.0,0,0,3,0,0.0,0.0,0.0,0,0,999,lead,0,0
manual,health,medium,6.64,2,0.0,33,0.108,0,1.96,1086123411,1,0,0,0,0,0,0,0,0.0,0,0.0,0,0,1,0,0.0,0.0,0.0,0,1,999,churned,0,1
manual,retail,startup,9.16,0,0.0,3,0.422,0,3.42,87700262,3,0,0,1,0,2,0,0,0.0,2,1219759.0,0,0,1,1,1661509.0,739661.64,44.52,0,0,999,lead,0,0
referral,services,small,9.37,0,0.1111,8,0.386,1,3.71,295510529,1,0,0,1,0,0,0,0,0.0,1,1357077.0,1,0,2,0,0.0,0.0,0.0,0,0,999,churned,0,1
organic,education,medium,3.05,1,0.0,44,0.039,0,2.78,1828258294,0,0,0,1,1,1,0,0,0.0,1,2364039.0,0,0,0,0,0.0,0.0,0.0,0,0,999,lead,0,0
referral,other,large,3.13,0,0.6957,7,0.746,16,4.65,5178821957,0,1,0,0,0,2,1,0,0.5,3,3770767.0,3,0,4,0,0.0,0.0,0.0,0,0,999,customer,1,0
referral,education,small,2.64,2,0.2857,15,0.687,6,4.35,282515153,2,0,0,0,0,2,0,0,0.0,4,2876693.0,2,1,0,0,0.0,0.0,0.0,1,0,104,prospect,0,0
meta_ads,manufacturing,large,4.83,0,0.1667,15,0.619,3,2.78,6456787974,2,0,0,0,1,0,0,0,0.0,1,2158335.0,0,1,2,0,0.0,0.0,0.0,0,0,999,lead,0,0
manual,finance,startup,4.92,3,0.069,27,0.354,2,3.35,12017001,2,0,0,0,0,0,0,0,0.0,2,1449600.0,1,1,0,0,0.0,0.0,0.0,0,0,999,lead,0,0
organic,finance,large,0.28,1,0.0476,20,0.246,1,4.16,8695509243,1,0,0,0,0,0,0,0,0.0,1,1278103.0,0,0,2,0,0.0,0.0,0.0,0,0,999,lead,0,0
other,technology,large,4.63,0,0.25,12,0.429,4,2.86,4271640509,1,0,0,0,0,2,0,2,0.0,2,1514844.0,1,0,0,0,0.0,0.0,0.0,0,0,999,lead,0,0
meta_ads,education,startup,4.74,0,0.2222,7,0.462,2,3.95,98255047,0,0,0,0,0,1,0,0,0.0,0,0.0,0,0,1,1,2797306.0,1727754.62,61.76,0,0,999,lead,0,0
meta_ads,services,small,9.64,1,1.0,0,0.275,1,3.68,492467107,1,0,0,1,1,0,0,0,0.0,0,0.0,0,0,0,0,0.0,0.0,0.0,0,0,999,lead,0,0
referral,manufacturing,medium,1.3,2,0.8571,2,0.51,12,4.03,1026689607,2,0,0,0,0,1,1,0,1.0,1,1688821.0,1,0,2,0,0.0,0.0,0.0,0,0,999,customer,1,0
organic,services,large,0.0,0,0.1429,18,0.341,3,2.78,3368557809,1,0,0,0,0,1,0,0,0.0,0,0.0,0,0,0,0,0.0,0.0,0.0,0,0,999,lead,0,0
referral,education,large,4.97,0,0.7143,2,0.516,5,2.96,4346539711,1,1,0,0,0,0,0,0,0.0,2,1447078.0,2,0,1,1,3217217.0,1676683.68,52.12,0,0,999,prospect,0,0
other,other,medium,0.0,0,0.1667,15,0.654,3,3.2,1943195489,2,0,0,0,0,0,0,1,0.0,1,1057710.0,0,0,0,0,0.0,0.0,0.0,0,0,999,lead,0,0
organic,education,medium,0.63,0,0.0714,13,0.432,1,4.24,1140236019,1,0,0,0,0,1,0,0,0.0,1,2941479.0,0,1,1,1,4018539.0,1600725.94,39.83,0,0,999,lead,0,0
meta_ads,manufacturing,medium,6.55,3,0.4375,9,0.749,7,4.56,619798592,2,0,0,0,0,2,2,0,1.0,0,0.0,0,0,1,1,1725196.0,1186937.87,68.8,0,0,999,prospect,0,0
other,other,small,2.03,1,1.0,0,0.598,6,3.57,229015738,0,0,1,0,0,1,0,0,0.0,3,2225115.0,2,1,0,0,0.0,0.0,0.0,0,0,999,prospect,0,0
other,education,medium,12.04,1,0.0698,40,0.518,3,3.86,593014429,0,0,0,1,0,3,2,0,0.667,0,0.0,0,0,2,0,0.0,0.0,0.0,0,0,999,lead,0,0
manual,health,medium,1.24,0,0.1786,23,0.375,5,3.06,1686720838,1,0,0,0,1,0,0,0,0.0,0,0.0,0,0,1,0,0.0,0.0,0.0,0,0,999,lead,0,0
manual,retail,medium,11.35,0,0.2941,24,0.173,10,4.57,734092294,0,1,0,0,0,1,1,0,1.0,0,0.0,0,0,1,0,0.0,0.0,0.0,0,0,999,lead,0,0
referral,manufacturing,startup,5.1,3,0.3226,21,0.471,10,2.77,28507177,1,0,1,0,0,1,1,0,1.0,1,3485365.0,1,0,1,1,2826856.0,733027.04,25.93,0,0,999,prospect,0,0
meta_ads,services,small,2.54,2,1.0,0,0.415,8,3.51,314638074,2,1,0,0,0,2,1,0,0.5,2,1798893.0,2,0,3,1,725904.0,494756.39,68.16,0,0,999,prospect,0,0
referral,other,startup,4.3,2,0.4286,8,0.931,6,3.76,83781850,0,0,0,0,0,2,1,0,0.5,2,157746.0,2,1,4,1,2482910.0,1318353.24,53.1,1,0,139,customer,1,0
manual,manufacturing,medium,0.0,0,0.098,46,0.423,5,3.32,1834602190,1,0,0,0,0,0,0,0,0.0,1,1533455.0,0,0,0,0,0.0,0.0,0.0,0,0,999,lead,0,0
referral,other,small,1.51,0,1.0,0,0.217,5,2.77,356655705,0,0,0,0,0,0,0,0,0.0,1,2296603.0,0,1,1,0,0.0,0.0,0.0,0,0,999,lead,0,0
manual,other,large,6.66,3,0.5,8,0.499,8,4.05,9924319242,2,0,0,0,0,2,1,0,0.5,2,2158747.0,2,1,3,2,5135203.0,2007410.39,39.09,1,0,21,prospect,0,0
referral,retail,large,0.0,1,0.0889,41,0.413,4,4.6,7199324875,2,0,0,0,0,1,0,0,0.0,1,1483206.0,0,0,0,0,0.0,0.0,0.0,0,0,999,lead,0,0
meta_ads,education,small,2.1,0,0.0,35,0.627,0,5.0,447759200,1,0,0,0,0,0,0,0,0.0,0,0.0,0,0,2,0,0.0,0.0,0.0,0,0,999,lead,0,0
organic,retail,large,5.73,2,0.2381,16,0.374,5,3.27,4886885132,2,0,0,0,0,2,0,0,0.0,1,2145635.0,0,0,0,0,0.0,0.0,0.0,0,0,999,lead,0,0
organic,other,small,0.0,1,1.0,0,0.68,11,4.75,321194296,1,0,1,0,0,3,2,0,0.667,2,1673230.0,1,1,1,1,2523029.0,779452.38,30.89,0,0,999,prospect,0,0
referral,education,small,3.38,3,1.0,0,0.568,2,3.78,289486056,3,0,0,0,0,1,0,0,0.0,1,4099973.0,1,1,1,1,2404279.0,938558.88,39.04,0,0,999,customer,1,0
referral,other,small,4.4,4,0.8,3,0.696,12,3.64,327988442,1,0,0,0,0,1,1,0,1.0,2,3878332.0,2,0,2,2,1636685.0,807641.39,49.35,0,0,999,customer,1,0
organic,services,large,2.92,2,0.2941,12,0.854,5,3.7,9360714398,1,1,0,0,0,1,0,0,0.0,1,1315930.0,1,0,1,1,1420073.0,396059.38,27.89,1,0,158,prospect,0,0
meta_ads,services,medium,5.79,0,0.25,24,0.205,8,1.16,868513095,2,0,0,1,0,0,0,0,0.0,0,0.0,0,0,0,0,0.0,0.0,0.0,0,0,999,lead,0,0
referral,education,small,6.02,1,1.0,0,0.426,11,3.46,340211391,2,0,0,0,0,0,0,0,0.0,5,3220494.0,3,1,2,2,3528512.0,2002249.53,56.74,0,0,999,customer,1,0
referral,retail,medium,2.83,1,0.6154,5,0.713,8,4.94,1475206117,3,0,0,0,0,2,2,0,1.0,1,2136606.0,1,1,0,0,0.0,0.0,0.0,0,0,999,prospect,0,0
organic,services,large,7.45,0,0.0484,59,0.566,3,5.0,5675035233,1,0,0,0,1,2,0,0,0.0,1,1695601.0,0,1,0,0,0.0,0.0,0.0,0,0,999,churned,0,1
organic,other,small,1.12,4,0.4706,9,0.538,8,4.33,229335123,1,0,0,0,0,2,2,0,1.0,1,2006426.0,1,1,0,0,0.0,0.0,0.0,0,0,999,prospect,0,0
manual,manufacturing,small,5.4,1,0.3125,11,0.493,5,3.45,473539931,0,0,1,0,0,2,1,0,0.5,1,2760196.0,1,1,0,0,0.0,0.0,0.0,0,0,999,prospect,0,0
meta_ads,technology,small,2.57,0,0.2051,31,0.35,8,1.13,405209658,1,0,0,1,1,0,0,0,0.0,0,0.0,0,0,1,0,0.0,0.0,0.0,0,0,999,lead,0,0
meta_ads,other,medium,8.77,1,0.0476,80,0.249,4,1.25,695524590,0,0,0,1,0,1,0,0,0.0,2,1250942.0,1,0,1,0,0.0,0.0,0.0,0,0,999,churned,0,1
organic,education,small,6.26,2,0.0139,71,0.452,1,3.27,244207157,3,0,0,0,1,0,0,0,0.0,0,0.0,0,0,2,0,0.0,0.0,0.0,0,0,999,churned,0,1
meta_ads,finance,medium,6.33,0,0.1429,24,0.612,4,2.77,984630617,0,0,0,0,0,0,0,0,0.0,0,0.0,0,0,0,0,0.0,0.0,0.0,0,0,999,lead,0,0
referral,retail,startup,0.27,1,0.2308,10,0.398,3,3.94,59036655,2,0,1,0,0,1,1,0,1.0,3,2667306.0,1,0,4,2,922114.0,312048.2,33.84,0,0,999,prospect,0,0
organic,technology,medium,0.65,2,0.8182,2,0.682,9,4.52,1210822074,2,0,1,0,0,2,1,0,0.5,2,1695372.0,2,0,1,1,3508101.0,1839095.29,52.42,0,0,999,prospect,0,0
other,finance,small,4.11,4,0.3913,14,0.6,9,4.6,436047300,0,0,0,0,0,2,0,0,0.0,0,0.0,0,0,0,0,0.0,0.0,0.0,0,0,999,prospect,0,0
meta_ads,education,medium,2.81,2,0.25,18,0.446,6,2.69,1957732998,0,1,0,0,0,2,1,0,0.5,1,2785202.0,1,0,1,0,0.0,0.0,0.0,0,0,999,prospect,0,0
meta_ads,education,startup,5.32,0,0.6957,7,0.467,16,3.64,73314060,0,0,1,0,0,0,0,0,0.0,3,2567920.0,3,0,0,0,0.0,0.0,0.0,1,0,18,customer,1,0
meta_ads,other,startup,2.22,0,0.1724,24,0.575,5,5.0,39322596,1,0,0,0,0,0,0,0,0.0,0,0.0,0,0,0,0,0.0,0.0,0.0,0,0,999,lead,0,0
referral,education,startup,3.94,2,0.5455,5,0.91,6,4.68,42080341,1,0,1,0,0,0,0,0,0.0,3,1497298.0,2,1,3,2,7695406.0,3407265.33,44.28,0,0,999,customer,1,0
referral,technology,medium,11.95,2,0.32,17,0.464,8,2.59,1624605781,1,0,0,0,0,1,1,0,1.0,1,1506121.0,0,0,0,0,0.0,0.0,0.0,0,1,999,lead,0,0
manual,health,large,4.9,2,0.6154,5,0.386,8,4.2,2984337943,2,0,1,0,0,1,0,0,0.0,1,991847.0,1,0,3,1,1523744.0,486800.81,31.95,0,0,999,prospect,0,0
meta_ads,finance,medium,0.92,4,1.0,0,0.748,16,2.26,1087490138,1,0,0,0,0,2,0,0,0.0,2,3172564.0,2,1,0,0,0.0,0.0,0.0,1,0,116,customer,1,0
referral,technology,large,1.82,0,0.2632,14,0.406,5,2.58,8433793003,1,0,1,0,1,0,0,0,0.0,0,0.0,0,0,1,0,0.0,0.0,0.0,0,0,999,lead,0,0
meta_ads,health,startup,5.31,0,0.2,16,0.489,4,3.31,76919718,1,1,1,1,1,1,0,0,0.0,0,0.0,0,0,1,0,0.0,0.0,0.0,0,0,999,lead,0,0
organic,technology,small,6.45,2,0.125,14,0.222,2,3.81,229209144,1,0,0,0,0,0,0,2,0.0,0,0.0,0,0,0,0,0.0,0.0,0.0,0,0,999,lead,0,0
other,retail,small,7.28,1,0.1892,30,0.406,7,2.93,125753799,0,0,1,0,0,2,0,0,0.0,0,0.0,0,0,1,0,0.0,0.0,0.0,0,0,999,lead,0,0
other,finance,large,7.41,0,0.029,67,0.223,2,2.73,7018602892,1,0,0,0,1,1,1,2,1.0,1,2220664.0,1,1,0,0,0.0,0.0,0.0,0,0,999,churned,0,1
other,education,medium,0.0,3,0.45,11,0.348,9,3.03,1179586916,2,0,1,0,0,2,0,0,0.0,2,2140967.0,1,0,0,0,0.0,0.0,0.0,0,0,999,prospect,0,0
meta_ads,health,large,7.36,1,0.36,16,0.492,9,4.95,7784620344,0,0,1,0,0,1,1,0,1.0,0,0.0,0,0,1,1,4737436.0,2992633.97,63.17,0,1,999,prospect,0,0
manual,other,small,8.44,0,0.1333,13,0.759,2,2.34,452143386,1,0,0,0,0,0,0,0,0.0,1,679304.0,1,0,0,0,0.0,0.0,0.0,0,0,999,lead,0,0
other,services,small,2.54,0,0.1071,25,0.584,3,1.9,294244177,1,0,0,0,0,0,0,0,0.0,1,1938718.0,1,0,0,0,0.0,0.0,0.0,0,0,999,lead,0,0
organic,other,small,0.91,0,1.0,0,0.725,16,4.24,479658283,1,1,0,0,0,1,0,0,0.0,3,1538504.0,3,0,3,1,6124940.0,3815097.73,62.29,0,0,999,customer,1,0
manual,manufacturing,large,6.0,0,0.1739,19,0.477,4,1.85,2374769571,1,0,0,1,0,2,0,1,0.0,0,0.0,0,0,0,0,0.0,0.0,0.0,0,0,999,lead,0,0
organic,technology,small,13.66,0,0.0476,60,0.331,3,1.71,250908023,1,0,0,0,1,1,0,0,0.0,0,0.0,0,0,2,1,2516437.0,629883.91,25.03,0,0,999,churned,0,1
meta_ads,retail,large,16.06,0,0.1129,55,0.136,7,2.2,9990232041,2,0,0,0,0,1,0,0,0.0,0,0.0,0,0,1,0,0.0,0.0,0.0,0,0,999,churned,0,1
meta_ads,education,small,4.05,0,0.2857,10,0.866,4,4.82,119273680,1,0,0,0,0,0,0,0,0.0,1,2948470.0,1,1,1,1,2555239.0,934479.1,36.57,0,0,999,customer,1,0
referral,finance,medium,4.26,0,0.3,7,0.358,3,3.07,1363210632,1,0,0,0,1,0,0,0,0.0,1,1448403.0,1,0,0,0,0.0,0.0,0.0,0,0,999,lead,0,0
referral,manufacturing,startup,1.87,0,0.7368,5,0.641,14,3.38,46177997,1,0,1,0,0,3,2,0,0.667,3,1466311.0,2,0,0,0,0.0,0.0,0.0,1,0,10,customer,1,0
meta_ads,education,startup,1.4,0,0.0698,40,0.611,3,2.32,66929176,2,0,0,1,0,1,0,0,0.0,0,0.0,0,0,0,0,0.0,0.0,0.0,0,0,999,lead,0,0
referral,retail,startup,4.13,2,0.0,0,0.639,0,4.38,57204286,1,0,1,1,0,0,0,0,0.0,2,1017372.0,1,0,3,1,3041401.0,2108117.64,69.31,1,0,77,customer,1,0
manual,retail,startup,6.94,2,0.6667,3,0.546,6,3.79,32297295,2,0,0,1,1,2,1,0,0.5,1,1397498.0,1,0,1,1,0.0,0.0,35.41,1,0,1,prospect,0,0
other,education,medium,2.07,2,0.0,8,0.581,0,2.8,1795688732,1,0,0,0,0,1,1,1,1.0,1,2534077.0,1,1,1,0,0.0,0.0,0.0,0,0,999,prospect,0,0
manual,services,small,14.27,0,0.1111,32,0.454,4,2.8,465181133,3,0,0,0,0,3,0,2,0.0,1,1560951.0,1,1,1,0,0.0,0.0,0.0,0,0,999,lead,0,0
meta_ads,technology,small,5.62,2,0.0526,36,0.656,2,1.34,471663794,0,1,0,0,0,0,0,0,0.0,1,1278376.0,0,0,0,0,0.0,0.0,0.0,0,0,999,lead,0,0
organic,technology,medium,0.0,1,0.5714,6,0.372,8,3.38,1191826149,1,0,0,0,0,1,0,0,0.0,3,1159155.0,1,1,1,0,0.0,0.0,0.0,0,0,999,prospect,0,0
organic,health,small,3.86,0,0.6154,5,0.727,8,4.17,219286177,1,0,0,0,0,2,1,0,0.5,1,1984787.0,1,0,4,2,9767817.0,3994543.45,40.89,1,0,120,prospect,0,0
referral,health,small,4.6,1,0.6316,7,0.514,12,4.52,301483461,3,0,1,0,0,3,1,0,0.333,3,1423566.0,3,0,0,0,0.0,0.0,0.0,0,0,999,customer,1,0
meta_ads,health,small,0.42,2,0.8,2,0.45,8,3.94,225785677,2,0,0,0,0,0,0,0,0.0,1,1763188.0,1,1,1,1,0.0,0.0,65.16,0,0,999,prospect,0,0
organic,services,large,3.68,1,0.0882,31,0.759,3,2.73,2114153675,1,0,0,1,0,0,0,0,0.0,2,324015.0,1,0,3,1,3344168.0,1296223.82,38.76,0,0,999,lead,0,0
referral,manufacturing,large,9.62,0,0.4444,5,0.307,4,3.2,7465176762,1,0,0,1,0,2,0,1,0.0,3,2025526.0,1,1,0,0,0.0,0.0,0.0,0,1,999,lead,0,0
other,retail,small,1.81,0,0.3636,14,0.511,8,3.49,353601067,3,0,0,0,0,2,2,0,1.0,0,0.0,0,0,2,1,2894139.0,1359949.99,46.99,1,0,43,prospect,0,0
meta_ads,technology,small,1.51,1,0.3846,16,0.756,10,4.04,314983435,3,1,1,0,0,2,1,0,0.5,0,0.0,0,0,2,2,6827629.0,1858387.09,27.22,1,0,165,prospect,0,0
manual,retail,large,3.88,3,0.3043,16,0.675,7,3.56,7148666605,2,0,0,0,1,1,0,0,0.0,4,2009347.0,2,1,2,2,4051203.0,1979708.72,48.87,0,0,999,prospect,0,0
meta_ads,health,large,6.4,2,0.3684,12,0.405,7,4.82,5740435625,1,0,1,0,0,1,0,0,0.0,1,2856444.0,1,0,1,1,2303317.0,1116269.54,48.46,0,0,999,prospect,0,0
meta_ads,manufacturing,small,10.7,0,0.0741,50,0.254,4,3.35,467952648,0,0,0,0,0,2,0,1,0.0,2,1032370.0,0,0,0,0,0.0,0.0,0.0,1,0,141,lead,0,0
meta_ads,manufacturing,startup,9.61,0,0.037,52,0.101,2,4.8,86250179,1,0,0,0,0,2,0,1,0.0,1,1253828.0,0,0,1,1,2948897.0,1927074.87,65.35,0,1,999,churned,0,1
referral,services,small,2.83,1,0.75,1,0.49,3,3.51,487705721,2,1,1,1,0,2,0,0,0.0,1,2993097.0,1,1,1,1,3455735.0,1896710.61,54.89,0,1,999,customer,1,0
referral,other,small,8.3,0,0.0833,11,0.547,1,3.65,399854219,1,0,0,0,0,1,0,2,0.0,2,1740378.0,0,0,1,1,3050146.0,1893079.82,62.07,0,0,999,lead,0,0
manual,finance,large,2.81,0,0.2,24,0.27,6,1.93,8539041542,1,0,0,0,0,0,0,0,0.0,3,1093994.0,0,0,0,0,0.0,0.0,0.0,0,0,999,lead,0,0
referral,manufacturing,small,7.7,0,0.0,34,0.506,0,2.55,163761477,1,0,0,0,1,0,0,0,0.0,1,2528358.0,1,1,0,0,0.0,0.0,0.0,0,0,999,lead,0,0
meta_ads,services,small,0.64,0,0.1176,15,0.606,2,1.51,344465707,2,0,0,1,0,1,0,0,0.0,0,0.0,0,0,3,0,0.0,0.0,0.0,0,0,999,churned,0,1
manual,technology,startup,10.33,1,0.0375,77,0.217,3,3.1,65081729,0,0,0,0,0,2,0,1,0.0,1,598292.0,0,0,0,0,0.0,0.0,0.0,0,0,999,churned,0,1
manual,other,small,6.85,1,0.4167,7,0.46,5,1.89,234718542,1,1,0,0,0,2,1,0,0.5,1,972661.0,0,0,1,0,0.0,0.0,0.0,0,0,999,lead,0,0
referral,manufacturing,medium,3.66,1,0.0625,30,0.635,2,3.13,1761377296,1,0,0,1,0,0,0,0,0.0,2,988096.0,1,0,0,0,0.0,0.0,0.0,0,0,999,lead,0,0
meta_ads,health,large,3.98,1,0.4118,10,0.525,7,2.68,2881332251,0,1,0,0,0,2,0,0,0.0,3,1898969.0,1,0,0,0,0.0,0.0,0.0,0,0,999,prospect,0,0
meta_ads,technology,startup,1.54,2,1.0,0,0.454,5,2.28,13073870,1,0,0,0,0,2,1,1,0.5,4,2927458.0,1,0,2,2,3454579.0,1025832.1,29.69,0,0,999,prospect,0,0
meta_ads,services,large,1.56,0,0.6875,5,0.78,11,3.52,5423487698,2,0,0,0,0,1,0,0,0.0,4,2263662.0,2,1,1,0,0.0,0.0,0.0,1,0,19,customer,1,0
other,technology,startup,5.99,1,0.2222,14,0.563,4,2.69,75561434,0,0,1,0,0,2,1,0,0.5,2,2130241.0,1,1,1,1,1716876.0,888124.98,51.73,0,0,999,prospect,0,0
meta_ads,services,large,0.0,2,0.0,0,0.345,0,2.33,5837538950,1,0,0,0,0,1,1,0,1.0,2,2527652.0,0,0,1,0,0.0,0.0,0.0,0,0,999,lead,0,0
organic,other,medium,3.17,1,0.5,11,0.573,11,4.92,562008284,1,0,1,0,0,1,0,0,0.0,2,2308076.0,1,0,2,2,4812852.0,1277016.98,26.53,0,0,999,prospect,0,0
meta_ads,finance,small,7.07,2,0.0357,27,0.447,1,3.73,437081011,1,0,0,1,0,2,0,2,0.0,2,2071667.0,0,0,2,0,0.0,0.0,0.0,0,0,999,lead,0,0
organic,services,large,0.0,0,0.1667,10,0.631,2,4.32,6030452618,1,0,0,0,0,1,1,0,1.0,3,1561182.0,1,0,0,0,0.0,0.0,0.0,0,0,999,lead,0,0
organic,services,large,3.05,1,1.0,0,0.552,8,2.66,4204418723,1,1,0,0,0,3,1,0,0.333,0,0.0,0,0,4,0,0.0,0.0,0.0,1,0,141,prospect,0,0
referral,health,small,0.44,2,0.7727,5,0.598,17,4.77,177245145,2,0,0,0,0,1,0,0,0.0,4,1396620.0,2,1,4,3,0.0,0.0,60.32,0,0,999,customer,1,0
meta_ads,other,large,2.48,0,0.1154,23,0.225,3,2.19,9556904457,1,0,1,1,0,0,0,0,0.0,1,438995.0,0,0,1,0,0.0,0.0,0.0,0,0,999,lead,0,0
meta_ads,health,large,3.94,2,0.2857,10,0.644,4,4.73,6503782867,0,0,0,0,0,0,0,0,0.0,0,0.0,0,0,2,0,0.0,0.0,0.0,0,0,999,lead,0,0
organic,other,large,1.39,1,0.5,4,0.651,4,4.19,6205136713,3,0,0,0,1,2,2,0,1.0,0,0.0,0,0,1,0,0.0,0.0,0.0,0,0,999,prospect,0,0
meta_ads,services,medium,2.81,2,0.6364,4,0.654,7,4.73,1588074377,1,0,0,0,0,1,0,0,0.0,1,2527504.0,1,1,0,0,0.0,0.0,0.0,1,0,17,customer,1,0
manual,health,startup,0.51,0,0.0448,64,0.329,3,4.03,92184053,2,0,0,1,0,1,1,0,1.0,0,0.0,0,0,1,1,3729998.0,964246.55,25.85,0,1,999,churned,0,1
organic,other,medium,5.18,0,0.2414,22,0.26,7,2.97,1293763643,1,0,0,1,0,0,0,0,0.0,3,1525475.0,1,0,0,0,0.0,0.0,0.0,0,0,999,lead,0,0
manual,health,small,6.04,2,0.04,24,0.335,1,3.39,410474882,2,0,0,1,0,0,0,0,0.0,0,0.0,0,0,0,0,0.0,0.0,0.0,0,0,999,lead,0,0
manual,finance,enterprise,0.0,2,1.0,0,0.467,5,4.1,36797608957,0,0,1,0,0,3,1,0,0.333,2,1567632.0,1,1,0,0,0.0,0.0,0.0,0,0,999,prospect,0,0
referral,services,small,4.01,0,0.3704,17,0.617,10,2.92,148690056,1,0,0,0,0,1,0,0,0.0,2,46543.0,1,1,1,1,826067.0,371400.35,44.96,0,0,999,prospect,0,0
referral,finance,large,0.0,0,1.0,0,0.588,13,4.5,9749660244,2,0,0,0,0,1,1,0,1.0,3,2166366.0,1,1,3,2,4300225.0,2281333.13,53.05,1,0,128,customer,1,0
meta_ads,technology,medium,3.94,0,0.075,37,0.323,3,1.71,1406595257,0,0,0,0,0,0,0,0,0.0,2,1008233.0,0,1,1,0,0.0,0.0,0.0,0,1,999,churned,0,1
other,other,medium,11.5,1,0.0128,77,0.19,1,4.54,1516197164,1,0,0,1,1,0,0,0,0.0,2,1891020.0,0,1,0,0,0.0,0.0,0.0,0,0,999,churned,0,1
referral,services,medium,8.94,1,0.2,16,0.305,4,2.68,1676899028,0,0,0,0,0,0,0,0,0.0,0,0.0,0,0,0,0,0.0,0.0,0.0,0,0,999,lead,0,0
referral,manufacturing,startup,5.17,0,1.0,0,0.65,7,3.53,67040556,3,0,0,0,0,2,2,0,1.0,3,2751130.0,3,1,1,0,0.0,0.0,0.0,1,0,127,customer,1,0
manual,services,medium,6.28,1,0.1739,19,0.823,4,3.72,1852382745,0,0,0,0,0,1,0,0,0.0,2,1447647.0,0,0,0,0,0.0,0.0,0.0,0,0,999,lead,0,0
referral,education,small,5.5,1,0.0976,37,0.462,4,2.88,212723440,2,0,0,0,0,3,1,0,0.333,0,0.0,0,0,0,0,0.0,0.0,0.0,0,0,999,lead,0,0
meta_ads,health,small,7.81,1,0.2069,23,0.32,6,1.67,482373304,0,0,1,0,0,1,1,2,1.0,1,811605.0,0,0,0,0,0.0,0.0,0.0,0,0,999,lead,0,0
organic,health,small,1.53,0,0.6,4,0.721,6,4.64,196646146,1,1,1,0,0,0,0,0,0.0,4,2129427.0,1,0,1,1,753092.0,298361.77,39.62,0,0,999,customer,1,0
other,technology,small,5.3,0,1.0,0,0.502,8,3.78,395319361,1,1,1,0,0,1,0,0,0.0,5,1839806.0,2,1,2,0,0.0,0.0,0.0,0,0,999,customer,1,0
other,health,large,7.43,2,0.2,12,0.516,3,2.81,4148588441,3,0,0,0,0,1,0,0,0.0,4,1352709.0,2,1,2,1,3919340.0,2619139.87,66.83,0,1,999,prospect,0,0
referral,other,startup,0.0,2,0.5385,6,0.846,7,4.71,77984109,2,0,0,0,0,0,0,0,0.0,1,924789.0,1,1,0,0,0.0,0.0,0.0,0,0,999,prospect,0,0
meta_ads,services,large,5.69,0,0.05,19,0.264,1,4.31,9945058850,2,0,0,1,0,0,0,0,0.0,1,1187909.0,1,0,0,0,0.0,0.0,0.0,0,1,999,churned,0,1
meta_ads,health,medium,1.94,3,0.4828,15,0.58,14,4.18,1252573478,0,0,0,1,1,1,1,0,1.0,3,1577818.0,1,0,1,1,4786699.0,2095594.77,43.78,0,0,999,prospect,0,0
referral,manufacturing,startup,5.59,0,0.0,14,0.261,0,1.85,33712558,3,0,0,0,0,1,0,0,0.0,2,2327527.0,0,0,1,0,0.0,0.0,0.0,0,0,999,lead,0,0
organic,finance,small,4.31,0,0.0769,24,0.479,2,3.75,378738947,0,0,0,0,0,1,0,0,0.0,0,0.0,0,0,0,0,0.0,0.0,0.0,0,0,999,lead,0,0
meta_ads,services,small,0.0,1,0.6154,5,0.878,8,3.7,420964873,2,1,0,0,0,1,1,0,1.0,3,2060299.0,3,0,1,0,0.0,0.0,0.0,1,0,42,customer,1,0
manual,technology,small,2.7,2,0.2333,23,0.432,7,3.68,129498178,2,0,0,0,0,2,1,0,0.5,0,0.0,0,0,2,0,0.0,0.0,0.0,0,0,999,prospect,0,0
meta_ads,technology,small,3.97,0,0.0,8,0.596,0,1.89,278887225,1,0,0,0,0,0,0,0,0.0,1,1560412.0,1,0,0,0,0.0,0.0,0.0,0,0,999,lead,0,0
manual,technology,medium,4.55,0,0.0,0,0.46,0,2.22,1655101735,1,0,0,1,0,2,0,2,0.0,1,2058442.0,0,0,0,0,0.0,0.0,0.0,0,0,999,lead,0,0
organic,manufacturing,medium,0.98,3,1.0,0,0.584,9,5.0,689345915,1,0,1,0,1,1,0,0,0.0,3,2125662.0,1,0,2,2,3646536.0,1414448.08,38.79,0,1,999,prospect,0,0
meta_ads,education,medium,9.28,0,0.2105,15,0.498,4,1.26,1743384260,1,0,0,0,0,0,0,0,0.0,0,0.0,0,0,0,0,0.0,0.0,0.0,0,0,999,lead,0,0
meta_ads,other,medium,2.87,1,0.75,4,0.477,12,3.24,1151519022,0,0,0,0,0,1,0,0,0.0,0,0.0,0,0,0,0,0.0,0.0,0.0,1,0,1,prospect,0,0
meta_ads,technology,small,4.12,2,0.0833,11,0.531,1,2.98,408594584,1,0,1,0,0,2,1,0,0.5,1,1502069.0,1,0,3,3,9326568.0,5884396.73,63.09,0,0,999,prospect,0,0
organic,finance,large,6.51,0,0.0093,106,0.481,1,3.39,6415127214,0,0,0,0,1,1,0,2,0.0,0,0.0,0,0,2,0,0.0,0.0,0.0,0,0,999,churned,0,1
organic,manufacturing,small,2.82,1,0.5455,5,0.436,6,2.2,367858834,3,0,1,0,0,0,0,1,0.0,1,697325.0,1,0,1,1,226630.0,136151.87,60.08,0,0,999,lead,0,0
meta_ads,manufacturing,large,6.47,3,0.7143,2,0.955,5,3.6,8580269303,3,0,0,0,0,0,0,0,0.0,0,0.0,0,0,3,2,7107908.0,4436754.13,62.42,0,0,999,customer,1,0
other,retail,medium,4.1,2,0.2778,13,0.365,5,3.17,777568591,1,0,1,0,0,1,0,0,0.0,1,2042606.0,1,0,2,0,0.0,0.0,0.0,0,0,999,prospect,0,0
organic,retail,enterprise,7.33,1,0.3333,8,0.258,4,2.42,86740893317,0,0,0,0,0,1,1,0,1.0,1,2290850.0,0,0,1,0,0.0,0.0,0.0,0,0,999,lead,0,0
referral,other,medium,10.78,1,0.1379,25,0.298,4,3.32,802222574,2,0,0,0,1,1,1,0,1.0,0,0.0,0,0,1,0,0.0,0.0,0.0,0,0,999,lead,0,0
other,retail,small,4.71,2,0.8,4,0.198,16,2.91,463836225,2,1,0,0,0,2,2,0,1.0,8,2704694.0,2,1,3,1,4024035.0,1640199.08,40.76,1,0,59,customer,1,0
manual,health,small,3.58,0,0.4,9,0.341,6,4.21,106260260,1,1,0,1,0,2,1,0,0.5,3,2629043.0,2,0,0,0,0.0,0.0,0.0,1,0,106,customer,1,0
organic,technology,startup,3.74,0,0.0851,43,0.374,4,2.4,59533418,0,0,0,0,0,3,1,1,0.333,0,0.0,0,0,2,0,0.0,0.0,0.0,0,0,999,lead,0,0
referral,retail,small,3.25,0,0.0541,35,0.087,2,3.38,459772594,1,0,0,0,0,1,0,0,0.0,0,0.0,0,0,0,0,0.0,0.0,0.0,0,0,999,lead,0,0
meta_ads,manufacturing,large,2.8,0,0.2105,15,0.352,4,3.38,5506758034,2,0,1,1,0,3,0,0,0.0,2,1240113.0,2,0,5,0,0.0,0.0,0.0,0,0,999,prospect,0,0
referral,education,medium,1.01,0,0.7692,3,0.661,10,4.09,1537748348,2,0,0,0,0,1,1,0,1.0,1,2464450.0,1,1,4,1,2181168.0,1152296.32,52.83,0,0,999,customer,1,0
other,health,medium,4.52,1,0.0303,32,0.0,1,3.5,666285919,1,0,0,0,0,0,0,0,0.0,2,2840148.0,1,0,1,1,1658882.0,921312.17,55.54,0,0,999,lead,0,0
organic,technology,small,5.64,2,0.7895,4,0.623,15,3.92,116059964,1,0,0,0,0,2,1,0,0.5,1,1243643.0,1,1,2,1,2225130.0,883137.25,39.69,0,0,999,prospect,0,0
referral,retail,startup,0.15,2,0.5,7,0.521,7,5.0,72608839,0,0,0,0,0,3,1,0,0.333,5,2489965.0,1,1,2,2,3005376.0,1590466.44,52.92,0,0,999,customer,1,0
meta_ads,education,small,0.49,4,0.7273,6,0.653,16,2.97,398189266,0,1,1,0,0,1,1,0,1.0,4,3377022.0,2,1,1,1,2606716.0,574328.85,22.03,0,1,999,customer,1,0
referral,other,startup,1.19,0,0.0,95,0.372,0,1.43,79756299,2,0,0,1,0,1,0,0,0.0,1,723578.0,1,0,3,0,0.0,0.0,0.0,0,1,999,churned,0,1
other,retail,startup,3.89,3,0.28,18,0.948,7,4.68,55335216,0,0,0,1,0,2,0,0,0.0,2,2528248.0,1,1,2,1,2984998.0,2012315.22,67.41,0,0,999,prospect,0,0
meta_ads,health,large,4.34,1,0.0488,39,0.337,2,2.69,5114658967,2,1,0,0,1,0,0,0,0.0,1,1089959.0,0,0,1,1,2486426.0,1498783.76,60.28,0,0,999,lead,0,0
meta_ads,services,startup,1.95,0,0.1,36,0.524,4,3.9,11906460,1,0,0,0,1,2,0,0,0.0,1,1148012.0,0,0,0,0,0.0,0.0,0.0,0,0,999,lead,0,0
referral,technology,startup,0.0,2,1.0,0,0.485,12,4.77,21729514,0,0,0,0,0,0,0,0,0.0,2,2290549.0,1,0,0,0,0.0,0.0,0.0,0,0,999,customer,1,0
referral,other,small,4.48,2,0.375,15,0.542,9,3.01,129390330,0,1,0,0,0,2,2,0,1.0,0,0.0,0,0,1,1,4383585.0,1212409.4,27.66,0,0,999,prospect,0,0
referral,health,medium,5.13,0,0.75,1,0.699,3,3.97,538704353,0,0,0,0,0,2,0,0,0.0,0,0.0,0,0,0,0,0.0,0.0,0.0,0,0,999,prospect,0,0
referral,retail,startup,5.05,0,0.1,45,0.225,5,1.0,43518979,2,0,0,0,0,0,0,0,0.0,2,1174203.0,0,0,1,0,0.0,0.0,0.0,0,0,999,churned,0,1
organic,retail,small,3.28,1,0.15,17,0.373,3,3.6,136675468,1,0,0,0,0,0,0,0,0.0,1,2919964.0,0,0,1,1,1841974.0,1098758.0,59.65,0,0,999,lead,0,0
manual,finance,small,8.45,2,0.0357,27,0.358,1,2.7,425060393,0,0,0,0,1,0,0,0,0.0,0,0.0,0,0,0,0,0.0,0.0,0.0,0,0,999,lead,0,0
meta_ads,services,medium,4.69,1,0.0159,62,0.04,1,1.95,1785119886,1,0,0,0,1,0,0,0,0.0,1,658033.0,0,0,2,1,2440932.0,718015.9,29.42,0,1,999,churned,0,1
organic,retail,startup,4.75,0,0.1154,23,0.169,3,1.0,14484792,2,0,1,0,1,2,0,0,0.0,2,1473797.0,1,0,1,0,0.0,0.0,0.0,0,0,999,lead,0,0
organic,services,enterprise,6.33,1,0.0227,43,0.393,1,4.42,28840072174,0,0,0,0,0,0,0,0,0.0,0,0.0,0,0,1,0,0.0,0.0,0.0,0,0,999,lead,0,0
organic,technology,startup,2.56,0,0.8571,1,0.511,6,2.42,26735281,0,0,1,0,0,2,2,0,1.0,2,2262833.0,1,0,0,0,0.0,0.0,0.0,1,0,45,prospect,0,0
referral,retail,medium,6.94,2,0.1905,17,0.66,4,4.07,992277968,1,0,1,0,0,3,2,0,0.667,3,1865802.0,2,0,1,1,2290217.0,524552.41,22.9,0,0,999,prospect,0,0
other,services,startup,8.24,0,0.1333,13,0.358,2,3.74,87391005,2,0,0,1,0,0,0,0,0.0,0,0.0,0,0,1,1,0.0,0.0,63.67,0,0,999,lead,0,0
meta_ads,services,small,7.25,0,0.1212,29,0.774,4,2.21,216139780,1,0,0,0,0,0,0,0,0.0,3,2073733.0,0,0,1,1,0.0,0.0,41.09,0,0,999,lead,0,0
manual,education,small,6.62,1,0.2069,23,0.278,6,3.58,235417407,2,0,0,1,0,1,0,0,0.0,0,0.0,0,0,0,0,0.0,0.0,0.0,0,0,999,lead,0,0
other,health,large,1.3,0,0.5,5,0.229,5,5.0,5860483686,0,0,0,0,0,2,2,0,1.0,3,3102960.0,2,0,1,1,2644392.0,1472308.8,55.68,0,0,999,prospect,0,0
referral,retail,large,1.44,1,1.0,0,0.818,9,4.12,3941125054,0,1,0,0,0,2,1,0,0.5,1,2239238.0,1,1,3,2,810442.0,228769.94,28.23,0,0,999,customer,1,0
referral,retail,enterprise,1.7,4,0.6875,5,0.956,11,2.22,18239630726,1,0,0,0,0,1,1,0,1.0,0,0.0,0,0,1,1,2699334.0,841957.98,31.19,1,0,37,customer,1,0
other,technology,startup,0.88,2,0.4667,8,0.434,7,5.0,36568174,2,0,1,0,0,2,1,0,0.5,2,2407592.0,2,0,3,1,2331028.0,1452539.48,62.31,0,0,999,prospect,0,0
meta_ads,finance,small,2.67,0,0.4762,11,0.724,10,3.04,466813036,1,0,0,0,0,1,1,0,1.0,1,2226496.0,1,0,0,0,0.0,0.0,0.0,0,0,999,prospect,0,0
meta_ads,other,enterprise,6.53,1,0.0714,52,0.473,4,3.43,85018878790,2,0,0,1,0,0,0,0,0.0,1,2284204.0,1,0,1,0,0.0,0.0,0.0,0,1,999,churned,0,1
meta_ads,health,large,0.99,2,0.3,7,0.24,3,3.32,9915546290,1,0,1,0,0,2,0,0,0.0,3,2818872.0,2,1,0,0,0.0,0.0,0.0,0,0,999,prospect,0,0
meta_ads,retail,medium,5.41,1,0.1143,31,0.423,4,3.09,1429446420,2,0,0,1,0,0,0,0,0.0,1,829364.0,0,0,0,0,0.0,0.0,0.0,1,0,148,lead,0,0
other,education,large,4.97,2,0.0909,20,0.0,2,2.6,8207450885,1,0,0,0,0,1,0,0,0.0,2,1770590.0,0,0,0,0,0.0,0.0,0.0,0,0,999,lead,0,0
organic,finance,large,1.52,1,0.2222,7,0.37,2,3.72,6337006512,1,0,1,0,0,0,0,0,0.0,3,3133295.0,2,1,1,0,0.0,0.0,0.0,0,1,999,customer,1,0
meta_ads,education,large,1.67,1,0.3333,26,0.268,13,4.19,6697161676,2,0,1,0,1,3,1,0,0.333,1,882768.0,1,0,1,1,574161.0,235799.9,41.07,0,0,999,prospect,0,0
meta_ads,manufacturing,startup,3.86,0,0.2667,11,0.506,4,3.85,41817207,1,0,0,0,0,1,1,0,1.0,3,2553206.0,1,0,2,1,2158801.0,783567.39,36.3,0,1,999,prospect,0,0
organic,finance,small,0.0,5,0.25,12,0.621,4,2.74,443376463,1,0,0,0,0,3,2,0,0.667,2,2260121.0,2,0,0,0,0.0,0.0,0.0,0,0,999,customer,1,0
other,services,large,9.33,0,0.0476,60,0.474,3,2.45,5595903504,2,0,0,1,1,0,0,0,0.0,0,0.0,0,0,1,0,0.0,0.0,0.0,0,1,999,churned,0,1
referral,services,medium,1.84,0,1.0,0,0.639,19,5.0,859009761,1,0,0,0,0,1,1,0,1.0,3,3198661.0,2,0,1,0,0.0,0.0,0.0,0,0,999,customer,1,0
referral,retail,enterprise,1.57,1,1.0,0,0.306,2,3.63,58368300484,0,0,0,0,1,0,0,0,0.0,0,0.0,0,0,0,0,0.0,0.0,0.0,0,0,999,lead,0,0
manual,other,large,5.13,0,0.2069,23,0.347,6,3.48,7625630119,1,1,0,0,0,0,0,0,0.0,0,0.0,0,0,0,0,0.0,0.0,0.0,0,0,999,lead,0,0
referral,education,large,4.83,1,0.2083,19,0.26,5,3.28,3641337684,2,0,1,0,0,0,0,0,0.0,2,1550522.0,2,0,0,0,0.0,0.0,0.0,0,0,999,prospect,0,0
meta_ads,health,small,1.1,2,0.1875,13,0.629,3,3.99,380592125,2,0,0,0,0,3,3,0,1.0,3,2210761.0,1,1,4,1,3038958.0,1760462.23,57.93,0,1,999,prospect,0,0
other,retail,small,2.4,3,0.3889,11,0.841,7,2.08,195522965,1,0,1,0,0,1,1,0,1.0,0,0.0,0,0,1,1,1148734.0,727086.12,63.29,0,0,999,prospect,0,0
other,other,medium,8.69,2,0.0588,32,0.541,2,2.5,1867856924,1,0,0,0,0,2,1,2,0.5,0,0.0,0,0,0,0,0.0,0.0,0.0,0,1,999,lead,0,0
referral,health,medium,2.22,1,0.6471,6,0.286,11,4.15,1580499865,1,1,0,0,0,0,0,0,0.0,1,2966576.0,1,1,1,1,1018189.0,582596.04,57.22,0,0,999,prospect,0,0
organic,retail,small,0.74,2,0.8125,3,0.586,13,4.75,489677794,2,0,0,0,0,0,0,0,0.0,2,1496704.0,1,1,0,0,0.0,0.0,0.0,1,0,97,customer,1,0
meta_ads,technology,medium,6.64,0,0.4,6,0.498,4,3.74,656258955,2,1,0,0,0,2,1,0,0.5,2,1694504.0,0,0,1,0,0.0,0.0,0.0,0,0,999,lead,0,0
meta_ads,finance,medium,6.9,2,0.0,35,0.0,0,4.02,597003289,0,0,0,0,0,0,0,0,0.0,2,1926545.0,1,0,0,0,0.0,0.0,0.0,0,0,999,lead,0,0
referral,health,medium,4.39,0,0.3077,9,0.256,4,2.0,1371862317,1,0,0,1,0,1,1,0,1.0,0,0.0,0,0,1,1,2198539.0,741474.46,33.73,1,0,10,lead,0,0
referral,education,large,2.99,4,1.0,0,0.819,14,4.27,6596916372,1,1,0,0,0,2,1,0,0.5,2,2932340.0,1,0,3,2,2257930.0,1290726.0,57.16,1,0,59,customer,1,0
referral,finance,large,4.53,2,0.2083,19,0.565,5,2.96,7810231424,2,0,0,0,0,1,0,0,0.0,2,1142962.0,0,1,0,0,0.0,0.0,0.0,0,0,999,lead,0,0
manual,services,small,11.84,0,0.0222,44,0.218,1,3.64,344460198,2,0,0,1,0,1,0,0,0.0,0,0.0,0,0,0,0,0.0,0.0,0.0,0,1,999,churned,0,1
meta_ads,technology,medium,0.17,1,0.0455,42,0.205,2,3.28,1481503269,1,0,0,0,0,1,0,0,0.0,2,2081539.0,0,0,0,0,0.0,0.0,0.0,0,0,999,lead,0,0
organic,services,small,3.25,4,1.0,0,0.614,4,3.77,203915422,2,0,0,0,0,2,1,0,0.5,3,3024518.0,3,0,2,1,119480.0,38234.04,32.0,1,0,162,customer,1,0
organic,education,enterprise,3.68,1,1.0,0,0.463,10,4.16,20715483735,1,0,0,0,0,0,0,0,0.0,5,1778424.0,1,1,1,0,0.0,0.0,0.0,0,0,999,customer,1,0
meta_ads,education,large,3.29,2,0.381,13,0.365,8,4.02,8497950753,2,1,0,0,0,3,1,0,0.333,0,0.0,0,0,3,1,1739286.0,1017984.12,58.53,1,0,2,prospect,0,0
